
medbox.elf:     file format elf32-littleriscv
medbox.elf
architecture: riscv:rv32, flags 0x00000112:
EXEC_P, HAS_SYMS, D_PAGED
start address 0x00000000

Program Header:
    LOAD off    0x00001000 vaddr 0x00000000 paddr 0x00000000 align 2**12
         filesz 0x00009ee4 memsz 0x00009ee4 flags r-x
    LOAD off    0x0000b000 vaddr 0x20000000 paddr 0x00009ee4 align 2**12
         filesz 0x000000b0 memsz 0x000003dc flags rw-
    LOAD off    0x0000b800 vaddr 0x20007800 paddr 0x20007800 align 2**12
         filesz 0x00000000 memsz 0x00000800 flags rw-

Sections:
Idx Name          Size      VMA       LMA       File off  Algn
  0 .init         00000004  00000000  00000000  00001000  2**1
                  CONTENTS, ALLOC, LOAD, READONLY, CODE
  1 .vector       000001bc  00000004  00000004  00001004  2**1
                  CONTENTS, ALLOC, LOAD, READONLY, CODE
  2 .text         00009d24  000001c0  000001c0  000011c0  2**3
                  CONTENTS, ALLOC, LOAD, READONLY, CODE
  3 .fini         00000000  00009ee4  00009ee4  0000b0b0  2**0
                  CONTENTS, ALLOC, LOAD, CODE
  4 .dalign       00000000  20000000  20000000  0000b0b0  2**0
                  CONTENTS
  5 .dlalign      00000000  00009ee4  00009ee4  0000b0b0  2**0
                  CONTENTS
  6 .data         000000b0  20000000  00009ee4  0000b000  2**2
                  CONTENTS, ALLOC, LOAD, DATA
  7 .bss          0000032c  200000b0  00009f94  0000b0b0  2**2
                  ALLOC
  8 .stack        00000800  20007800  20007800  0000b800  2**0
                  ALLOC
  9 .debug_info   00017838  00000000  00000000  0000b0b0  2**0
                  CONTENTS, READONLY, DEBUGGING
 10 .debug_abbrev 00003bfe  00000000  00000000  000228e8  2**0
                  CONTENTS, READONLY, DEBUGGING
 11 .debug_aranges 000009b0  00000000  00000000  000264e8  2**3
                  CONTENTS, READONLY, DEBUGGING
 12 .debug_ranges 00000bb0  00000000  00000000  00026e98  2**3
                  CONTENTS, READONLY, DEBUGGING
 13 .debug_line   00010706  00000000  00000000  00027a48  2**0
                  CONTENTS, READONLY, DEBUGGING
 14 .debug_str    00002e8c  00000000  00000000  0003814e  2**0
                  CONTENTS, READONLY, DEBUGGING
 15 .comment      00000033  00000000  00000000  0003afda  2**0
                  CONTENTS, READONLY
 16 .debug_frame  00002a98  00000000  00000000  0003b010  2**2
                  CONTENTS, READONLY, DEBUGGING
 17 .debug_loc    00005bec  00000000  00000000  0003daa8  2**0
                  CONTENTS, READONLY, DEBUGGING
 18 .stab         00000084  00000000  00000000  00043694  2**2
                  CONTENTS, READONLY, DEBUGGING
 19 .stabstr      00000117  00000000  00000000  00043718  2**0
                  CONTENTS, READONLY, DEBUGGING
SYMBOL TABLE:
00000000 l    d  .init	00000000 .init
00000004 l    d  .vector	00000000 .vector
000001c0 l    d  .text	00000000 .text
00009ee4 l    d  .fini	00000000 .fini
20000000 l    d  .dalign	00000000 .dalign
00009ee4 l    d  .dlalign	00000000 .dlalign
20000000 l    d  .data	00000000 .data
200000b0 l    d  .bss	00000000 .bss
20007800 l    d  .stack	00000000 .stack
00000000 l    d  .debug_info	00000000 .debug_info
00000000 l    d  .debug_abbrev	00000000 .debug_abbrev
00000000 l    d  .debug_aranges	00000000 .debug_aranges
00000000 l    d  .debug_ranges	00000000 .debug_ranges
00000000 l    d  .debug_line	00000000 .debug_line
00000000 l    d  .debug_str	00000000 .debug_str
00000000 l    d  .comment	00000000 .comment
00000000 l    d  .debug_frame	00000000 .debug_frame
00000000 l    d  .debug_loc	00000000 .debug_loc
00000000 l    d  .stab	00000000 .stab
00000000 l    d  .stabstr	00000000 .stabstr
00000000 l    df *ABS*	00000000 ./Startup/startup_ch32v30x_D8C.o
00000004 l       .vector	00000000 _vector_base
00000000 l    df *ABS*	00000000 ch32v30x_it.c
00000000 l    df *ABS*	00000000 main.c
200000b0 l     O .bss	00000004 msg_id.6154
200000b4 l     O .bss	00000002 wifi_tick.6150
00000000 l    df *ABS*	00000000 medbox_schedule.c
200000b8 l     O .bss	00000001 btn_state.5516
200000ba l     O .bss	00000002 btn_ticks.5517
00000000 l    df *ABS*	00000000 medbox_ui.c
00000000 l    df *ABS*	00000000 system_ch32v30x.c
00000000 l    df *ABS*	00000000 ch32v30x_gpio.c
00000000 l    df *ABS*	00000000 ch32v30x_i2c.c
00000000 l    df *ABS*	00000000 ch32v30x_misc.c
00000000 l    df *ABS*	00000000 ch32v30x_rcc.c
20000020 l     O .data	00000010 APBAHBPrescTable
20000094 l     O .data	00000004 ADCPrescTable
00000000 l    df *ABS*	00000000 ch32v30x_spi.c
00000000 l    df *ABS*	00000000 ch32v30x_usart.c
00000000 l    df *ABS*	00000000 spi.c
00000000 l    df *ABS*	00000000 sgp30.c
000017ac l     F .text	000000be sgp30_write_cmd
0000186a l     F .text	00000134 sgp30_cmd_read
00000000 l    df *ABS*	00000000 lcd.c
00000000 l    df *ABS*	00000000 gui.c
00000000 l    df *ABS*	00000000 esp8266.c
000026fe l     F .text	00000034 mqtt_encode_remlen
00002732 l     F .text	00000032 esp_send
00002764 l     F .text	00000056 esp_at_cmd
000027ba l     F .text	00000094 esp_tcp_open
0000284e l     F .text	0000009c mqtt_dump_connack
000028ea l     F .text	00000142 esp_tcp_send
200001c0 l     O .bss	00000200 esp_rx_buf
200000da l     O .bss	00000002 esp_rx_len
200000dc l     O .bss	00000001 mqtt_persistent
00000000 l    df *ABS*	00000000 dht11.c
00002ec2 l     F .text	0000002c dq_out
00002eee l     F .text	00000040 dht_wait
200003c0 l     O .bss	0000000c g
00000000 l    df *ABS*	00000000 bh1750.c
000030c8 l     F .text	0000000e i2c_delay
000030d6 l     F .text	00000028 sda_out
000030fe l     F .text	00000040 i2c_start
0000313e l     F .text	00000036 i2c_stop
00003174 l     F .text	000000ac i2c_read_byte
00003220 l     F .text	0000009c i2c_write_byte
200003cc l     O .bss	0000000c g
00000000 l    df *ABS*	00000000 debug.c
200000de l     O .bss	00000002 p_ms
200000e0 l     O .bss	00000001 p_us
2000009c l     O .data	00000004 curbrk.5273
00000000 l    df *ABS*	00000000 w_exp.c
00000000 l    df *ABS*	00000000 e_exp.c
00009bd8 l     O .text	00000010 halF
00009be8 l     O .text	00000010 ln2HI
00009bf8 l     O .text	00000010 ln2LO
00000000 l    df *ABS*	00000000 s_finite.c
00000000 l    df *ABS*	00000000 s_matherr.c
00000000 l    df *ABS*	00000000 adddf3.c
00000000 l    df *ABS*	00000000 divdf3.c
00000000 l    df *ABS*	00000000 gedf2.c
00000000 l    df *ABS*	00000000 ledf2.c
00000000 l    df *ABS*	00000000 muldf3.c
00000000 l    df *ABS*	00000000 subdf3.c
00000000 l    df *ABS*	00000000 fixdfsi.c
00000000 l    df *ABS*	00000000 floatsidf.c
00000000 l    df *ABS*	00000000 addsf3.c
00000000 l    df *ABS*	00000000 divsf3.c
00000000 l    df *ABS*	00000000 gesf2.c
00000000 l    df *ABS*	00000000 mulsf3.c
00000000 l    df *ABS*	00000000 fixsfsi.c
00000000 l    df *ABS*	00000000 floatunsisf.c
00000000 l    df *ABS*	00000000 extendsfdf2.c
00000000 l    df *ABS*	00000000 libgcc2.c
00000000 l    df *ABS*	00000000 errno.c
00000000 l    df *ABS*	00000000 memchr.c
00000000 l    df *ABS*	00000000 memcpy.c
00000000 l    df *ABS*	00000000 printf.c
00000000 l    df *ABS*	00000000 putchar.c
00000000 l    df *ABS*	00000000 puts.c
00000000 l    df *ABS*	00000000 sprintf.c
00000000 l    df *ABS*	00000000 strcpy.c
00000000 l    df *ABS*	00000000 strlen.c
00000000 l    df *ABS*	00000000 strncpy.c
00000000 l    df *ABS*	00000000 strstr.c
00000000 l    df *ABS*	00000000 wbuf.c
00000000 l    df *ABS*	00000000 wsetup.c
00000000 l    df *ABS*	00000000 fflush.c
00000000 l    df *ABS*	00000000 findfp.c
0000666e l     F .text	00000066 std
00000000 l    df *ABS*	00000000 fwalk.c
00000000 l    df *ABS*	00000000 makebuf.c
00000000 l    df *ABS*	00000000 nano-mallocr.c
00000000 l    df *ABS*	00000000 nano-mallocr.c
00000000 l    df *ABS*	00000000 nano-vfprintf.c
00000000 l    df *ABS*	00000000 nano-vfprintf.c
00006e54 l     F .text	00000028 __sfputc_r
00000000 l    df *ABS*	00000000 nano-vfprintf_i.c
00000000 l    df *ABS*	00000000 putc.c
00000000 l    df *ABS*	00000000 sbrkr.c
00000000 l    df *ABS*	00000000 stdio.c
00000000 l    df *ABS*	00000000 writer.c
00000000 l    df *ABS*	00000000 closer.c
00000000 l    df *ABS*	00000000 fstatr.c
00000000 l    df *ABS*	00000000 isattyr.c
00000000 l    df *ABS*	00000000 lseekr.c
00000000 l    df *ABS*	00000000 memmove.c
00000000 l    df *ABS*	00000000 mlock.c
00000000 l    df *ABS*	00000000 nano-mallocr.c
00000000 l    df *ABS*	00000000 readr.c
00000000 l    df *ABS*	00000000 nano-mallocr.c
00000000 l    df *ABS*	00000000 close.c
00000000 l    df *ABS*	00000000 fstat.c
00000000 l    df *ABS*	00000000 isatty.c
00000000 l    df *ABS*	00000000 lseek.c
00000000 l    df *ABS*	00000000 read.c
00000000 l    df *ABS*	00000000 libgcc2.c
00000000 l    df *ABS*	00000000 impure.c
20000030 l     O .data	00000060 impure_data
00000000 l    df *ABS*	00000000 s_lib_ver.c
00000000 l    df *ABS*	00000000 reent.c
000077f6 g     F .text	00000014 _malloc_usable_size_r
0000101c  w      .text	00000000 EXTI2_IRQHandler
00006156 g     F .text	0000002a putchar
0000101c  w      .text	00000000 TIM8_TRG_COM_IRQHandler
0000101c  w      .text	00000000 TIM8_CC_IRQHandler
00002f2e g     F .text	00000026 DHT11_Init
000076d4 g     F .text	00000028 _isatty_r
0000218c g     F .text	00000136 LCD_ShowChar
00001d74 g     F .text	00000010 LCD_DrawPoint
000062a6 g     F .text	00000010 strcpy
00006180 g     F .text	000000d4 _puts_r
000076fc g     F .text	0000002c _lseek_r
0000092c g     F .text	0000007e Button_Poll
0000101c  w      .text	00000000 UART8_IRQHandler
20000098 g     O .data	00000002 BACK_COLOR
00000a4a g     F .text	000001f2 UI_UpdateSensors
200000d0 g     O .bss	00000002 display_tvoc
200000c0 g     O .bss	00000001 schedule_count
00006116 g     F .text	00000040 printf
20000890 g       .data	00000000 __global_pointer$
000001c8 g     F .text	00000028 .hidden __riscv_save_8
0000101c  w      .text	00000000 TIM1_CC_IRQHandler
000012e2 g     F .text	00000008 I2C_ReceiveData
0000761e g     F .text	00000030 __sseek
00006724 g     F .text	0000006c __sinit
000015b0 g     F .text	00000004 SPI_I2S_SendData
00006320 g     F .text	000000bc __swbuf_r
000002ca g     F .text	00000010 HardFault_Handler
000066de g     F .text	00000046 __sfmoreglue
00007770 g     F .text	00000002 __malloc_unlock
00001a22 g     F .text	0000009a SGP30_Probe
00000214 g     F .text	0000000c .hidden __riscv_restore_3
0000101c  w      .text	00000000 TIM6_IRQHandler
00005836 g     F .text	000002ae .hidden __divsf3
0000101c  w      .text	00000000 SysTick_Handler
0000134a g     F .text	0000005c NVIC_Init
0000101c  w      .text	00000000 PVD_IRQHandler
0000101c  w      .text	00000000 SDIO_IRQHandler
00000c3c g     F .text	000001b8 UI_DrawAll
00007728 g     F .text	00000046 memmove
0000101c  w      .text	00000000 TIM9_BRK_IRQHandler
00000200 g     F .text	00000020 .hidden __riscv_restore_10
0000172a g     F .text	00000082 SPI2_Init
000015b4 g     F .text	00000004 SPI_I2S_ReceiveData
0000101c  w      .text	00000000 DMA2_Channel8_IRQHandler
000002c8 g     F .text	00000002 NMI_Handler
00005dfa g     F .text	00000062 .hidden __fixsfsi
0000101c  w      .text	00000000 CAN2_RX1_IRQHandler
0000101c  w      .text	00000000 EXTI3_IRQHandler
000001c8 g     F .text	00000028 .hidden __riscv_save_11
00007d4c g     O .text	00000474 asc2_1206
00004698 g     F .text	000000ae .hidden __gtdf2
00006044 g     F .text	00000008 __errno
0000101c  w      .text	00000000 USBHS_IRQHandler
00001cf2 g     F .text	00000074 LCD_Clear
000016ba g     F .text	0000000a USART_GetFlagStatus
0000101c  w      .text	00000000 DMA2_Channel9_IRQHandler
000076aa g     F .text	0000002a _fstat_r
0000101c  w      .text	00000000 TIM10_CC_IRQHandler
200003d8 g     O .bss	00000004 errno
200000b0 g       .bss	00000000 _sbss
00000800 g       *ABS*	00000000 __stack_size
00001b42 g     F .text	00000042 LCD_WR_REG
000033fe g     F .text	0000005a USART_Printf_Init
200001a0 g     O .bss	00000010 sgp30
200000d8 g     O .bss	00000002 POINT_COLOR
00002abc g     F .text	000000b8 ESP8266_Init
0000101c  w      .text	00000000 USBFS_IRQHandler
00000214 g     F .text	0000000c .hidden __riscv_restore_2
000008ac g     F .text	0000004e MedSchedule_CheckAlarm
200000ec g     O .bss	0000000c current_time
00006064 g     F .text	000000b2 memcpy
200000c2 g     O .bss	00000002 display_co2
000066d4 g     F .text	0000000a _cleanup_r
00006bea g     F .text	0000026a _svfprintf_r
0000545a g     F .text	00000072 .hidden __floatsidf
00004746 g     F .text	000000b6 .hidden __ltdf2
00001bde g     F .text	0000000e LCD_WriteRAM_Prepare
0000101c  w      .text	00000000 EXTI0_IRQHandler
0000101c  w      .text	00000000 I2C2_EV_IRQHandler
0000101c  w      .text	00000000 TIM10_TRG_COM_IRQHandler
00006254 g     F .text	0000000c puts
20000090 g     O .data	00000004 SystemCoreClock
000016b2 g     F .text	00000008 USART_ReceiveData
00002110 g     F .text	0000007c LCD_DrawLine
00002404 g     F .text	000000e0 GUI_DrawFont24
00007816 g     F .text	0000000c _fstat
00000004 g       .init	00000000 _einit
0000151c g     F .text	0000001e RCC_APB2PeriphClockCmd
000001c0 g     F .text	00000030 .hidden __riscv_save_12
0000101c  w      .text	00000000 CAN2_SCE_IRQHandler
000024e4 g     F .text	00000104 GUI_DrawFont32
0000101c  w      .text	00000000 ADC1_2_IRQHandler
000010a8 g     F .text	000000c0 GPIO_Init
0000199e g     F .text	00000084 SGP30_Init
0000101c  w      .text	00000000 Break_Point_Handler
00000200 g     F .text	00000020 .hidden __riscv_restore_11
200000d4 g     O .bss	00000004 NVIC_Priority_Group
0000101c  w      .text	00000000 SPI1_IRQHandler
0000165e g     F .text	00000016 USART_Cmd
00007580 g     F .text	0000002a _sbrk_r
000001f0 g     F .text	0000000c .hidden __riscv_save_1
0000101c  w      .text	00000000 TAMPER_IRQHandler
00000214 g     F .text	0000000c .hidden __riscv_restore_0
000077ca g     F .text	0000002c _read_r
000001d6 g     F .text	0000001a .hidden __riscv_save_7
0000101c  w      .text	00000000 CAN2_RX0_IRQHandler
00002c00 g     F .text	00000078 ESP8266_GetIP
00005f2a g     F .text	000000ac .hidden __extendsfdf2
0000101c  w      .text	00000000 TIM8_UP_IRQHandler
0000153a g     F .text	0000001e RCC_APB1PeriphClockCmd
000039b4 g     F .text	00000730 .hidden __adddf3
0000101c  w      .text	00000000 Ecall_M_Mode_Handler
20007800 g       .stack	00000000 _heap_end
00007822 g     F .text	0000000c _isatty
200000a0 g     O .data	00000004 __fdlib_version
200000a8 g     O .data	00000004 _global_impure_ptr
0000020a g     F .text	00000016 .hidden __riscv_restore_5
000087b0 g     O .text	00000d04 tfont16
00007772 g     F .text	00000058 _realloc_r
000035c0 g     F .text	000003e2 __ieee754_exp
200000f8 g     O .bss	000000a8 schedule
000015b8 g     F .text	0000000a SPI_I2S_GetFlagStatus
0000101c  w      .text	00000000 DMA2_Channel2_IRQHandler
0000101c  w      .text	00000000 DMA1_Channel4_IRQHandler
200000d2 g     O .bss	00000001 sensor_ok
00001c74 g     F .text	00000030 LCD_RESET
000012de g     F .text	00000004 I2C_SendData
00000760 g     F .text	0000001c MedTime_Init
00003496 g     F .text	00000026 _sbrk
00002b94 g     F .text	0000006c ESP8266_ConnectWiFi
200000bc g     O .bss	00000004 pill_count
00002b74 g     F .text	00000020 ESP8266_ATTest
200000cc g     O .bss	00000004 display_temp
0000117a g     F .text	000000fe I2C_Init
0000101c  w      .text	00000000 TIM9_UP_IRQHandler
0000020a g     F .text	00000016 .hidden __riscv_restore_6
0000101c  w      .text	00000000 USART3_IRQHandler
0000101c  w      .text	00000000 RTC_IRQHandler
200003dc g       .bss	00000000 _ebss
000016c4 g     F .text	0000003c USART_GetITStatus
200000c8 g     O .bss	00000004 display_lux
0000101c  w      .text	00000000 DMA1_Channel7_IRQHandler
0000101c  w      .text	00000000 CAN1_RX1_IRQHandler
000053f2 g     F .text	00000068 .hidden __fixdfsi
0000339e g     F .text	0000002a Delay_Init
0000101c  w      .text	00000000 DVP_IRQHandler
0000101c  w      .text	00000000 UART5_IRQHandler
00001b84 g     F .text	00000042 LCD_WR_DATA
000074fc g     F .text	00000084 _putc_r
00005ae4 g     F .text	00000086 .hidden __gtsf2
00001172 g     F .text	00000004 GPIO_SetBits
0000101c  w      .text	00000000 TIM4_IRQHandler
00004746 g     F .text	000000b6 .hidden __ledf2
000001c8 g     F .text	00000028 .hidden __riscv_save_9
0000101c  w      .text	00000000 DMA2_Channel1_IRQHandler
0000077c g     F .text	0000008a MedTime_Update
00001290 g     F .text	0000001a I2C_GenerateSTART
00009e48 g     O .text	00000020 __sf_fake_stderr
000001d6 g     F .text	0000001a .hidden __riscv_save_4
0000101c  w      .text	00000000 I2C1_EV_IRQHandler
00006b06 g     F .text	000000e4 __ssputs_r
000013a6 g     F .text	00000176 RCC_GetClocksFreq
0000101c  w      .text	00000000 DMA1_Channel6_IRQHandler
00005fd6 g     F .text	0000006e .hidden __clzsi2
00006e7c g     F .text	00000042 __sfputs_r
0000101c  w      .text	00000000 UART4_IRQHandler
0000101c  w      .text	00000000 DMA2_Channel4_IRQHandler
0000604c g     F .text	00000018 memchr
000015c2 g     F .text	0000009c USART_Init
00006984 g     F .text	000000a8 _free_r
0000101c  w      .text	00000000 TIM3_IRQHandler
0000101c  w      .text	00000000 RCC_IRQHandler
000001f0 g     F .text	0000000c .hidden __riscv_save_3
00001d66 g     F .text	0000000e LCD_SetCursor
0000101c  w      .text	00000000 TIM1_TRG_COM_IRQHandler
0000101c  w      .text	00000000 DMA1_Channel1_IRQHandler
00002f54 g     F .text	00000174 DHT11_Read
00000000 g       .init	00000000 _start
0000101c  w      .text	00000000 DMA2_Channel7_IRQHandler
20000010 g     O .data	00000010 AHBPrescTable
000062ec g     F .text	00000034 strstr
00001312 g     F .text	00000032 I2C_GetFlagStatus
0000782e g     F .text	0000000c _lseek
0000101c  w      .text	00000000 EXTI15_10_IRQHandler
00001674 g     F .text	00000036 USART_ITConfig
200000d3 g     O .bss	00000001 wifi_connected
000062c8 g     F .text	00000024 strncpy
00001278 g     F .text	00000018 I2C_Cmd
00001176 g     F .text	00000004 GPIO_ResetBits
200000b7 g     O .bss	00000001 alarm_slot_index
0000101c  w      .text	00000000 TIM7_IRQHandler
00007682 g     F .text	00000028 _close_r
0000101c  w      .text	00000000 CAN2_TX_IRQHandler
20000000 g       .dalign	00000000 _data_vma
0000101c  w      .text	00000000 TIM5_IRQHandler
000063dc g     F .text	000000fc __swsetup_r
0000101c  w      .text	00000000 EXTI9_5_IRQHandler
000040e4 g     F .text	000005b4 .hidden __divdf3
00006790 g     F .text	000000a0 __sfp
000047fc g     F .text	000004b8 .hidden __muldf3
000001c8 g     F .text	00000028 .hidden __riscv_save_10
00003346 g     F .text	00000058 BH1750_Read
000075aa g     F .text	0000002c __sread
000012ea g     F .text	00000012 I2C_Send7bitAddress
0000101c  w      .text	00000000 ETH_WKUP_IRQHandler
0000776e g     F .text	00000002 __malloc_lock
0000020a g     F .text	00000016 .hidden __riscv_restore_4
00000200 g     F .text	00000020 .hidden __riscv_restore_8
00006608 g     F .text	00000066 _fflush_r
000001d6 g     F .text	0000001a .hidden __riscv_save_6
0000101c  w      .text	00000000 SPI2_IRQHandler
00009e68 g     O .text	00000020 __sf_fake_stdin
00001df8 g     F .text	000002b2 LCD_Init
00000220 g     F .text	000000a8 memset
00000200 g     F .text	00000020 .hidden __riscv_restore_9
0000020a g     F .text	00000016 .hidden __riscv_restore_7
000002da g     F .text	00000486 main
000081c0 g     O .text	000005f0 asc2_1608
0000101c  w      .text	00000000 TIM10_BRK_IRQHandler
0000101c  w      .text	00000000 TIM9_CC_IRQHandler
0000764e g     F .text	00000006 __sclose
000039b0 g     F .text	00000004 matherr
0000101c  w      .text	00000000 DMA2_Channel5_IRQHandler
00001bec g     F .text	00000050 Lcd_WriteData_16Bit
00006a2c g     F .text	000000da _malloc_r
0000101c  w      .text	00000000 DMA1_Channel5_IRQHandler
000034bc g     F .text	00000104 exp
00002c78 g     F .text	00000198 ESP8266_OneNET_Connect
0000101c  w      .text	00000000 EXTI4_IRQHandler
000033c8 g     F .text	00000036 Delay_Ms
0000101c  w      .text	00000000 USB_LP_CAN1_RX0_IRQHandler
00005b6a g     F .text	00000290 .hidden __mulsf3
000039a2 g     F .text	0000000e finite
00001596 g     F .text	0000001a SPI_Cmd
00000df4 g     F .text	000000fa SystemInit
0000101c  w      .text	00000000 RNG_IRQHandler
000020aa g     F .text	00000066 LCD_Fill
00002e10 g     F .text	000000b2 ESP8266_OneNET_Publish
00006116 g     F .text	00000040 iprintf
00001700 g     F .text	0000002a SPI_WriteByte
00001afc g     F .text	00000046 SGP30_SetHumidity
0000101c  w      .text	00000000 USB_HP_CAN1_TX_IRQHandler
000008fa g     F .text	00000032 Button_Init
00006260 g     F .text	00000046 sprintf
00009d48 g     O .text	00000100 .hidden __clz_tab
00000000 g       .init	00000000 _sinit
200001b0 g     O .bss	0000000e lcddev
00005ae4 g     F .text	00000086 .hidden __gesf2
00007654 g     F .text	0000002e _write_r
0000101c  w      .text	00000000 DMA1_Channel3_IRQHandler
00001bc6 g     F .text	00000018 LCD_WriteReg
000032bc g     F .text	0000008a BH1750_Init
0000101c  w      .text	00000000 ETH_IRQHandler
0000714c g     F .text	0000010c _printf_common
200000a4 g     O .data	00000004 _impure_ptr
0000101c  w      .text	00000000 TIM1_UP_IRQHandler
000064d8 g     F .text	00000130 __sflush_r
00006bea g     F .text	0000026a _svfiprintf_r
0000101c  w      .text	00000000 WWDG_IRQHandler
0000101c  w      .text	00000000 USBHSWakeup_IRQHandler
0000101c  w      .text	00000000 DMA2_Channel11_IRQHandler
0000101c  w      .text	00000000 Ecall_U_Mode_Handler
0000101c  w      .text	00000000 DMA2_Channel6_IRQHandler
0000231c g     F .text	000000e8 GUI_DrawFont16
0000101c  w      .text	00000000 TIM2_IRQHandler
20008000 g       .stack	00000000 _eusrstack
000001f0 g     F .text	0000000c .hidden __riscv_save_2
0000101c  w      .text	00000000 SW_Handler
20000000 g     O .data	00000010 wifi_ip
0000101c  w      .text	00000000 TIM1_BRK_IRQHandler
0000689a g     F .text	00000058 __swhatbuf_r
000016aa g     F .text	00000008 USART_SendData
0000101c  w      .text	00000000 DMA2_Channel10_IRQHandler
0000101c  w      .text	00000000 EXTI1_IRQHandler
000025e8 g     F .text	00000116 Show_Str
000001d6 g     F .text	0000001a .hidden __riscv_save_5
00003458 g     F .text	0000003e _write
200000b0 g       .data	00000000 _edata
200003dc g       .bss	00000000 _end
0000101c  w      .text	00000000 RTCAlarm_IRQHandler
00001ca4 g     F .text	0000004e LCD_SetWindows
00001abc g     F .text	00000040 SGP30_Measure
00009ee4 g       .dlalign	00000000 _data_lma
0000101c  w      .text	00000000 TIM10_UP_IRQHandler
0000101c  w      .text	00000000 TIM9_TRG_COM_IRQHandler
0000101c  w      .text	00000000 UART7_IRQHandler
00002a2c g     F .text	00000090 USART2_IRQHandler
0000101c  w      .text	00000000 UART6_IRQHandler
000075d6 g     F .text	00000048 __swrite
00000806 g     F .text	000000a6 MedSchedule_Init
00006ebe g     F .text	0000028e _vfiprintf_r
00006830 g     F .text	0000006a _fwalk_reent
00000eee g     F .text	0000012e SystemCoreClockUpdate
00005e5c g     F .text	000000ce .hidden __floatunsisf
200000c4 g     O .bss	00000004 display_humi
0000101c  w      .text	00000000 I2C2_ER_IRQHandler
0000101c  w      .text	00000000 DMA1_Channel2_IRQHandler
000096bc g     O .text	00000208 tfont32
00009e88 g     O .text	00000020 __sf_fake_stdout
00006260 g     F .text	00000046 siprintf
000001fc g     F .text	00000024 .hidden __riscv_restore_12
0000101c  w      .text	00000000 TIM8_BRK_IRQHandler
0000783a g     F .text	0000000c _read
0000101e  w      .text	00000000 handle_reset
0000101c  w      .text	00000000 CAN1_SCE_IRQHandler
0000101c  w      .text	00000000 FLASH_IRQHandler
000001f0 g     F .text	0000000c .hidden __riscv_save_0
000022c2 g     F .text	0000005a LCD_ShowString
0000101c  w      .text	00000000 USART1_IRQHandler
000068f2 g     F .text	00000092 __smakebuf_r
000012c4 g     F .text	0000001a I2C_AcknowledgeConfig
000062b6 g     F .text	00000012 strlen
00007258 g     F .text	000002a4 _printf_i
0000101c  w      .text	00000000 SPI3_IRQHandler
00004698 g     F .text	000000ae .hidden __gedf2
200000e8 g     O .bss	00000004 __malloc_sbrk_start
000009aa g     F .text	000000a0 UI_UpdateClock
000012fc g     F .text	00000016 I2C_CheckEvent
000012aa g     F .text	0000001a I2C_GenerateSTOP
00001d84 g     F .text	00000074 LCD_direction
0000101c  w      .text	00000000 I2C1_ER_IRQHandler
200000b6 g     O .bss	00000001 alarm_active
00001558 g     F .text	0000003e SPI_Init
00001344 g     F .text	00000006 NVIC_PriorityGroupConfig
200000e4 g     O .bss	00000004 __malloc_free_list
00000214 g     F .text	0000000c .hidden __riscv_restore_1
00004cb4 g     F .text	0000073e .hidden __subdf3
00006ebe g     F .text	0000028e _vfprintf_r
000094b4 g     O .text	00000206 tfont24
00001168 g     F .text	0000000a GPIO_ReadInputDataBit
000054cc g     F .text	0000036a .hidden __addsf3
00001c3c g     F .text	00000038 LCD_GPIOInit
0000101c  w      .text	00000000 USBWakeUp_IRQHandler
0000780a g     F .text	0000000c _close
0000101c  w      .text	00000000 DMA2_Channel3_IRQHandler



Disassembly of section .init:

00000000 <_sinit>:
   0:	01e0106f          	j	101e <handle_reset>

Disassembly of section .vector:

00000004 <_vector_base>:
	...
   c:	02c8                	addi	a0,sp,324
   e:	0000                	unimp
  10:	02ca                	slli	t0,t0,0x12
  12:	0000                	unimp
  14:	0000                	unimp
  16:	0000                	unimp
  18:	101c                	addi	a5,sp,32
	...
  22:	0000                	unimp
  24:	101c                	addi	a5,sp,32
  26:	0000                	unimp
  28:	101c                	addi	a5,sp,32
	...
  32:	0000                	unimp
  34:	101c                	addi	a5,sp,32
  36:	0000                	unimp
  38:	0000                	unimp
  3a:	0000                	unimp
  3c:	101c                	addi	a5,sp,32
  3e:	0000                	unimp
  40:	0000                	unimp
  42:	0000                	unimp
  44:	101c                	addi	a5,sp,32
  46:	0000                	unimp
  48:	101c                	addi	a5,sp,32
  4a:	0000                	unimp
  4c:	101c                	addi	a5,sp,32
  4e:	0000                	unimp
  50:	101c                	addi	a5,sp,32
  52:	0000                	unimp
  54:	101c                	addi	a5,sp,32
  56:	0000                	unimp
  58:	101c                	addi	a5,sp,32
  5a:	0000                	unimp
  5c:	101c                	addi	a5,sp,32
  5e:	0000                	unimp
  60:	101c                	addi	a5,sp,32
  62:	0000                	unimp
  64:	101c                	addi	a5,sp,32
  66:	0000                	unimp
  68:	101c                	addi	a5,sp,32
  6a:	0000                	unimp
  6c:	101c                	addi	a5,sp,32
  6e:	0000                	unimp
  70:	101c                	addi	a5,sp,32
  72:	0000                	unimp
  74:	101c                	addi	a5,sp,32
  76:	0000                	unimp
  78:	101c                	addi	a5,sp,32
  7a:	0000                	unimp
  7c:	101c                	addi	a5,sp,32
  7e:	0000                	unimp
  80:	101c                	addi	a5,sp,32
  82:	0000                	unimp
  84:	101c                	addi	a5,sp,32
  86:	0000                	unimp
  88:	101c                	addi	a5,sp,32
  8a:	0000                	unimp
  8c:	101c                	addi	a5,sp,32
  8e:	0000                	unimp
  90:	101c                	addi	a5,sp,32
  92:	0000                	unimp
  94:	101c                	addi	a5,sp,32
  96:	0000                	unimp
  98:	101c                	addi	a5,sp,32
  9a:	0000                	unimp
  9c:	101c                	addi	a5,sp,32
  9e:	0000                	unimp
  a0:	101c                	addi	a5,sp,32
  a2:	0000                	unimp
  a4:	101c                	addi	a5,sp,32
  a6:	0000                	unimp
  a8:	101c                	addi	a5,sp,32
  aa:	0000                	unimp
  ac:	101c                	addi	a5,sp,32
  ae:	0000                	unimp
  b0:	101c                	addi	a5,sp,32
  b2:	0000                	unimp
  b4:	101c                	addi	a5,sp,32
  b6:	0000                	unimp
  b8:	101c                	addi	a5,sp,32
  ba:	0000                	unimp
  bc:	101c                	addi	a5,sp,32
  be:	0000                	unimp
  c0:	101c                	addi	a5,sp,32
  c2:	0000                	unimp
  c4:	101c                	addi	a5,sp,32
  c6:	0000                	unimp
  c8:	101c                	addi	a5,sp,32
  ca:	0000                	unimp
  cc:	101c                	addi	a5,sp,32
  ce:	0000                	unimp
  d0:	101c                	addi	a5,sp,32
  d2:	0000                	unimp
  d4:	101c                	addi	a5,sp,32
  d6:	0000                	unimp
  d8:	101c                	addi	a5,sp,32
  da:	0000                	unimp
  dc:	2a2c                	lbu	a1,18(a2)
  de:	0000                	unimp
  e0:	101c                	addi	a5,sp,32
  e2:	0000                	unimp
  e4:	101c                	addi	a5,sp,32
  e6:	0000                	unimp
  e8:	101c                	addi	a5,sp,32
  ea:	0000                	unimp
  ec:	101c                	addi	a5,sp,32
  ee:	0000                	unimp
  f0:	101c                	addi	a5,sp,32
  f2:	0000                	unimp
  f4:	101c                	addi	a5,sp,32
  f6:	0000                	unimp
  f8:	101c                	addi	a5,sp,32
  fa:	0000                	unimp
  fc:	101c                	addi	a5,sp,32
  fe:	0000                	unimp
 100:	101c                	addi	a5,sp,32
 102:	0000                	unimp
 104:	0000                	unimp
 106:	0000                	unimp
 108:	101c                	addi	a5,sp,32
 10a:	0000                	unimp
 10c:	101c                	addi	a5,sp,32
 10e:	0000                	unimp
 110:	101c                	addi	a5,sp,32
 112:	0000                	unimp
 114:	101c                	addi	a5,sp,32
 116:	0000                	unimp
 118:	101c                	addi	a5,sp,32
 11a:	0000                	unimp
 11c:	101c                	addi	a5,sp,32
 11e:	0000                	unimp
 120:	101c                	addi	a5,sp,32
 122:	0000                	unimp
 124:	101c                	addi	a5,sp,32
 126:	0000                	unimp
 128:	101c                	addi	a5,sp,32
 12a:	0000                	unimp
 12c:	101c                	addi	a5,sp,32
 12e:	0000                	unimp
 130:	101c                	addi	a5,sp,32
 132:	0000                	unimp
 134:	101c                	addi	a5,sp,32
 136:	0000                	unimp
 138:	101c                	addi	a5,sp,32
 13a:	0000                	unimp
 13c:	101c                	addi	a5,sp,32
 13e:	0000                	unimp
 140:	101c                	addi	a5,sp,32
 142:	0000                	unimp
 144:	101c                	addi	a5,sp,32
 146:	0000                	unimp
 148:	101c                	addi	a5,sp,32
 14a:	0000                	unimp
 14c:	101c                	addi	a5,sp,32
 14e:	0000                	unimp
 150:	101c                	addi	a5,sp,32
 152:	0000                	unimp
 154:	101c                	addi	a5,sp,32
 156:	0000                	unimp
 158:	101c                	addi	a5,sp,32
 15a:	0000                	unimp
 15c:	101c                	addi	a5,sp,32
 15e:	0000                	unimp
 160:	101c                	addi	a5,sp,32
 162:	0000                	unimp
 164:	101c                	addi	a5,sp,32
 166:	0000                	unimp
 168:	101c                	addi	a5,sp,32
 16a:	0000                	unimp
 16c:	101c                	addi	a5,sp,32
 16e:	0000                	unimp
 170:	101c                	addi	a5,sp,32
 172:	0000                	unimp
 174:	101c                	addi	a5,sp,32
 176:	0000                	unimp
 178:	101c                	addi	a5,sp,32
 17a:	0000                	unimp
 17c:	101c                	addi	a5,sp,32
 17e:	0000                	unimp
 180:	101c                	addi	a5,sp,32
 182:	0000                	unimp
 184:	101c                	addi	a5,sp,32
 186:	0000                	unimp
 188:	101c                	addi	a5,sp,32
 18a:	0000                	unimp
 18c:	101c                	addi	a5,sp,32
 18e:	0000                	unimp
 190:	101c                	addi	a5,sp,32
 192:	0000                	unimp
 194:	101c                	addi	a5,sp,32
 196:	0000                	unimp
 198:	101c                	addi	a5,sp,32
 19a:	0000                	unimp
 19c:	101c                	addi	a5,sp,32
 19e:	0000                	unimp
 1a0:	101c                	addi	a5,sp,32
	...

Disassembly of section .text:

000001c0 <__riscv_save_12>:
     1c0:	7139                	addi	sp,sp,-64
     1c2:	4301                	li	t1,0
     1c4:	c66e                	sw	s11,12(sp)
     1c6:	a019                	j	1cc <__riscv_save_10+0x4>

000001c8 <__riscv_save_10>:
     1c8:	7139                	addi	sp,sp,-64
     1ca:	5341                	li	t1,-16
     1cc:	c86a                	sw	s10,16(sp)
     1ce:	ca66                	sw	s9,20(sp)
     1d0:	cc62                	sw	s8,24(sp)
     1d2:	ce5e                	sw	s7,28(sp)
     1d4:	a019                	j	1da <__riscv_save_4+0x4>

000001d6 <__riscv_save_4>:
     1d6:	7139                	addi	sp,sp,-64
     1d8:	5301                	li	t1,-32
     1da:	d05a                	sw	s6,32(sp)
     1dc:	d256                	sw	s5,36(sp)
     1de:	d452                	sw	s4,40(sp)
     1e0:	d64e                	sw	s3,44(sp)
     1e2:	d84a                	sw	s2,48(sp)
     1e4:	da26                	sw	s1,52(sp)
     1e6:	dc22                	sw	s0,56(sp)
     1e8:	de06                	sw	ra,60(sp)
     1ea:	40610133          	sub	sp,sp,t1
     1ee:	8282                	jr	t0

000001f0 <__riscv_save_0>:
     1f0:	1141                	addi	sp,sp,-16
     1f2:	c04a                	sw	s2,0(sp)
     1f4:	c226                	sw	s1,4(sp)
     1f6:	c422                	sw	s0,8(sp)
     1f8:	c606                	sw	ra,12(sp)
     1fa:	8282                	jr	t0

000001fc <__riscv_restore_12>:
     1fc:	4db2                	lw	s11,12(sp)
     1fe:	0141                	addi	sp,sp,16

00000200 <__riscv_restore_10>:
     200:	4d02                	lw	s10,0(sp)
     202:	4c92                	lw	s9,4(sp)
     204:	4c22                	lw	s8,8(sp)
     206:	4bb2                	lw	s7,12(sp)
     208:	0141                	addi	sp,sp,16

0000020a <__riscv_restore_4>:
     20a:	4b02                	lw	s6,0(sp)
     20c:	4a92                	lw	s5,4(sp)
     20e:	4a22                	lw	s4,8(sp)
     210:	49b2                	lw	s3,12(sp)
     212:	0141                	addi	sp,sp,16

00000214 <__riscv_restore_0>:
     214:	4902                	lw	s2,0(sp)
     216:	4492                	lw	s1,4(sp)
     218:	4422                	lw	s0,8(sp)
     21a:	40b2                	lw	ra,12(sp)
     21c:	0141                	addi	sp,sp,16
     21e:	8082                	ret

00000220 <memset>:
     220:	433d                	li	t1,15
     222:	872a                	mv	a4,a0
     224:	02c37363          	bgeu	t1,a2,24a <memset+0x2a>
     228:	00f77793          	andi	a5,a4,15
     22c:	efbd                	bnez	a5,2aa <memset+0x8a>
     22e:	e5ad                	bnez	a1,298 <memset+0x78>
     230:	ff067693          	andi	a3,a2,-16
     234:	8a3d                	andi	a2,a2,15
     236:	96ba                	add	a3,a3,a4
     238:	c30c                	sw	a1,0(a4)
     23a:	c34c                	sw	a1,4(a4)
     23c:	c70c                	sw	a1,8(a4)
     23e:	c74c                	sw	a1,12(a4)
     240:	0741                	addi	a4,a4,16
     242:	fed76be3          	bltu	a4,a3,238 <memset+0x18>
     246:	e211                	bnez	a2,24a <memset+0x2a>
     248:	8082                	ret
     24a:	40c306b3          	sub	a3,t1,a2
     24e:	068a                	slli	a3,a3,0x2
     250:	00000297          	auipc	t0,0x0
     254:	9696                	add	a3,a3,t0
     256:	00a68067          	jr	10(a3)
     25a:	00b70723          	sb	a1,14(a4)
     25e:	00b706a3          	sb	a1,13(a4)
     262:	00b70623          	sb	a1,12(a4)
     266:	00b705a3          	sb	a1,11(a4)
     26a:	00b70523          	sb	a1,10(a4)
     26e:	00b704a3          	sb	a1,9(a4)
     272:	00b70423          	sb	a1,8(a4)
     276:	00b703a3          	sb	a1,7(a4)
     27a:	00b70323          	sb	a1,6(a4)
     27e:	00b702a3          	sb	a1,5(a4)
     282:	00b70223          	sb	a1,4(a4)
     286:	00b701a3          	sb	a1,3(a4)
     28a:	00b70123          	sb	a1,2(a4)
     28e:	00b700a3          	sb	a1,1(a4)
     292:	00b70023          	sb	a1,0(a4)
     296:	8082                	ret
     298:	0ff5f593          	andi	a1,a1,255
     29c:	00859693          	slli	a3,a1,0x8
     2a0:	8dd5                	or	a1,a1,a3
     2a2:	01059693          	slli	a3,a1,0x10
     2a6:	8dd5                	or	a1,a1,a3
     2a8:	b761                	j	230 <memset+0x10>
     2aa:	00279693          	slli	a3,a5,0x2
     2ae:	00000297          	auipc	t0,0x0
     2b2:	9696                	add	a3,a3,t0
     2b4:	8286                	mv	t0,ra
     2b6:	fa8680e7          	jalr	-88(a3)
     2ba:	8096                	mv	ra,t0
     2bc:	17c1                	addi	a5,a5,-16
     2be:	8f1d                	sub	a4,a4,a5
     2c0:	963e                	add	a2,a2,a5
     2c2:	f8c374e3          	bgeu	t1,a2,24a <memset+0x2a>
     2c6:	b7a5                	j	22e <memset+0xe>

000002c8 <NMI_Handler>:
     2c8:	a001                	j	2c8 <NMI_Handler>

000002ca <HardFault_Handler>:
     2ca:	beef07b7          	lui	a5,0xbeef0
     2ce:	e000e737          	lui	a4,0xe000e
     2d2:	08078793          	addi	a5,a5,128 # beef0080 <_eusrstack+0x9eee8080>
     2d6:	c73c                	sw	a5,72(a4)
     2d8:	a001                	j	2d8 <HardFault_Handler+0xe>

000002da <main>:
     2da:	ee7ff2ef          	jal	t0,1c0 <__riscv_save_12>
     2de:	7125                	addi	sp,sp,-416
     2e0:	4509                	li	a0,2
     2e2:	062010ef          	jal	ra,1344 <NVIC_PriorityGroupConfig>
     2e6:	409000ef          	jal	ra,eee <SystemCoreClockUpdate>
     2ea:	0b4030ef          	jal	ra,339e <Delay_Init>
     2ee:	6571                	lui	a0,0x1c
     2f0:	20050513          	addi	a0,a0,512 # 1c200 <_data_lma+0x1231c>
     2f4:	10a030ef          	jal	ra,33fe <USART_Printf_Init>
     2f8:	200007b7          	lui	a5,0x20000
     2fc:	0907a583          	lw	a1,144(a5) # 20000090 <SystemCoreClock>
     300:	00008537          	lui	a0,0x8
     304:	84c50513          	addi	a0,a0,-1972 # 784c <_read+0x12>
     308:	60f050ef          	jal	ra,6116 <iprintf>
     30c:	00008537          	lui	a0,0x8
     310:	85c50513          	addi	a0,a0,-1956 # 785c <_read+0x22>
     314:	741050ef          	jal	ra,6254 <puts>
     318:	2e1010ef          	jal	ra,1df8 <LCD_Init>
     31c:	457d                	li	a0,31
     31e:	1d5010ef          	jal	ra,1cf2 <LCD_Clear>
     322:	57fd                	li	a5,-1
     324:	84f19423          	sh	a5,-1976(gp) # 200000d8 <POINT_COLOR>
     328:	477d                	li	a4,31
     32a:	000086b7          	lui	a3,0x8
     32e:	80e19423          	sh	a4,-2040(gp) # 20000098 <BACK_COLOR>
     332:	87868693          	addi	a3,a3,-1928 # 7878 <_read+0x3e>
     336:	4701                	li	a4,0
     338:	4641                	li	a2,16
     33a:	07800593          	li	a1,120
     33e:	02800513          	li	a0,40
     342:	781010ef          	jal	ra,22c2 <LCD_ShowString>
     346:	000086b7          	lui	a3,0x8
     34a:	4701                	li	a4,0
     34c:	88c68693          	addi	a3,a3,-1908 # 788c <_read+0x52>
     350:	4641                	li	a2,16
     352:	09600593          	li	a1,150
     356:	03200513          	li	a0,50
     35a:	769010ef          	jal	ra,22c2 <LCD_ShowString>
     35e:	5dc00513          	li	a0,1500
     362:	066030ef          	jal	ra,33c8 <Delay_Ms>
     366:	2145                	jal	806 <MedSchedule_Init>
     368:	2ee5                	jal	760 <MedTime_Init>
     36a:	2b41                	jal	8fa <Button_Init>
     36c:	3c3020ef          	jal	ra,2f2e <DHT11_Init>
     370:	00008537          	lui	a0,0x8
     374:	89850513          	addi	a0,a0,-1896 # 7898 <_read+0x5e>
     378:	6dd050ef          	jal	ra,6254 <puts>
     37c:	622010ef          	jal	ra,199e <SGP30_Init>
     380:	6a2010ef          	jal	ra,1a22 <SGP30_Probe>
     384:	739020ef          	jal	ra,32bc <BH1750_Init>
     388:	734020ef          	jal	ra,2abc <ESP8266_Init>
     38c:	7e8020ef          	jal	ra,2b74 <ESP8266_ATTest>
     390:	c141                	beqz	a0,410 <main+0x136>
     392:	00008537          	lui	a0,0x8
     396:	8a450513          	addi	a0,a0,-1884 # 78a4 <_read+0x6a>
     39a:	6bb050ef          	jal	ra,6254 <puts>
     39e:	000085b7          	lui	a1,0x8
     3a2:	00008537          	lui	a0,0x8
     3a6:	8b458593          	addi	a1,a1,-1868 # 78b4 <_read+0x7a>
     3aa:	8c050513          	addi	a0,a0,-1856 # 78c0 <_read+0x86>
     3ae:	7e6020ef          	jal	ra,2b94 <ESP8266_ConnectWiFi>
     3b2:	cd39                	beqz	a0,410 <main+0x136>
     3b4:	1008                	addi	a0,sp,32
     3b6:	d002                	sw	zero,32(sp)
     3b8:	d202                	sw	zero,36(sp)
     3ba:	d402                	sw	zero,40(sp)
     3bc:	d602                	sw	zero,44(sp)
     3be:	043020ef          	jal	ra,2c00 <ESP8266_GetIP>
     3c2:	c539                	beqz	a0,410 <main+0x136>
     3c4:	20000537          	lui	a0,0x20000
     3c8:	4705                	li	a4,1
     3ca:	463d                	li	a2,15
     3cc:	100c                	addi	a1,sp,32
     3ce:	00050513          	mv	a0,a0
     3d2:	84e181a3          	sb	a4,-1981(gp) # 200000d3 <wifi_connected>
     3d6:	6f3050ef          	jal	ra,62c8 <strncpy>
     3da:	00008537          	lui	a0,0x8
     3de:	100c                	addi	a1,sp,32
     3e0:	8c850513          	addi	a0,a0,-1848 # 78c8 <_read+0x8e>
     3e4:	533050ef          	jal	ra,6116 <iprintf>
     3e8:	00008737          	lui	a4,0x8
     3ec:	000086b7          	lui	a3,0x8
     3f0:	00008637          	lui	a2,0x8
     3f4:	00008537          	lui	a0,0x8
     3f8:	8d470713          	addi	a4,a4,-1836 # 78d4 <_read+0x9a>
     3fc:	95868693          	addi	a3,a3,-1704 # 7958 <_read+0x11e>
     400:	96460613          	addi	a2,a2,-1692 # 7964 <_read+0x12a>
     404:	75b00593          	li	a1,1883
     408:	96c50513          	addi	a0,a0,-1684 # 796c <_read+0x132>
     40c:	06d020ef          	jal	ra,2c78 <ESP8266_OneNET_Connect>
     410:	02d000ef          	jal	ra,c3c <UI_DrawAll>
     414:	00008537          	lui	a0,0x8
     418:	98050513          	addi	a0,a0,-1664 # 7980 <_read+0x146>
     41c:	639050ef          	jal	ra,6254 <puts>
     420:	000087b7          	lui	a5,0x8
     424:	8487aa83          	lw	s5,-1976(a5) # 7848 <_read+0xe>
     428:	4b81                	li	s7,0
     42a:	4481                	li	s1,0
     42c:	85c18a13          	addi	s4,gp,-1956 # 200000ec <current_time>
     430:	91018993          	addi	s3,gp,-1776 # 200001a0 <sgp30>
     434:	8c56                	mv	s8,s5
     436:	8cd6                	mv	s9,s5
     438:	2691                	jal	77c <MedTime_Update>
     43a:	298d                	jal	8ac <MedSchedule_CheckAlarm>
     43c:	008a2783          	lw	a5,8(s4)
     440:	e391                	bnez	a5,444 <main+0x16a>
     442:	23a5                	jal	9aa <UI_UpdateClock>
     444:	0485                	addi	s1,s1,1
     446:	21dd                	jal	92c <Button_Poll>
     448:	04c2                	slli	s1,s1,0x10
     44a:	80c1                	srli	s1,s1,0x10
     44c:	47cd                	li	a5,19
     44e:	0a97fe63          	bgeu	a5,s1,50a <main+0x230>
     452:	1008                	addi	a0,sp,32
     454:	301020ef          	jal	ra,2f54 <DHT11_Read>
     458:	85aa                	mv	a1,a0
     45a:	03014883          	lbu	a7,48(sp)
     45e:	1e050263          	beqz	a0,642 <main+0x368>
     462:	1e088063          	beqz	a7,642 <main+0x368>
     466:	5422                	lw	s0,40(sp)
     468:	5532                	lw	a0,44(sp)
     46a:	4705                	li	a4,1
     46c:	84e18123          	sb	a4,-1982(gp) # 200000d2 <sensor_ok>
     470:	8281ae23          	sw	s0,-1988(gp) # 200000cc <display_temp>
     474:	82a1aa23          	sw	a0,-1996(gp) # 200000c4 <display_humi>
     478:	183050ef          	jal	ra,5dfa <__fixsfsi>
     47c:	85d6                	mv	a1,s5
     47e:	ca2a                	sw	a0,20(sp)
     480:	8522                	mv	a0,s0
     482:	6e8050ef          	jal	ra,5b6a <__mulsf3>
     486:	175050ef          	jal	ra,5dfa <__fixsfsi>
     48a:	4629                	li	a2,10
     48c:	02c56633          	rem	a2,a0,a2
     490:	8522                	mv	a0,s0
     492:	c832                	sw	a2,16(sp)
     494:	167050ef          	jal	ra,5dfa <__fixsfsi>
     498:	46d2                	lw	a3,20(sp)
     49a:	4642                	lw	a2,16(sp)
     49c:	85aa                	mv	a1,a0
     49e:	00008537          	lui	a0,0x8
     4a2:	98850513          	addi	a0,a0,-1656 # 7988 <_read+0x14e>
     4a6:	471050ef          	jal	ra,6116 <iprintf>
     4aa:	0089c783          	lbu	a5,8(s3)
     4ae:	c799                	beqz	a5,4bc <main+0x1e2>
     4b0:	8341a583          	lw	a1,-1996(gp) # 200000c4 <display_humi>
     4b4:	83c1a503          	lw	a0,-1988(gp) # 200000cc <display_temp>
     4b8:	644010ef          	jal	ra,1afc <SGP30_SetHumidity>
     4bc:	0089c783          	lbu	a5,8(s3)
     4c0:	c39d                	beqz	a5,4e6 <main+0x20c>
     4c2:	1008                	addi	a0,sp,32
     4c4:	5f8010ef          	jal	ra,1abc <SGP30_Measure>
     4c8:	cd19                	beqz	a0,4e6 <main+0x20c>
     4ca:	02015583          	lhu	a1,32(sp)
     4ce:	02215603          	lhu	a2,34(sp)
     4d2:	00008537          	lui	a0,0x8
     4d6:	84b19023          	sh	a1,-1984(gp) # 200000d0 <display_tvoc>
     4da:	9dc50513          	addi	a0,a0,-1572 # 79dc <_read+0x1a2>
     4de:	82c19923          	sh	a2,-1998(gp) # 200000c2 <display_co2>
     4e2:	435050ef          	jal	ra,6116 <iprintf>
     4e6:	1008                	addi	a0,sp,32
     4e8:	65f020ef          	jal	ra,3346 <BH1750_Read>
     4ec:	cd09                	beqz	a0,506 <main+0x22c>
     4ee:	5502                	lw	a0,32(sp)
     4f0:	82a1ac23          	sw	a0,-1992(gp) # 200000c8 <display_lux>
     4f4:	107050ef          	jal	ra,5dfa <__fixsfsi>
     4f8:	85aa                	mv	a1,a0
     4fa:	00008537          	lui	a0,0x8
     4fe:	9f450513          	addi	a0,a0,-1548 # 79f4 <_read+0x1ba>
     502:	415050ef          	jal	ra,6116 <iprintf>
     506:	2391                	jal	a4a <UI_UpdateSensors>
     508:	4481                	li	s1,0
     50a:	82418713          	addi	a4,gp,-2012 # 200000b4 <wifi_tick.6150>
     50e:	231e                	lhu	a5,0(a4)
     510:	12b00693          	li	a3,299
     514:	0785                	addi	a5,a5,1
     516:	07c2                	slli	a5,a5,0x10
     518:	83c1                	srli	a5,a5,0x10
     51a:	14f6e563          	bltu	a3,a5,664 <main+0x38a>
     51e:	a31e                	sh	a5,0(a4)
     520:	0b85                	addi	s7,s7,1
     522:	0bc2                	slli	s7,s7,0x10
     524:	010bdb93          	srli	s7,s7,0x10
     528:	12b00793          	li	a5,299
     52c:	1177f663          	bgeu	a5,s7,638 <main+0x35e>
     530:	8431c783          	lbu	a5,-1981(gp) # 200000d3 <wifi_connected>
     534:	10078263          	beqz	a5,638 <main+0x35e>
     538:	82018793          	addi	a5,gp,-2016 # 200000b0 <_edata>
     53c:	0007ad03          	lw	s10,0(a5)
     540:	85e2                	mv	a1,s8
     542:	4429                	li	s0,10
     544:	0d05                	addi	s10,s10,1
     546:	01a7a023          	sw	s10,0(a5)
     54a:	83c1ab83          	lw	s7,-1988(gp) # 200000cc <display_temp>
     54e:	8341ad83          	lw	s11,-1996(gp) # 200000c4 <display_humi>
     552:	8401d883          	lhu	a7,-1984(gp) # 200000d0 <display_tvoc>
     556:	856e                	mv	a0,s11
     558:	ce46                	sw	a7,28(sp)
     55a:	610050ef          	jal	ra,5b6a <__mulsf3>
     55e:	09d050ef          	jal	ra,5dfa <__fixsfsi>
     562:	02856533          	rem	a0,a0,s0
     566:	41f55813          	srai	a6,a0,0x1f
     56a:	00a84533          	xor	a0,a6,a0
     56e:	41050833          	sub	a6,a0,a6
     572:	856e                	mv	a0,s11
     574:	cc42                	sw	a6,24(sp)
     576:	085050ef          	jal	ra,5dfa <__fixsfsi>
     57a:	85e6                	mv	a1,s9
     57c:	ca2a                	sw	a0,20(sp)
     57e:	855e                	mv	a0,s7
     580:	5ea050ef          	jal	ra,5b6a <__mulsf3>
     584:	077050ef          	jal	ra,5dfa <__fixsfsi>
     588:	02856433          	rem	s0,a0,s0
     58c:	855e                	mv	a0,s7
     58e:	41f45713          	srai	a4,s0,0x1f
     592:	8c39                	xor	s0,s0,a4
     594:	8c19                	sub	s0,s0,a4
     596:	065050ef          	jal	ra,5dfa <__fixsfsi>
     59a:	80000637          	lui	a2,0x80000
     59e:	fff64613          	not	a2,a2
     5a2:	02cd7d33          	remu	s10,s10,a2
     5a6:	82c1a703          	lw	a4,-2004(gp) # 200000bc <pill_count>
     5aa:	c82a                	sw	a0,16(sp)
     5ac:	8381a503          	lw	a0,-1992(gp) # 200000c8 <display_lux>
     5b0:	c43a                	sw	a4,8(sp)
     5b2:	049050ef          	jal	ra,5dfa <__fixsfsi>
     5b6:	8321d703          	lhu	a4,-1998(gp) # 200000c2 <display_co2>
     5ba:	48f2                	lw	a7,28(sp)
     5bc:	4862                	lw	a6,24(sp)
     5be:	47d2                	lw	a5,20(sp)
     5c0:	46c2                	lw	a3,16(sp)
     5c2:	000085b7          	lui	a1,0x8
     5c6:	c22a                	sw	a0,4(sp)
     5c8:	c03a                	sw	a4,0(sp)
     5ca:	a4058593          	addi	a1,a1,-1472 # 7a40 <_read+0x206>
     5ce:	8722                	mv	a4,s0
     5d0:	1008                	addi	a0,sp,32
     5d2:	00008437          	lui	s0,0x8
     5d6:	866a                	mv	a2,s10
     5d8:	489050ef          	jal	ra,6260 <siprintf>
     5dc:	100c                	addi	a1,sp,32
     5de:	ad440513          	addi	a0,s0,-1324 # 7ad4 <_read+0x29a>
     5e2:	02f020ef          	jal	ra,2e10 <ESP8266_OneNET_Publish>
     5e6:	e131                	bnez	a0,62a <main+0x350>
     5e8:	00008537          	lui	a0,0x8
     5ec:	af850513          	addi	a0,a0,-1288 # 7af8 <_read+0x2be>
     5f0:	465050ef          	jal	ra,6254 <puts>
     5f4:	00008737          	lui	a4,0x8
     5f8:	000086b7          	lui	a3,0x8
     5fc:	00008637          	lui	a2,0x8
     600:	00008537          	lui	a0,0x8
     604:	8d470713          	addi	a4,a4,-1836 # 78d4 <_read+0x9a>
     608:	95868693          	addi	a3,a3,-1704 # 7958 <_read+0x11e>
     60c:	96460613          	addi	a2,a2,-1692 # 7964 <_read+0x12a>
     610:	75b00593          	li	a1,1883
     614:	96c50513          	addi	a0,a0,-1684 # 796c <_read+0x132>
     618:	660020ef          	jal	ra,2c78 <ESP8266_OneNET_Connect>
     61c:	cd09                	beqz	a0,636 <main+0x35c>
     61e:	100c                	addi	a1,sp,32
     620:	ad440513          	addi	a0,s0,-1324
     624:	7ec020ef          	jal	ra,2e10 <ESP8266_OneNET_Publish>
     628:	c519                	beqz	a0,636 <main+0x35c>
     62a:	00008537          	lui	a0,0x8
     62e:	b1050513          	addi	a0,a0,-1264 # 7b10 <_read+0x2d6>
     632:	423050ef          	jal	ra,6254 <puts>
     636:	4b81                	li	s7,0
     638:	06400513          	li	a0,100
     63c:	58d020ef          	jal	ra,33c8 <Delay_Ms>
     640:	bbe5                	j	438 <main+0x15e>
     642:	02414803          	lbu	a6,36(sp)
     646:	02314783          	lbu	a5,35(sp)
     64a:	02214703          	lbu	a4,34(sp)
     64e:	02114683          	lbu	a3,33(sp)
     652:	02014603          	lbu	a2,32(sp)
     656:	00008537          	lui	a0,0x8
     65a:	9a450513          	addi	a0,a0,-1628 # 79a4 <_read+0x16a>
     65e:	2b9050ef          	jal	ra,6116 <iprintf>
     662:	bda9                	j	4bc <main+0x1e2>
     664:	8431c783          	lbu	a5,-1981(gp) # 200000d3 <wifi_connected>
     668:	00071023          	sh	zero,0(a4)
     66c:	efad                	bnez	a5,6e6 <main+0x40c>
     66e:	506020ef          	jal	ra,2b74 <ESP8266_ATTest>
     672:	c935                	beqz	a0,6e6 <main+0x40c>
     674:	000085b7          	lui	a1,0x8
     678:	00008537          	lui	a0,0x8
     67c:	8b458593          	addi	a1,a1,-1868 # 78b4 <_read+0x7a>
     680:	8c050513          	addi	a0,a0,-1856 # 78c0 <_read+0x86>
     684:	510020ef          	jal	ra,2b94 <ESP8266_ConnectWiFi>
     688:	cd39                	beqz	a0,6e6 <main+0x40c>
     68a:	1008                	addi	a0,sp,32
     68c:	d002                	sw	zero,32(sp)
     68e:	d202                	sw	zero,36(sp)
     690:	d402                	sw	zero,40(sp)
     692:	d602                	sw	zero,44(sp)
     694:	56c020ef          	jal	ra,2c00 <ESP8266_GetIP>
     698:	c539                	beqz	a0,6e6 <main+0x40c>
     69a:	20000537          	lui	a0,0x20000
     69e:	4785                	li	a5,1
     6a0:	463d                	li	a2,15
     6a2:	100c                	addi	a1,sp,32
     6a4:	00050513          	mv	a0,a0
     6a8:	84f181a3          	sb	a5,-1981(gp) # 200000d3 <wifi_connected>
     6ac:	41d050ef          	jal	ra,62c8 <strncpy>
     6b0:	00008537          	lui	a0,0x8
     6b4:	100c                	addi	a1,sp,32
     6b6:	a0c50513          	addi	a0,a0,-1524 # 7a0c <_read+0x1d2>
     6ba:	25d050ef          	jal	ra,6116 <iprintf>
     6be:	00008737          	lui	a4,0x8
     6c2:	000086b7          	lui	a3,0x8
     6c6:	00008637          	lui	a2,0x8
     6ca:	00008537          	lui	a0,0x8
     6ce:	8d470713          	addi	a4,a4,-1836 # 78d4 <_read+0x9a>
     6d2:	95868693          	addi	a3,a3,-1704 # 7958 <_read+0x11e>
     6d6:	96460613          	addi	a2,a2,-1692 # 7964 <_read+0x12a>
     6da:	75b00593          	li	a1,1883
     6de:	96c50513          	addi	a0,a0,-1684 # 796c <_read+0x132>
     6e2:	596020ef          	jal	ra,2c78 <ESP8266_OneNET_Connect>
     6e6:	6441                	lui	s0,0x10
     6e8:	fff40713          	addi	a4,s0,-1 # ffff <_data_lma+0x611b>
     6ec:	08200693          	li	a3,130
     6f0:	0b400613          	li	a2,180
     6f4:	07300593          	li	a1,115
     6f8:	4515                	li	a0,5
     6fa:	1b1010ef          	jal	ra,20aa <LCD_Fill>
     6fe:	8431c783          	lbu	a5,-1981(gp) # 200000d3 <wifi_connected>
     702:	cb8d                	beqz	a5,734 <main+0x45a>
     704:	20000637          	lui	a2,0x20000
     708:	000085b7          	lui	a1,0x8
     70c:	00060613          	mv	a2,a2
     710:	a1c58593          	addi	a1,a1,-1508 # 7a1c <_read+0x1e2>
     714:	1008                	addi	a0,sp,32
     716:	34b050ef          	jal	ra,6260 <siprintf>
     71a:	7e000413          	li	s0,2016
     71e:	4701                	li	a4,0
     720:	1014                	addi	a3,sp,32
     722:	4641                	li	a2,16
     724:	07300593          	li	a1,115
     728:	4515                	li	a0,5
     72a:	84819423          	sh	s0,-1976(gp) # 200000d8 <POINT_COLOR>
     72e:	395010ef          	jal	ra,22c2 <LCD_ShowString>
     732:	b3fd                	j	520 <main+0x246>
     734:	440020ef          	jal	ra,2b74 <ESP8266_ATTest>
     738:	c911                	beqz	a0,74c <main+0x472>
     73a:	000085b7          	lui	a1,0x8
     73e:	a2858593          	addi	a1,a1,-1496 # 7a28 <_read+0x1ee>
     742:	1008                	addi	a0,sp,32
     744:	363050ef          	jal	ra,62a6 <strcpy>
     748:	1401                	addi	s0,s0,-32
     74a:	bfd1                	j	71e <main+0x444>
     74c:	000085b7          	lui	a1,0x8
     750:	a3458593          	addi	a1,a1,-1484 # 7a34 <_read+0x1fa>
     754:	1008                	addi	a0,sp,32
     756:	351050ef          	jal	ra,62a6 <strcpy>
     75a:	80040413          	addi	s0,s0,-2048
     75e:	b7c1                	j	71e <main+0x444>

00000760 <MedTime_Init>:
     760:	85c18793          	addi	a5,gp,-1956 # 200000ec <current_time>
     764:	7ea00713          	li	a4,2026
     768:	a3fa                	sh	a4,6(a5)
     76a:	12000737          	lui	a4,0x12000
     76e:	0721                	addi	a4,a4,8
     770:	c398                	sw	a4,0(a5)
     772:	4715                	li	a4,5
     774:	a3d8                	sb	a4,4(a5)
     776:	0007a423          	sw	zero,8(a5)
     77a:	8082                	ret

0000077c <MedTime_Update>:
     77c:	85c18793          	addi	a5,gp,-1956 # 200000ec <current_time>
     780:	4798                	lw	a4,8(a5)
     782:	46a5                	li	a3,9
     784:	0705                	addi	a4,a4,1
     786:	00e6e463          	bltu	a3,a4,78e <MedTime_Update+0x12>
     78a:	c798                	sw	a4,8(a5)
     78c:	8082                	ret
     78e:	23b8                	lbu	a4,2(a5)
     790:	0007a423          	sw	zero,8(a5)
     794:	03b00693          	li	a3,59
     798:	0705                	addi	a4,a4,1
     79a:	0ff77713          	andi	a4,a4,255
     79e:	00e6e463          	bltu	a3,a4,7a6 <MedTime_Update+0x2a>
     7a2:	a3b8                	sb	a4,2(a5)
     7a4:	8082                	ret
     7a6:	3398                	lbu	a4,1(a5)
     7a8:	00078123          	sb	zero,2(a5)
     7ac:	0705                	addi	a4,a4,1
     7ae:	0ff77713          	andi	a4,a4,255
     7b2:	00e6e463          	bltu	a3,a4,7ba <MedTime_Update+0x3e>
     7b6:	b398                	sb	a4,1(a5)
     7b8:	8082                	ret
     7ba:	2398                	lbu	a4,0(a5)
     7bc:	000780a3          	sb	zero,1(a5)
     7c0:	46dd                	li	a3,23
     7c2:	0705                	addi	a4,a4,1
     7c4:	0ff77713          	andi	a4,a4,255
     7c8:	00e6e463          	bltu	a3,a4,7d0 <MedTime_Update+0x54>
     7cc:	a398                	sb	a4,0(a5)
     7ce:	8082                	ret
     7d0:	33b8                	lbu	a4,3(a5)
     7d2:	00078023          	sb	zero,0(a5)
     7d6:	46f9                	li	a3,30
     7d8:	0705                	addi	a4,a4,1
     7da:	0ff77713          	andi	a4,a4,255
     7de:	00e6e463          	bltu	a3,a4,7e6 <MedTime_Update+0x6a>
     7e2:	b3b8                	sb	a4,3(a5)
     7e4:	8082                	ret
     7e6:	23d8                	lbu	a4,4(a5)
     7e8:	4685                	li	a3,1
     7ea:	b3b4                	sb	a3,3(a5)
     7ec:	0705                	addi	a4,a4,1
     7ee:	0ff77713          	andi	a4,a4,255
     7f2:	4631                	li	a2,12
     7f4:	00e66463          	bltu	a2,a4,7fc <MedTime_Update+0x80>
     7f8:	a3d8                	sb	a4,4(a5)
     7fa:	8082                	ret
     7fc:	23fa                	lhu	a4,6(a5)
     7fe:	a3d4                	sb	a3,4(a5)
     800:	0705                	addi	a4,a4,1
     802:	a3fa                	sh	a4,6(a5)
     804:	8082                	ret

00000806 <MedSchedule_Init>:
     806:	9ebff2ef          	jal	t0,1f0 <__riscv_save_0>
     80a:	1141                	addi	sp,sp,-16
     80c:	4585                	li	a1,1
     80e:	4511                	li	a0,4
     810:	50d000ef          	jal	ra,151c <RCC_APB2PeriphClockCmd>
     814:	0fe00793          	li	a5,254
     818:	827c                	sh	a5,4(sp)
     81a:	40011437          	lui	s0,0x40011
     81e:	47c1                	li	a5,16
     820:	c63e                	sw	a5,12(sp)
     822:	004c                	addi	a1,sp,4
     824:	478d                	li	a5,3
     826:	80040513          	addi	a0,s0,-2048 # 40010800 <_eusrstack+0x20008800>
     82a:	c43e                	sw	a5,8(sp)
     82c:	00011323          	sh	zero,6(sp)
     830:	079000ef          	jal	ra,10a8 <GPIO_Init>
     834:	80040513          	addi	a0,s0,-2048
     838:	0fe00593          	li	a1,254
     83c:	137000ef          	jal	ra,1172 <GPIO_SetBits>
     840:	4711                	li	a4,4
     842:	64c1                	lui	s1,0x10
     844:	86818413          	addi	s0,gp,-1944 # 200000f8 <schedule>
     848:	82e18823          	sb	a4,-2000(gp) # 200000c0 <schedule_count>
     84c:	000085b7          	lui	a1,0x8
     850:	00848793          	addi	a5,s1,8 # 10008 <_data_lma+0x6124>
     854:	c01c                	sw	a5,0(s0)
     856:	b4058593          	addi	a1,a1,-1216 # 7b40 <_read+0x306>
     85a:	00440513          	addi	a0,s0,4
     85e:	249050ef          	jal	ra,62a6 <strcpy>
     862:	000207b7          	lui	a5,0x20
     866:	07b1                	addi	a5,a5,12
     868:	000085b7          	lui	a1,0x8
     86c:	cc1c                	sw	a5,24(s0)
     86e:	b4c58593          	addi	a1,a1,-1204 # 7b4c <_read+0x312>
     872:	01c40513          	addi	a0,s0,28
     876:	231050ef          	jal	ra,62a6 <strcpy>
     87a:	000307b7          	lui	a5,0x30
     87e:	07b9                	addi	a5,a5,14
     880:	000085b7          	lui	a1,0x8
     884:	d81c                	sw	a5,48(s0)
     886:	b5458593          	addi	a1,a1,-1196 # 7b54 <_read+0x31a>
     88a:	03440513          	addi	a0,s0,52
     88e:	219050ef          	jal	ra,62a6 <strcpy>
     892:	04d1                	addi	s1,s1,20
     894:	000085b7          	lui	a1,0x8
     898:	c424                	sw	s1,72(s0)
     89a:	b6058593          	addi	a1,a1,-1184 # 7b60 <_read+0x326>
     89e:	04c40513          	addi	a0,s0,76
     8a2:	205050ef          	jal	ra,62a6 <strcpy>
     8a6:	0141                	addi	sp,sp,16
     8a8:	96dff06f          	j	214 <__riscv_restore_0>

000008ac <MedSchedule_CheckAlarm>:
     8ac:	8301c683          	lbu	a3,-2000(gp) # 200000c0 <schedule_count>
     8b0:	85c18793          	addi	a5,gp,-1956 # 200000ec <current_time>
     8b4:	2390                	lbu	a2,0(a5)
     8b6:	338c                	lbu	a1,1(a5)
     8b8:	23a8                	lbu	a0,2(a5)
     8ba:	86818793          	addi	a5,gp,-1944 # 200000f8 <schedule>
     8be:	4701                	li	a4,0
     8c0:	00e69463          	bne	a3,a4,8c8 <MedSchedule_CheckAlarm+0x1c>
     8c4:	4501                	li	a0,0
     8c6:	8082                	ret
     8c8:	0037c803          	lbu	a6,3(a5) # 30003 <_data_lma+0x2611f>
     8cc:	02081263          	bnez	a6,8f0 <MedSchedule_CheckAlarm+0x44>
     8d0:	0007c803          	lbu	a6,0(a5)
     8d4:	00c81e63          	bne	a6,a2,8f0 <MedSchedule_CheckAlarm+0x44>
     8d8:	0017c803          	lbu	a6,1(a5)
     8dc:	00b81a63          	bne	a6,a1,8f0 <MedSchedule_CheckAlarm+0x44>
     8e0:	e901                	bnez	a0,8f0 <MedSchedule_CheckAlarm+0x44>
     8e2:	4685                	li	a3,1
     8e4:	82d18323          	sb	a3,-2010(gp) # 200000b6 <alarm_active>
     8e8:	82e183a3          	sb	a4,-2009(gp) # 200000b7 <alarm_slot_index>
     8ec:	4505                	li	a0,1
     8ee:	8082                	ret
     8f0:	0705                	addi	a4,a4,1
     8f2:	0ff77713          	andi	a4,a4,255
     8f6:	07e1                	addi	a5,a5,24
     8f8:	b7e1                	j	8c0 <MedSchedule_CheckAlarm+0x14>

000008fa <Button_Init>:
     8fa:	8f7ff2ef          	jal	t0,1f0 <__riscv_save_0>
     8fe:	1141                	addi	sp,sp,-16
     900:	4585                	li	a1,1
     902:	4511                	li	a0,4
     904:	c202                	sw	zero,4(sp)
     906:	c402                	sw	zero,8(sp)
     908:	c602                	sw	zero,12(sp)
     90a:	413000ef          	jal	ra,151c <RCC_APB2PeriphClockCmd>
     90e:	4785                	li	a5,1
     910:	40011537          	lui	a0,0x40011
     914:	827c                	sh	a5,4(sp)
     916:	004c                	addi	a1,sp,4
     918:	04800793          	li	a5,72
     91c:	80050513          	addi	a0,a0,-2048 # 40010800 <_eusrstack+0x20008800>
     920:	c63e                	sw	a5,12(sp)
     922:	786000ef          	jal	ra,10a8 <GPIO_Init>
     926:	0141                	addi	sp,sp,16
     928:	8edff06f          	j	214 <__riscv_restore_0>

0000092c <Button_Poll>:
     92c:	8abff2ef          	jal	t0,1d6 <__riscv_save_4>
     930:	400119b7          	lui	s3,0x40011
     934:	4585                	li	a1,1
     936:	80098513          	addi	a0,s3,-2048 # 40010800 <_eusrstack+0x20008800>
     93a:	02f000ef          	jal	ra,1168 <GPIO_ReadInputDataBit>
     93e:	82818493          	addi	s1,gp,-2008 # 200000b8 <btn_state.5516>
     942:	2094                	lbu	a3,0(s1)
     944:	4705                	li	a4,1
     946:	82818413          	addi	s0,gp,-2008 # 200000b8 <btn_state.5516>
     94a:	00e68d63          	beq	a3,a4,964 <Button_Poll+0x38>
     94e:	c691                	beqz	a3,95a <Button_Poll+0x2e>
     950:	4789                	li	a5,2
     952:	04f68763          	beq	a3,a5,9a0 <Button_Poll+0x74>
     956:	8b5ff06f          	j	20a <__riscv_restore_4>
     95a:	fd75                	bnez	a0,956 <Button_Poll+0x2a>
     95c:	a098                	sb	a4,0(s1)
     95e:	82019523          	sh	zero,-2006(gp) # 200000ba <btn_ticks.5517>
     962:	bfd5                	j	956 <Button_Poll+0x2a>
     964:	82a18713          	addi	a4,gp,-2006 # 200000ba <btn_ticks.5517>
     968:	231e                	lhu	a5,0(a4)
     96a:	4909                	li	s2,2
     96c:	0785                	addi	a5,a5,1
     96e:	07c2                	slli	a5,a5,0x10
     970:	83c1                	srli	a5,a5,0x10
     972:	a31e                	sh	a5,0(a4)
     974:	fef971e3          	bgeu	s2,a5,956 <Button_Poll+0x2a>
     978:	4585                	li	a1,1
     97a:	80098513          	addi	a0,s3,-2048
     97e:	7ea000ef          	jal	ra,1168 <GPIO_ReadInputDataBit>
     982:	e10d                	bnez	a0,9a4 <Button_Poll+0x78>
     984:	82c18793          	addi	a5,gp,-2004 # 200000bc <pill_count>
     988:	438c                	lw	a1,0(a5)
     98a:	00008537          	lui	a0,0x8
     98e:	b2450513          	addi	a0,a0,-1244 # 7b24 <_read+0x2ea>
     992:	0585                	addi	a1,a1,1
     994:	c38c                	sw	a1,0(a5)
     996:	01248023          	sb	s2,0(s1)
     99a:	77c050ef          	jal	ra,6116 <iprintf>
     99e:	bf65                	j	956 <Button_Poll+0x2a>
     9a0:	fae51be3          	bne	a0,a4,956 <Button_Poll+0x2a>
     9a4:	00040023          	sb	zero,0(s0)
     9a8:	b77d                	j	956 <Button_Poll+0x2a>

000009aa <UI_UpdateClock>:
     9aa:	82dff2ef          	jal	t0,1d6 <__riscv_save_4>
     9ae:	6741                	lui	a4,0x10
     9b0:	7179                	addi	sp,sp,-48
     9b2:	177d                	addi	a4,a4,-1
     9b4:	03000693          	li	a3,48
     9b8:	0dc00613          	li	a2,220
     9bc:	02000593          	li	a1,32
     9c0:	4551                	li	a0,20
     9c2:	6e8010ef          	jal	ra,20aa <LCD_Fill>
     9c6:	85c18413          	addi	s0,gp,-1956 # 200000ec <current_time>
     9ca:	00244883          	lbu	a7,2(s0)
     9ce:	00144803          	lbu	a6,1(s0)
     9d2:	85c1c783          	lbu	a5,-1956(gp) # 200000ec <current_time>
     9d6:	3038                	lbu	a4,3(s0)
     9d8:	2054                	lbu	a3,4(s0)
     9da:	2072                	lhu	a2,6(s0)
     9dc:	000085b7          	lui	a1,0x8
     9e0:	5a7d                	li	s4,-1
     9e2:	bac58593          	addi	a1,a1,-1108 # 7bac <_read+0x372>
     9e6:	0808                	addi	a0,sp,16
     9e8:	84019423          	sh	zero,-1976(gp) # 200000d8 <POINT_COLOR>
     9ec:	81419423          	sh	s4,-2040(gp) # 20000098 <BACK_COLOR>
     9f0:	071050ef          	jal	ra,6260 <siprintf>
     9f4:	0814                	addi	a3,sp,16
     9f6:	4701                	li	a4,0
     9f8:	4641                	li	a2,16
     9fa:	02000593          	li	a1,32
     9fe:	4551                	li	a0,20
     a00:	0c3010ef          	jal	ra,22c2 <LCD_ShowString>
     a04:	477d                	li	a4,31
     a06:	46d9                	li	a3,22
     a08:	0e600613          	li	a2,230
     a0c:	4595                	li	a1,5
     a0e:	0b400513          	li	a0,180
     a12:	698010ef          	jal	ra,20aa <LCD_Fill>
     a16:	3014                	lbu	a3,1(s0)
     a18:	85c1c603          	lbu	a2,-1956(gp) # 200000ec <current_time>
     a1c:	000085b7          	lui	a1,0x8
     a20:	47fd                	li	a5,31
     a22:	bcc58593          	addi	a1,a1,-1076 # 7bcc <_read+0x392>
     a26:	0028                	addi	a0,sp,8
     a28:	80f19423          	sh	a5,-2040(gp) # 20000098 <BACK_COLOR>
     a2c:	85419423          	sh	s4,-1976(gp) # 200000d8 <POINT_COLOR>
     a30:	031050ef          	jal	ra,6260 <siprintf>
     a34:	0034                	addi	a3,sp,8
     a36:	4701                	li	a4,0
     a38:	4641                	li	a2,16
     a3a:	4595                	li	a1,5
     a3c:	0b400513          	li	a0,180
     a40:	083010ef          	jal	ra,22c2 <LCD_ShowString>
     a44:	6145                	addi	sp,sp,48
     a46:	fc4ff06f          	j	20a <__riscv_restore_4>

00000a4a <UI_UpdateSensors>:
     a4a:	fa6ff2ef          	jal	t0,1f0 <__riscv_save_0>
     a4e:	6741                	lui	a4,0x10
     a50:	177d                	addi	a4,a4,-1
     a52:	7139                	addi	sp,sp,-64
     a54:	08200693          	li	a3,130
     a58:	0ea00613          	li	a2,234
     a5c:	04800593          	li	a1,72
     a60:	4515                	li	a0,5
     a62:	648010ef          	jal	ra,20aa <LCD_Fill>
     a66:	8421c703          	lbu	a4,-1982(gp) # 200000d2 <sensor_ok>
     a6a:	84218913          	addi	s2,gp,-1982 # 200000d2 <sensor_ok>
     a6e:	14070963          	beqz	a4,bc0 <UI_UpdateSensors+0x176>
     a72:	83c1a403          	lw	s0,-1988(gp) # 200000cc <display_temp>
     a76:	000087b7          	lui	a5,0x8
     a7a:	8487a583          	lw	a1,-1976(a5) # 7848 <_read+0xe>
     a7e:	8522                	mv	a0,s0
     a80:	0ea050ef          	jal	ra,5b6a <__mulsf3>
     a84:	376050ef          	jal	ra,5dfa <__fixsfsi>
     a88:	46a9                	li	a3,10
     a8a:	02d56533          	rem	a0,a0,a3
     a8e:	41f55693          	srai	a3,a0,0x1f
     a92:	8d35                	xor	a0,a0,a3
     a94:	40d506b3          	sub	a3,a0,a3
     a98:	8522                	mv	a0,s0
     a9a:	c636                	sw	a3,12(sp)
     a9c:	35e050ef          	jal	ra,5dfa <__fixsfsi>
     aa0:	46b2                	lw	a3,12(sp)
     aa2:	000085b7          	lui	a1,0x8
     aa6:	862a                	mv	a2,a0
     aa8:	bfc58593          	addi	a1,a1,-1028 # 7bfc <_read+0x3c2>
     aac:	0828                	addi	a0,sp,24
     aae:	7b2050ef          	jal	ra,6260 <siprintf>
     ab2:	66c1                	lui	a3,0x10
     ab4:	47c1                	li	a5,16
     ab6:	4801                	li	a6,0
     ab8:	0838                	addi	a4,sp,24
     aba:	16fd                	addi	a3,a3,-1
     abc:	4601                	li	a2,0
     abe:	04b00593          	li	a1,75
     ac2:	4515                	li	a0,5
     ac4:	84019423          	sh	zero,-1976(gp) # 200000d8 <POINT_COLOR>
     ac8:	321010ef          	jal	ra,25e8 <Show_Str>
     acc:	00094783          	lbu	a5,0(s2)
     ad0:	10078063          	beqz	a5,bd0 <UI_UpdateSensors+0x186>
     ad4:	8341a503          	lw	a0,-1996(gp) # 200000c4 <display_humi>
     ad8:	322050ef          	jal	ra,5dfa <__fixsfsi>
     adc:	000085b7          	lui	a1,0x8
     ae0:	862a                	mv	a2,a0
     ae2:	c1c58593          	addi	a1,a1,-996 # 7c1c <_read+0x3e2>
     ae6:	0828                	addi	a0,sp,24
     ae8:	778050ef          	jal	ra,6260 <siprintf>
     aec:	6441                	lui	s0,0x10
     aee:	47c1                	li	a5,16
     af0:	fff40693          	addi	a3,s0,-1 # ffff <_data_lma+0x611b>
     af4:	4801                	li	a6,0
     af6:	0838                	addi	a4,sp,24
     af8:	4601                	li	a2,0
     afa:	04b00593          	li	a1,75
     afe:	08200513          	li	a0,130
     b02:	84019423          	sh	zero,-1976(gp) # 200000d8 <POINT_COLOR>
     b06:	2e3010ef          	jal	ra,25e8 <Show_Str>
     b0a:	8401d683          	lhu	a3,-1984(gp) # 200000d0 <display_tvoc>
     b0e:	0e068d63          	beqz	a3,c08 <UI_UpdateSensors+0x1be>
     b12:	06300793          	li	a5,99
     b16:	0cd7f563          	bgeu	a5,a3,be0 <UI_UpdateSensors+0x196>
     b1a:	12b00793          	li	a5,299
     b1e:	0cd7f863          	bgeu	a5,a3,bee <UI_UpdateSensors+0x1a4>
     b22:	1f300793          	li	a5,499
     b26:	0cd7fa63          	bgeu	a5,a3,bfa <UI_UpdateSensors+0x1b0>
     b2a:	00008637          	lui	a2,0x8
     b2e:	81f40413          	addi	s0,s0,-2017
     b32:	bf460613          	addi	a2,a2,-1036 # 7bf4 <_read+0x3ba>
     b36:	000085b7          	lui	a1,0x8
     b3a:	c3458593          	addi	a1,a1,-972 # 7c34 <_read+0x3fa>
     b3e:	0828                	addi	a0,sp,24
     b40:	84819423          	sh	s0,-1976(gp) # 200000d8 <POINT_COLOR>
     b44:	71c050ef          	jal	ra,6260 <siprintf>
     b48:	4701                	li	a4,0
     b4a:	0834                	addi	a3,sp,24
     b4c:	4641                	li	a2,16
     b4e:	05f00593          	li	a1,95
     b52:	4515                	li	a0,5
     b54:	76e010ef          	jal	ra,22c2 <LCD_ShowString>
     b58:	8321d603          	lhu	a2,-1998(gp) # 200000c2 <display_co2>
     b5c:	000085b7          	lui	a1,0x8
     b60:	c4c58593          	addi	a1,a1,-948 # 7c4c <_read+0x412>
     b64:	0828                	addi	a0,sp,24
     b66:	84019423          	sh	zero,-1976(gp) # 200000d8 <POINT_COLOR>
     b6a:	6f6050ef          	jal	ra,6260 <siprintf>
     b6e:	4701                	li	a4,0
     b70:	0834                	addi	a3,sp,24
     b72:	4641                	li	a2,16
     b74:	07000593          	li	a1,112
     b78:	4515                	li	a0,5
     b7a:	748010ef          	jal	ra,22c2 <LCD_ShowString>
     b7e:	8381a403          	lw	s0,-1992(gp) # 200000c8 <display_lux>
     b82:	84019423          	sh	zero,-1976(gp) # 200000d8 <POINT_COLOR>
     b86:	00000593          	li	a1,0
     b8a:	8522                	mv	a0,s0
     b8c:	759040ef          	jal	ra,5ae4 <__gesf2>
     b90:	08a05e63          	blez	a0,c2c <UI_UpdateSensors+0x1e2>
     b94:	8522                	mv	a0,s0
     b96:	264050ef          	jal	ra,5dfa <__fixsfsi>
     b9a:	000085b7          	lui	a1,0x8
     b9e:	862a                	mv	a2,a0
     ba0:	c6858593          	addi	a1,a1,-920 # 7c68 <_read+0x42e>
     ba4:	0828                	addi	a0,sp,24
     ba6:	6ba050ef          	jal	ra,6260 <siprintf>
     baa:	0834                	addi	a3,sp,24
     bac:	4701                	li	a4,0
     bae:	4641                	li	a2,16
     bb0:	08100593          	li	a1,129
     bb4:	4515                	li	a0,5
     bb6:	70c010ef          	jal	ra,22c2 <LCD_ShowString>
     bba:	6121                	addi	sp,sp,64
     bbc:	e58ff06f          	j	214 <__riscv_restore_0>
     bc0:	000085b7          	lui	a1,0x8
     bc4:	c0c58593          	addi	a1,a1,-1012 # 7c0c <_read+0x3d2>
     bc8:	0828                	addi	a0,sp,24
     bca:	6dc050ef          	jal	ra,62a6 <strcpy>
     bce:	b5d5                	j	ab2 <UI_UpdateSensors+0x68>
     bd0:	000085b7          	lui	a1,0x8
     bd4:	c2858593          	addi	a1,a1,-984 # 7c28 <_read+0x3ee>
     bd8:	0828                	addi	a0,sp,24
     bda:	686050ef          	jal	ra,6260 <siprintf>
     bde:	b739                	j	aec <UI_UpdateSensors+0xa2>
     be0:	00008637          	lui	a2,0x8
     be4:	7e000413          	li	s0,2016
     be8:	be060613          	addi	a2,a2,-1056 # 7be0 <_read+0x3a6>
     bec:	b7a9                	j	b36 <UI_UpdateSensors+0xec>
     bee:	00008637          	lui	a2,0x8
     bf2:	1401                	addi	s0,s0,-32
     bf4:	be860613          	addi	a2,a2,-1048 # 7be8 <_read+0x3ae>
     bf8:	bf3d                	j	b36 <UI_UpdateSensors+0xec>
     bfa:	00008637          	lui	a2,0x8
     bfe:	80040413          	addi	s0,s0,-2048
     c02:	bd860613          	addi	a2,a2,-1064 # 7bd8 <_read+0x39e>
     c06:	bf05                	j	b36 <UI_UpdateSensors+0xec>
     c08:	77e1                	lui	a5,0xffff8
     c0a:	000085b7          	lui	a1,0x8
     c0e:	43078793          	addi	a5,a5,1072 # ffff8430 <_eusrstack+0xdfff0430>
     c12:	c5858593          	addi	a1,a1,-936 # 7c58 <_read+0x41e>
     c16:	0828                	addi	a0,sp,24
     c18:	84f19423          	sh	a5,-1976(gp) # 200000d8 <POINT_COLOR>
     c1c:	68a050ef          	jal	ra,62a6 <strcpy>
     c20:	4701                	li	a4,0
     c22:	0834                	addi	a3,sp,24
     c24:	4641                	li	a2,16
     c26:	05f00593          	li	a1,95
     c2a:	b7b9                	j	b78 <UI_UpdateSensors+0x12e>
     c2c:	000085b7          	lui	a1,0x8
     c30:	c7858593          	addi	a1,a1,-904 # 7c78 <_read+0x43e>
     c34:	0828                	addi	a0,sp,24
     c36:	670050ef          	jal	ra,62a6 <strcpy>
     c3a:	bf85                	j	baa <UI_UpdateSensors+0x160>

00000c3c <UI_DrawAll>:
     c3c:	d9aff2ef          	jal	t0,1d6 <__riscv_save_4>
     c40:	69c1                	lui	s3,0x10
     c42:	1101                	addi	sp,sp,-32
     c44:	fff98513          	addi	a0,s3,-1 # ffff <_data_lma+0x611b>
     c48:	0aa010ef          	jal	ra,1cf2 <LCD_Clear>
     c4c:	477d                	li	a4,31
     c4e:	46e5                	li	a3,25
     c50:	0ef00613          	li	a2,239
     c54:	4581                	li	a1,0
     c56:	4501                	li	a0,0
     c58:	452010ef          	jal	ra,20aa <LCD_Fill>
     c5c:	00008737          	lui	a4,0x8
     c60:	4801                	li	a6,0
     c62:	47c1                	li	a5,16
     c64:	b6870713          	addi	a4,a4,-1176 # 7b68 <_read+0x32e>
     c68:	46fd                	li	a3,31
     c6a:	fff98613          	addi	a2,s3,-1
     c6e:	4595                	li	a1,5
     c70:	4515                	li	a0,5
     c72:	177010ef          	jal	ra,25e8 <Show_Str>
     c76:	85c18413          	addi	s0,gp,-1956 # 200000ec <current_time>
     c7a:	3014                	lbu	a3,1(s0)
     c7c:	85c1c603          	lbu	a2,-1956(gp) # 200000ec <current_time>
     c80:	000085b7          	lui	a1,0x8
     c84:	bcc58593          	addi	a1,a1,-1076 # 7bcc <_read+0x392>
     c88:	850a                	mv	a0,sp
     c8a:	5d6050ef          	jal	ra,6260 <siprintf>
     c8e:	47fd                	li	a5,31
     c90:	5afd                	li	s5,-1
     c92:	4701                	li	a4,0
     c94:	868a                	mv	a3,sp
     c96:	4641                	li	a2,16
     c98:	4595                	li	a1,5
     c9a:	0b400513          	li	a0,180
     c9e:	80f19423          	sh	a5,-2040(gp) # 20000098 <BACK_COLOR>
     ca2:	85519423          	sh	s5,-1976(gp) # 200000d8 <POINT_COLOR>
     ca6:	61c010ef          	jal	ra,22c2 <LCD_ShowString>
     caa:	00244883          	lbu	a7,2(s0)
     cae:	00144803          	lbu	a6,1(s0)
     cb2:	85c1c783          	lbu	a5,-1956(gp) # 200000ec <current_time>
     cb6:	3038                	lbu	a4,3(s0)
     cb8:	2054                	lbu	a3,4(s0)
     cba:	2072                	lhu	a2,6(s0)
     cbc:	000085b7          	lui	a1,0x8
     cc0:	bac58593          	addi	a1,a1,-1108 # 7bac <_read+0x372>
     cc4:	850a                	mv	a0,sp
     cc6:	84019423          	sh	zero,-1976(gp) # 200000d8 <POINT_COLOR>
     cca:	81519423          	sh	s5,-2040(gp) # 20000098 <BACK_COLOR>
     cce:	592050ef          	jal	ra,6260 <siprintf>
     cd2:	4701                	li	a4,0
     cd4:	868a                	mv	a3,sp
     cd6:	4641                	li	a2,16
     cd8:	02000593          	li	a1,32
     cdc:	4551                	li	a0,20
     cde:	5e4010ef          	jal	ra,22c2 <LCD_ShowString>
     ce2:	77e1                	lui	a5,0xffff8
     ce4:	43078793          	addi	a5,a5,1072 # ffff8430 <_eusrstack+0xdfff0430>
     ce8:	03200693          	li	a3,50
     cec:	0ea00613          	li	a2,234
     cf0:	03200593          	li	a1,50
     cf4:	4515                	li	a0,5
     cf6:	84f19423          	sh	a5,-1976(gp) # 200000d8 <POINT_COLOR>
     cfa:	416010ef          	jal	ra,2110 <LCD_DrawLine>
     cfe:	00008737          	lui	a4,0x8
     d02:	47c1                	li	a5,16
     d04:	4801                	li	a6,0
     d06:	b7470713          	addi	a4,a4,-1164 # 7b74 <_read+0x33a>
     d0a:	fff98693          	addi	a3,s3,-1
     d0e:	1cf00613          	li	a2,463
     d12:	03700593          	li	a1,55
     d16:	4515                	li	a0,5
     d18:	0d1010ef          	jal	ra,25e8 <Show_Str>
     d1c:	84318413          	addi	s0,gp,-1981 # 200000d3 <wifi_connected>
     d20:	332d                	jal	a4a <UI_UpdateSensors>
     d22:	201c                	lbu	a5,0(s0)
     d24:	c3e1                	beqz	a5,de4 <UI_DrawAll+0x1a8>
     d26:	20000637          	lui	a2,0x20000
     d2a:	000085b7          	lui	a1,0x8
     d2e:	00060613          	mv	a2,a2
     d32:	a1c58593          	addi	a1,a1,-1508 # 7a1c <_read+0x1e2>
     d36:	850a                	mv	a0,sp
     d38:	528050ef          	jal	ra,6260 <siprintf>
     d3c:	2018                	lbu	a4,0(s0)
     d3e:	7e000793          	li	a5,2016
     d42:	e701                	bnez	a4,d4a <UI_DrawAll+0x10e>
     d44:	67a1                	lui	a5,0x8
     d46:	43078793          	addi	a5,a5,1072 # 8430 <asc2_1608+0x270>
     d4a:	4701                	li	a4,0
     d4c:	868a                	mv	a3,sp
     d4e:	4641                	li	a2,16
     d50:	07300593          	li	a1,115
     d54:	4515                	li	a0,5
     d56:	84f19423          	sh	a5,-1976(gp) # 200000d8 <POINT_COLOR>
     d5a:	568010ef          	jal	ra,22c2 <LCD_ShowString>
     d5e:	8261c783          	lbu	a5,-2010(gp) # 200000b6 <alarm_active>
     d62:	cfb5                	beqz	a5,dde <UI_DrawAll+0x1a2>
     d64:	6741                	lui	a4,0x10
     d66:	1701                	addi	a4,a4,-32
     d68:	10e00693          	li	a3,270
     d6c:	0dc00613          	li	a2,220
     d70:	0c800593          	li	a1,200
     d74:	4551                	li	a0,20
     d76:	334010ef          	jal	ra,20aa <LCD_Fill>
     d7a:	80000793          	li	a5,-2048
     d7e:	000086b7          	lui	a3,0x8
     d82:	84f19423          	sh	a5,-1976(gp) # 200000d8 <POINT_COLOR>
     d86:	4701                	li	a4,0
     d88:	5781                	li	a5,-32
     d8a:	b8c68693          	addi	a3,a3,-1140 # 7b8c <_read+0x352>
     d8e:	4641                	li	a2,16
     d90:	0d200593          	li	a1,210
     d94:	02300513          	li	a0,35
     d98:	80f19423          	sh	a5,-2040(gp) # 20000098 <BACK_COLOR>
     d9c:	526010ef          	jal	ra,22c2 <LCD_ShowString>
     da0:	8271c783          	lbu	a5,-2009(gp) # 200000b7 <alarm_slot_index>
     da4:	4761                	li	a4,24
     da6:	20000637          	lui	a2,0x20000
     daa:	02e787b3          	mul	a5,a5,a4
     dae:	0f860613          	addi	a2,a2,248 # 200000f8 <schedule>
     db2:	000085b7          	lui	a1,0x8
     db6:	ba058593          	addi	a1,a1,-1120 # 7ba0 <_read+0x366>
     dba:	850a                	mv	a0,sp
     dbc:	00f60733          	add	a4,a2,a5
     dc0:	2334                	lbu	a3,2(a4)
     dc2:	0791                	addi	a5,a5,4
     dc4:	963e                	add	a2,a2,a5
     dc6:	49a050ef          	jal	ra,6260 <siprintf>
     dca:	4701                	li	a4,0
     dcc:	868a                	mv	a3,sp
     dce:	4641                	li	a2,16
     dd0:	0eb00593          	li	a1,235
     dd4:	4579                	li	a0,30
     dd6:	84019423          	sh	zero,-1976(gp) # 200000d8 <POINT_COLOR>
     dda:	4e8010ef          	jal	ra,22c2 <LCD_ShowString>
     dde:	6105                	addi	sp,sp,32
     de0:	c2aff06f          	j	20a <__riscv_restore_4>
     de4:	000085b7          	lui	a1,0x8
     de8:	b8058593          	addi	a1,a1,-1152 # 7b80 <_read+0x346>
     dec:	850a                	mv	a0,sp
     dee:	4b8050ef          	jal	ra,62a6 <strcpy>
     df2:	bf89                	j	d44 <UI_DrawAll+0x108>

00000df4 <SystemInit>:
     df4:	400217b7          	lui	a5,0x40021
     df8:	4398                	lw	a4,0(a5)
     dfa:	f0ff06b7          	lui	a3,0xf0ff0
     dfe:	1141                	addi	sp,sp,-16
     e00:	00176713          	ori	a4,a4,1
     e04:	c398                	sw	a4,0(a5)
     e06:	43d8                	lw	a4,4(a5)
     e08:	00020637          	lui	a2,0x20
     e0c:	8f75                	and	a4,a4,a3
     e0e:	c3d8                	sw	a4,4(a5)
     e10:	4398                	lw	a4,0(a5)
     e12:	fef706b7          	lui	a3,0xfef70
     e16:	16fd                	addi	a3,a3,-1
     e18:	8f75                	and	a4,a4,a3
     e1a:	c398                	sw	a4,0(a5)
     e1c:	4398                	lw	a4,0(a5)
     e1e:	fffc06b7          	lui	a3,0xfffc0
     e22:	16fd                	addi	a3,a3,-1
     e24:	8f75                	and	a4,a4,a3
     e26:	c398                	sw	a4,0(a5)
     e28:	43d8                	lw	a4,4(a5)
     e2a:	ff0106b7          	lui	a3,0xff010
     e2e:	16fd                	addi	a3,a3,-1
     e30:	8f75                	and	a4,a4,a3
     e32:	c3d8                	sw	a4,4(a5)
     e34:	4398                	lw	a4,0(a5)
     e36:	ec0006b7          	lui	a3,0xec000
     e3a:	16fd                	addi	a3,a3,-1
     e3c:	8f75                	and	a4,a4,a3
     e3e:	c398                	sw	a4,0(a5)
     e40:	00ff0737          	lui	a4,0xff0
     e44:	c798                	sw	a4,8(a5)
     e46:	0207a623          	sw	zero,44(a5) # 4002102c <_eusrstack+0x2001902c>
     e4a:	c402                	sw	zero,8(sp)
     e4c:	c602                	sw	zero,12(sp)
     e4e:	4398                	lw	a4,0(a5)
     e50:	66c1                	lui	a3,0x10
     e52:	8f55                	or	a4,a4,a3
     e54:	c398                	sw	a4,0(a5)
     e56:	400216b7          	lui	a3,0x40021
     e5a:	6705                	lui	a4,0x1
     e5c:	429c                	lw	a5,0(a3)
     e5e:	8ff1                	and	a5,a5,a2
     e60:	c63e                	sw	a5,12(sp)
     e62:	47a2                	lw	a5,8(sp)
     e64:	0785                	addi	a5,a5,1
     e66:	c43e                	sw	a5,8(sp)
     e68:	47b2                	lw	a5,12(sp)
     e6a:	e781                	bnez	a5,e72 <SystemInit+0x7e>
     e6c:	47a2                	lw	a5,8(sp)
     e6e:	fee797e3          	bne	a5,a4,e5c <SystemInit+0x68>
     e72:	400217b7          	lui	a5,0x40021
     e76:	439c                	lw	a5,0(a5)
     e78:	00e79713          	slli	a4,a5,0xe
     e7c:	06075763          	bgez	a4,eea <SystemInit+0xf6>
     e80:	4785                	li	a5,1
     e82:	c63e                	sw	a5,12(sp)
     e84:	4732                	lw	a4,12(sp)
     e86:	4785                	li	a5,1
     e88:	04f71f63          	bne	a4,a5,ee6 <SystemInit+0xf2>
     e8c:	400217b7          	lui	a5,0x40021
     e90:	43d8                	lw	a4,4(a5)
     e92:	ffc106b7          	lui	a3,0xffc10
     e96:	16fd                	addi	a3,a3,-1
     e98:	c3d8                	sw	a4,4(a5)
     e9a:	43d8                	lw	a4,4(a5)
     e9c:	c3d8                	sw	a4,4(a5)
     e9e:	43d8                	lw	a4,4(a5)
     ea0:	40076713          	ori	a4,a4,1024
     ea4:	c3d8                	sw	a4,4(a5)
     ea6:	43d8                	lw	a4,4(a5)
     ea8:	8f75                	and	a4,a4,a3
     eaa:	c3d8                	sw	a4,4(a5)
     eac:	43d8                	lw	a4,4(a5)
     eae:	002906b7          	lui	a3,0x290
     eb2:	8f55                	or	a4,a4,a3
     eb4:	c3d8                	sw	a4,4(a5)
     eb6:	4398                	lw	a4,0(a5)
     eb8:	010006b7          	lui	a3,0x1000
     ebc:	8f55                	or	a4,a4,a3
     ebe:	c398                	sw	a4,0(a5)
     ec0:	4398                	lw	a4,0(a5)
     ec2:	00671693          	slli	a3,a4,0x6
     ec6:	fe06dde3          	bgez	a3,ec0 <SystemInit+0xcc>
     eca:	43d8                	lw	a4,4(a5)
     ecc:	400216b7          	lui	a3,0x40021
     ed0:	9b71                	andi	a4,a4,-4
     ed2:	c3d8                	sw	a4,4(a5)
     ed4:	43d8                	lw	a4,4(a5)
     ed6:	00276713          	ori	a4,a4,2
     eda:	c3d8                	sw	a4,4(a5)
     edc:	4721                	li	a4,8
     ede:	42dc                	lw	a5,4(a3)
     ee0:	8bb1                	andi	a5,a5,12
     ee2:	fee79ee3          	bne	a5,a4,ede <SystemInit+0xea>
     ee6:	0141                	addi	sp,sp,16
     ee8:	8082                	ret
     eea:	c602                	sw	zero,12(sp)
     eec:	bf61                	j	e84 <SystemInit+0x90>

00000eee <SystemCoreClockUpdate>:
     eee:	400216b7          	lui	a3,0x40021
     ef2:	42d8                	lw	a4,4(a3)
     ef4:	200007b7          	lui	a5,0x20000
     ef8:	4611                	li	a2,4
     efa:	8b31                	andi	a4,a4,12
     efc:	09078793          	addi	a5,a5,144 # 20000090 <SystemCoreClock>
     f00:	00c70563          	beq	a4,a2,f0a <SystemCoreClockUpdate+0x1c>
     f04:	4621                	li	a2,8
     f06:	02c70863          	beq	a4,a2,f36 <SystemCoreClockUpdate+0x48>
     f0a:	007a1737          	lui	a4,0x7a1
     f0e:	20070713          	addi	a4,a4,512 # 7a1200 <_data_lma+0x79731c>
     f12:	c398                	sw	a4,0(a5)
     f14:	40021737          	lui	a4,0x40021
     f18:	4358                	lw	a4,4(a4)
     f1a:	8311                	srli	a4,a4,0x4
     f1c:	00f77693          	andi	a3,a4,15
     f20:	20000737          	lui	a4,0x20000
     f24:	01070713          	addi	a4,a4,16 # 20000010 <AHBPrescTable>
     f28:	9736                	add	a4,a4,a3
     f2a:	2314                	lbu	a3,0(a4)
     f2c:	4398                	lw	a4,0(a5)
     f2e:	00d75733          	srl	a4,a4,a3
     f32:	c398                	sw	a4,0(a5)
     f34:	8082                	ret
     f36:	42d8                	lw	a4,4(a3)
     f38:	42d4                	lw	a3,4(a3)
     f3a:	6641                	lui	a2,0x10
     f3c:	8349                	srli	a4,a4,0x12
     f3e:	8b3d                	andi	a4,a4,15
     f40:	8ef1                	and	a3,a3,a2
     f42:	00270613          	addi	a2,a4,2
     f46:	cf15                	beqz	a4,f82 <SystemCoreClockUpdate+0x94>
     f48:	473d                	li	a4,15
     f4a:	02e60f63          	beq	a2,a4,f88 <SystemCoreClockUpdate+0x9a>
     f4e:	4741                	li	a4,16
     f50:	02e60f63          	beq	a2,a4,f8e <SystemCoreClockUpdate+0xa0>
     f54:	4745                	li	a4,17
     f56:	4581                	li	a1,0
     f58:	00e61363          	bne	a2,a4,f5e <SystemCoreClockUpdate+0x70>
     f5c:	4641                	li	a2,16
     f5e:	e2a1                	bnez	a3,f9e <SystemCoreClockUpdate+0xb0>
     f60:	40024737          	lui	a4,0x40024
     f64:	80072703          	lw	a4,-2048(a4) # 40023800 <_eusrstack+0x2001b800>
     f68:	8b41                	andi	a4,a4,16
     f6a:	c70d                	beqz	a4,f94 <SystemCoreClockUpdate+0xa6>
     f6c:	007a1737          	lui	a4,0x7a1
     f70:	20070713          	addi	a4,a4,512 # 7a1200 <_data_lma+0x79731c>
     f74:	02c70633          	mul	a2,a4,a2
     f78:	c390                	sw	a2,0(a5)
     f7a:	ddc9                	beqz	a1,f14 <SystemCoreClockUpdate+0x26>
     f7c:	4398                	lw	a4,0(a5)
     f7e:	8305                	srli	a4,a4,0x1
     f80:	bf49                	j	f12 <SystemCoreClockUpdate+0x24>
     f82:	4581                	li	a1,0
     f84:	4649                	li	a2,18
     f86:	bfe1                	j	f5e <SystemCoreClockUpdate+0x70>
     f88:	4585                	li	a1,1
     f8a:	4635                	li	a2,13
     f8c:	bfc9                	j	f5e <SystemCoreClockUpdate+0x70>
     f8e:	4581                	li	a1,0
     f90:	463d                	li	a2,15
     f92:	b7f1                	j	f5e <SystemCoreClockUpdate+0x70>
     f94:	003d1737          	lui	a4,0x3d1
     f98:	90070713          	addi	a4,a4,-1792 # 3d0900 <_data_lma+0x3c6a1c>
     f9c:	bfe1                	j	f74 <SystemCoreClockUpdate+0x86>
     f9e:	40021537          	lui	a0,0x40021
     fa2:	5558                	lw	a4,44(a0)
     fa4:	00f71693          	slli	a3,a4,0xf
     fa8:	5558                	lw	a4,44(a0)
     faa:	0406df63          	bgez	a3,1008 <SystemCoreClockUpdate+0x11a>
     fae:	8311                	srli	a4,a4,0x4
     fb0:	8b3d                	andi	a4,a4,15
     fb2:	00170693          	addi	a3,a4,1
     fb6:	007a1737          	lui	a4,0x7a1
     fba:	20070713          	addi	a4,a4,512 # 7a1200 <_data_lma+0x79731c>
     fbe:	02d75733          	divu	a4,a4,a3
     fc2:	c398                	sw	a4,0(a5)
     fc4:	5554                	lw	a3,44(a0)
     fc6:	82a1                	srli	a3,a3,0x8
     fc8:	8abd                	andi	a3,a3,15
     fca:	e28d                	bnez	a3,fec <SystemCoreClockUpdate+0xfe>
     fcc:	4695                	li	a3,5
     fce:	02d70733          	mul	a4,a4,a3
     fd2:	8305                	srli	a4,a4,0x1
     fd4:	c398                	sw	a4,0(a5)
     fd6:	40021737          	lui	a4,0x40021
     fda:	5758                	lw	a4,44(a4)
     fdc:	4394                	lw	a3,0(a5)
     fde:	8b3d                	andi	a4,a4,15
     fe0:	0705                	addi	a4,a4,1
     fe2:	02e6d733          	divu	a4,a3,a4
     fe6:	c398                	sw	a4,0(a5)
     fe8:	4398                	lw	a4,0(a5)
     fea:	b769                	j	f74 <SystemCoreClockUpdate+0x86>
     fec:	4505                	li	a0,1
     fee:	00a69463          	bne	a3,a0,ff6 <SystemCoreClockUpdate+0x108>
     ff2:	46e5                	li	a3,25
     ff4:	bfe9                	j	fce <SystemCoreClockUpdate+0xe0>
     ff6:	453d                	li	a0,15
     ff8:	00a69663          	bne	a3,a0,1004 <SystemCoreClockUpdate+0x116>
     ffc:	46d1                	li	a3,20
     ffe:	02e68733          	mul	a4,a3,a4
    1002:	bfc9                	j	fd4 <SystemCoreClockUpdate+0xe6>
    1004:	0689                	addi	a3,a3,2
    1006:	bfe5                	j	ffe <SystemCoreClockUpdate+0x110>
    1008:	8b3d                	andi	a4,a4,15
    100a:	00170693          	addi	a3,a4,1 # 40021001 <_eusrstack+0x20019001>
    100e:	007a1737          	lui	a4,0x7a1
    1012:	20070713          	addi	a4,a4,512 # 7a1200 <_data_lma+0x79731c>
    1016:	02d75733          	divu	a4,a4,a3
    101a:	b7f1                	j	fe6 <SystemCoreClockUpdate+0xf8>

0000101c <ADC1_2_IRQHandler>:
    101c:	a001                	j	101c <ADC1_2_IRQHandler>

0000101e <handle_reset>:
    101e:	20000197          	auipc	gp,0x20000
    1022:	87218193          	addi	gp,gp,-1934 # 20000890 <__global_pointer$>
    1026:	20007117          	auipc	sp,0x20007
    102a:	fda10113          	addi	sp,sp,-38 # 20008000 <_eusrstack>
    102e:	00009517          	auipc	a0,0x9
    1032:	eb650513          	addi	a0,a0,-330 # 9ee4 <_data_lma>
    1036:	1ffff597          	auipc	a1,0x1ffff
    103a:	fca58593          	addi	a1,a1,-54 # 20000000 <_data_vma>
    103e:	82018613          	addi	a2,gp,-2016 # 200000b0 <_edata>
    1042:	00c5fa63          	bgeu	a1,a2,1056 <handle_reset+0x38>
    1046:	00052283          	lw	t0,0(a0)
    104a:	0055a023          	sw	t0,0(a1)
    104e:	0511                	addi	a0,a0,4
    1050:	0591                	addi	a1,a1,4
    1052:	fec5eae3          	bltu	a1,a2,1046 <handle_reset+0x28>
    1056:	82018513          	addi	a0,gp,-2016 # 200000b0 <_edata>
    105a:	b4c18593          	addi	a1,gp,-1204 # 200003dc <_ebss>
    105e:	00b57763          	bgeu	a0,a1,106c <handle_reset+0x4e>
    1062:	00052023          	sw	zero,0(a0)
    1066:	0511                	addi	a0,a0,4
    1068:	feb56de3          	bltu	a0,a1,1062 <handle_reset+0x44>
    106c:	42fd                	li	t0,31
    106e:	bc029073          	csrw	0xbc0,t0
    1072:	42ad                	li	t0,11
    1074:	80429073          	csrw	0x804,t0
    1078:	000062b7          	lui	t0,0x6
    107c:	08828293          	addi	t0,t0,136 # 6088 <memcpy+0x24>
    1080:	30029073          	csrw	mstatus,t0
    1084:	fffff297          	auipc	t0,0xfffff
    1088:	f8028293          	addi	t0,t0,-128 # 4 <_einit>
    108c:	0032e293          	ori	t0,t0,3
    1090:	30529073          	csrw	mtvec,t0
    1094:	d61ff0ef          	jal	ra,df4 <SystemInit>
    1098:	fffff297          	auipc	t0,0xfffff
    109c:	24228293          	addi	t0,t0,578 # 2da <main>
    10a0:	34129073          	csrw	mepc,t0
    10a4:	30200073          	mret

000010a8 <GPIO_Init>:
    10a8:	459c                	lw	a5,8(a1)
    10aa:	0107f713          	andi	a4,a5,16
    10ae:	00f7f813          	andi	a6,a5,15
    10b2:	c701                	beqz	a4,10ba <GPIO_Init+0x12>
    10b4:	41d8                	lw	a4,4(a1)
    10b6:	00e86833          	or	a6,a6,a4
    10ba:	218e                	lhu	a1,0(a1)
    10bc:	0ff5f713          	andi	a4,a1,255
    10c0:	c339                	beqz	a4,1106 <GPIO_Init+0x5e>
    10c2:	4118                	lw	a4,0(a0)
    10c4:	4681                	li	a3,0
    10c6:	4e85                	li	t4,1
    10c8:	4f3d                	li	t5,15
    10ca:	02800f93          	li	t6,40
    10ce:	04800293          	li	t0,72
    10d2:	4e21                	li	t3,8
    10d4:	00de9633          	sll	a2,t4,a3
    10d8:	00c5f8b3          	and	a7,a1,a2
    10dc:	03161163          	bne	a2,a7,10fe <GPIO_Init+0x56>
    10e0:	00269893          	slli	a7,a3,0x2
    10e4:	011f1333          	sll	t1,t5,a7
    10e8:	fff34313          	not	t1,t1
    10ec:	00e37733          	and	a4,t1,a4
    10f0:	011818b3          	sll	a7,a6,a7
    10f4:	00e8e733          	or	a4,a7,a4
    10f8:	05f79f63          	bne	a5,t6,1156 <GPIO_Init+0xae>
    10fc:	c950                	sw	a2,20(a0)
    10fe:	0685                	addi	a3,a3,1
    1100:	fdc69ae3          	bne	a3,t3,10d4 <GPIO_Init+0x2c>
    1104:	c118                	sw	a4,0(a0)
    1106:	0ff00713          	li	a4,255
    110a:	04b77563          	bgeu	a4,a1,1154 <GPIO_Init+0xac>
    110e:	4154                	lw	a3,4(a0)
    1110:	4621                	li	a2,8
    1112:	4e85                	li	t4,1
    1114:	4f3d                	li	t5,15
    1116:	02800f93          	li	t6,40
    111a:	04800293          	li	t0,72
    111e:	4e41                	li	t3,16
    1120:	00ce98b3          	sll	a7,t4,a2
    1124:	0115f733          	and	a4,a1,a7
    1128:	02e89263          	bne	a7,a4,114c <GPIO_Init+0xa4>
    112c:	00261713          	slli	a4,a2,0x2
    1130:	1701                	addi	a4,a4,-32
    1132:	00ef1333          	sll	t1,t5,a4
    1136:	fff34313          	not	t1,t1
    113a:	00d376b3          	and	a3,t1,a3
    113e:	00e81733          	sll	a4,a6,a4
    1142:	8ed9                	or	a3,a3,a4
    1144:	01f79d63          	bne	a5,t6,115e <GPIO_Init+0xb6>
    1148:	01152a23          	sw	a7,20(a0)
    114c:	0605                	addi	a2,a2,1
    114e:	fdc619e3          	bne	a2,t3,1120 <GPIO_Init+0x78>
    1152:	c154                	sw	a3,4(a0)
    1154:	8082                	ret
    1156:	fa5794e3          	bne	a5,t0,10fe <GPIO_Init+0x56>
    115a:	c910                	sw	a2,16(a0)
    115c:	b74d                	j	10fe <GPIO_Init+0x56>
    115e:	fe5797e3          	bne	a5,t0,114c <GPIO_Init+0xa4>
    1162:	01152823          	sw	a7,16(a0)
    1166:	b7dd                	j	114c <GPIO_Init+0xa4>

00001168 <GPIO_ReadInputDataBit>:
    1168:	4508                	lw	a0,8(a0)
    116a:	8d6d                	and	a0,a0,a1
    116c:	00a03533          	snez	a0,a0
    1170:	8082                	ret

00001172 <GPIO_SetBits>:
    1172:	c90c                	sw	a1,16(a0)
    1174:	8082                	ret

00001176 <GPIO_ResetBits>:
    1176:	c94c                	sw	a1,20(a0)
    1178:	8082                	ret

0000117a <I2C_Init>:
    117a:	876ff2ef          	jal	t0,1f0 <__riscv_save_0>
    117e:	7179                	addi	sp,sp,-48
    1180:	2146                	lhu	s1,4(a0)
    1182:	842a                	mv	s0,a0
    1184:	0868                	addi	a0,sp,28
    1186:	c62e                	sw	a1,12(sp)
    1188:	2c39                	jal	13a6 <RCC_GetClocksFreq>
    118a:	5792                	lw	a5,36(sp)
    118c:	000f4737          	lui	a4,0xf4
    1190:	24070713          	addi	a4,a4,576 # f4240 <_data_lma+0xea35c>
    1194:	02e7d733          	divu	a4,a5,a4
    1198:	04c2                	slli	s1,s1,0x10
    119a:	80c1                	srli	s1,s1,0x10
    119c:	fc04f493          	andi	s1,s1,-64
    11a0:	04c2                	slli	s1,s1,0x10
    11a2:	03c00693          	li	a3,60
    11a6:	80c1                	srli	s1,s1,0x10
    11a8:	45b2                	lw	a1,12(sp)
    11aa:	00e6f463          	bgeu	a3,a4,11b2 <I2C_Init+0x38>
    11ae:	03c00713          	li	a4,60
    11b2:	01071613          	slli	a2,a4,0x10
    11b6:	8241                	srli	a2,a2,0x10
    11b8:	8cd1                	or	s1,s1,a2
    11ba:	a046                	sh	s1,4(s0)
    11bc:	2016                	lhu	a3,0(s0)
    11be:	6561                	lui	a0,0x18
    11c0:	6a050513          	addi	a0,a0,1696 # 186a0 <_data_lma+0xe7bc>
    11c4:	06c2                	slli	a3,a3,0x10
    11c6:	82c1                	srli	a3,a3,0x10
    11c8:	9af9                	andi	a3,a3,-2
    11ca:	06c2                	slli	a3,a3,0x10
    11cc:	82c1                	srli	a3,a3,0x10
    11ce:	a016                	sh	a3,0(s0)
    11d0:	4194                	lw	a3,0(a1)
    11d2:	04d56963          	bltu	a0,a3,1224 <I2C_Init+0xaa>
    11d6:	0686                	slli	a3,a3,0x1
    11d8:	02d7d7b3          	divu	a5,a5,a3
    11dc:	4691                	li	a3,4
    11de:	01079713          	slli	a4,a5,0x10
    11e2:	8341                	srli	a4,a4,0x10
    11e4:	87ba                	mv	a5,a4
    11e6:	00d77363          	bgeu	a4,a3,11ec <I2C_Init+0x72>
    11ea:	4791                	li	a5,4
    11ec:	0605                	addi	a2,a2,1
    11ee:	0642                	slli	a2,a2,0x10
    11f0:	07c2                	slli	a5,a5,0x10
    11f2:	8241                	srli	a2,a2,0x10
    11f4:	83c1                	srli	a5,a5,0x10
    11f6:	b012                	sh	a2,32(s0)
    11f8:	ac5e                	sh	a5,28(s0)
    11fa:	201e                	lhu	a5,0(s0)
    11fc:	21da                	lhu	a4,4(a1)
    11fe:	25b6                	lhu	a3,10(a1)
    1200:	0017e793          	ori	a5,a5,1
    1204:	a01e                	sh	a5,0(s0)
    1206:	201e                	lhu	a5,0(s0)
    1208:	8f55                	or	a4,a4,a3
    120a:	07c2                	slli	a5,a5,0x10
    120c:	83c1                	srli	a5,a5,0x10
    120e:	bf57f793          	andi	a5,a5,-1035
    1212:	8fd9                	or	a5,a5,a4
    1214:	a01e                	sh	a5,0(s0)
    1216:	259a                	lhu	a4,8(a1)
    1218:	25de                	lhu	a5,12(a1)
    121a:	8fd9                	or	a5,a5,a4
    121c:	a41e                	sh	a5,8(s0)
    121e:	6145                	addi	sp,sp,48
    1220:	ff5fe06f          	j	214 <__riscv_restore_0>
    1224:	21ea                	lhu	a0,6(a1)
    1226:	6631                	lui	a2,0xc
    1228:	167d                	addi	a2,a2,-1
    122a:	02c51d63          	bne	a0,a2,1264 <I2C_Init+0xea>
    122e:	460d                	li	a2,3
    1230:	02c686b3          	mul	a3,a3,a2
    1234:	02d7d7b3          	divu	a5,a5,a3
    1238:	07c2                	slli	a5,a5,0x10
    123a:	83c1                	srli	a5,a5,0x10
    123c:	01479693          	slli	a3,a5,0x14
    1240:	e299                	bnez	a3,1246 <I2C_Init+0xcc>
    1242:	0017e793          	ori	a5,a5,1
    1246:	66a1                	lui	a3,0x8
    1248:	8fd5                	or	a5,a5,a3
    124a:	12c00693          	li	a3,300
    124e:	02d70733          	mul	a4,a4,a3
    1252:	3e800693          	li	a3,1000
    1256:	02d74733          	div	a4,a4,a3
    125a:	0705                	addi	a4,a4,1
    125c:	0742                	slli	a4,a4,0x10
    125e:	8341                	srli	a4,a4,0x10
    1260:	b01a                	sh	a4,32(s0)
    1262:	bf59                	j	11f8 <I2C_Init+0x7e>
    1264:	4665                	li	a2,25
    1266:	02c686b3          	mul	a3,a3,a2
    126a:	02d7d7b3          	divu	a5,a5,a3
    126e:	6691                	lui	a3,0x4
    1270:	07c2                	slli	a5,a5,0x10
    1272:	83c1                	srli	a5,a5,0x10
    1274:	8fd5                	or	a5,a5,a3
    1276:	b7d9                	j	123c <I2C_Init+0xc2>

00001278 <I2C_Cmd>:
    1278:	211e                	lhu	a5,0(a0)
    127a:	c589                	beqz	a1,1284 <I2C_Cmd+0xc>
    127c:	0017e793          	ori	a5,a5,1
    1280:	a11e                	sh	a5,0(a0)
    1282:	8082                	ret
    1284:	07c2                	slli	a5,a5,0x10
    1286:	83c1                	srli	a5,a5,0x10
    1288:	9bf9                	andi	a5,a5,-2
    128a:	07c2                	slli	a5,a5,0x10
    128c:	83c1                	srli	a5,a5,0x10
    128e:	bfcd                	j	1280 <I2C_Cmd+0x8>

00001290 <I2C_GenerateSTART>:
    1290:	211e                	lhu	a5,0(a0)
    1292:	c589                	beqz	a1,129c <I2C_GenerateSTART+0xc>
    1294:	1007e793          	ori	a5,a5,256
    1298:	a11e                	sh	a5,0(a0)
    129a:	8082                	ret
    129c:	07c2                	slli	a5,a5,0x10
    129e:	83c1                	srli	a5,a5,0x10
    12a0:	eff7f793          	andi	a5,a5,-257
    12a4:	07c2                	slli	a5,a5,0x10
    12a6:	83c1                	srli	a5,a5,0x10
    12a8:	bfc5                	j	1298 <I2C_GenerateSTART+0x8>

000012aa <I2C_GenerateSTOP>:
    12aa:	211e                	lhu	a5,0(a0)
    12ac:	c589                	beqz	a1,12b6 <I2C_GenerateSTOP+0xc>
    12ae:	2007e793          	ori	a5,a5,512
    12b2:	a11e                	sh	a5,0(a0)
    12b4:	8082                	ret
    12b6:	07c2                	slli	a5,a5,0x10
    12b8:	83c1                	srli	a5,a5,0x10
    12ba:	dff7f793          	andi	a5,a5,-513
    12be:	07c2                	slli	a5,a5,0x10
    12c0:	83c1                	srli	a5,a5,0x10
    12c2:	bfc5                	j	12b2 <I2C_GenerateSTOP+0x8>

000012c4 <I2C_AcknowledgeConfig>:
    12c4:	211e                	lhu	a5,0(a0)
    12c6:	c589                	beqz	a1,12d0 <I2C_AcknowledgeConfig+0xc>
    12c8:	4007e793          	ori	a5,a5,1024
    12cc:	a11e                	sh	a5,0(a0)
    12ce:	8082                	ret
    12d0:	07c2                	slli	a5,a5,0x10
    12d2:	83c1                	srli	a5,a5,0x10
    12d4:	bff7f793          	andi	a5,a5,-1025
    12d8:	07c2                	slli	a5,a5,0x10
    12da:	83c1                	srli	a5,a5,0x10
    12dc:	bfc5                	j	12cc <I2C_AcknowledgeConfig+0x8>

000012de <I2C_SendData>:
    12de:	a90e                	sh	a1,16(a0)
    12e0:	8082                	ret

000012e2 <I2C_ReceiveData>:
    12e2:	290a                	lhu	a0,16(a0)
    12e4:	0ff57513          	andi	a0,a0,255
    12e8:	8082                	ret

000012ea <I2C_Send7bitAddress>:
    12ea:	0fe5f793          	andi	a5,a1,254
    12ee:	c219                	beqz	a2,12f4 <I2C_Send7bitAddress+0xa>
    12f0:	0015e793          	ori	a5,a1,1
    12f4:	07c2                	slli	a5,a5,0x10
    12f6:	83c1                	srli	a5,a5,0x10
    12f8:	a91e                	sh	a5,16(a0)
    12fa:	8082                	ret

000012fc <I2C_CheckEvent>:
    12fc:	295e                	lhu	a5,20(a0)
    12fe:	2d0a                	lhu	a0,24(a0)
    1300:	0542                	slli	a0,a0,0x10
    1302:	8d5d                	or	a0,a0,a5
    1304:	8d6d                	and	a0,a0,a1
    1306:	0522                	slli	a0,a0,0x8
    1308:	8121                	srli	a0,a0,0x8
    130a:	8d0d                	sub	a0,a0,a1
    130c:	00153513          	seqz	a0,a0
    1310:	8082                	ret

00001312 <I2C_GetFlagStatus>:
    1312:	1141                	addi	sp,sp,-16
    1314:	c402                	sw	zero,8(sp)
    1316:	c602                	sw	zero,12(sp)
    1318:	01c5d793          	srli	a5,a1,0x1c
    131c:	c62a                	sw	a0,12(sp)
    131e:	c43e                	sw	a5,8(sp)
    1320:	47a2                	lw	a5,8(sp)
    1322:	05a2                	slli	a1,a1,0x8
    1324:	81a1                	srli	a1,a1,0x8
    1326:	cb99                	beqz	a5,133c <I2C_GetFlagStatus+0x2a>
    1328:	47b2                	lw	a5,12(sp)
    132a:	07d1                	addi	a5,a5,20
    132c:	c63e                	sw	a5,12(sp)
    132e:	47b2                	lw	a5,12(sp)
    1330:	4388                	lw	a0,0(a5)
    1332:	0141                	addi	sp,sp,16
    1334:	8d6d                	and	a0,a0,a1
    1336:	00a03533          	snez	a0,a0
    133a:	8082                	ret
    133c:	47b2                	lw	a5,12(sp)
    133e:	81c1                	srli	a1,a1,0x10
    1340:	07e1                	addi	a5,a5,24
    1342:	b7ed                	j	132c <I2C_GetFlagStatus+0x1a>

00001344 <NVIC_PriorityGroupConfig>:
    1344:	84a1a223          	sw	a0,-1980(gp) # 200000d4 <NVIC_Priority_Group>
    1348:	8082                	ret

0000134a <NVIC_Init>:
    134a:	8441a703          	lw	a4,-1980(gp) # 200000d4 <NVIC_Priority_Group>
    134e:	4789                	li	a5,2
    1350:	2110                	lbu	a2,0(a0)
    1352:	02f71163          	bne	a4,a5,1374 <NVIC_Init+0x2a>
    1356:	3114                	lbu	a3,1(a0)
    1358:	478d                	li	a5,3
    135a:	00d7ed63          	bltu	a5,a3,1374 <NVIC_Init+0x2a>
    135e:	213c                	lbu	a5,2(a0)
    1360:	069a                	slli	a3,a3,0x6
    1362:	e000e737          	lui	a4,0xe000e
    1366:	0796                	slli	a5,a5,0x5
    1368:	8fd5                	or	a5,a5,a3
    136a:	0ff7f793          	andi	a5,a5,255
    136e:	9732                	add	a4,a4,a2
    1370:	40f70023          	sb	a5,1024(a4) # e000e400 <_eusrstack+0xc0006400>
    1374:	4154                	lw	a3,4(a0)
    1376:	4705                	li	a4,1
    1378:	00565793          	srli	a5,a2,0x5
    137c:	00c71733          	sll	a4,a4,a2
    1380:	ca89                	beqz	a3,1392 <NVIC_Init+0x48>
    1382:	04078793          	addi	a5,a5,64
    1386:	078a                	slli	a5,a5,0x2
    1388:	e000e6b7          	lui	a3,0xe000e
    138c:	97b6                	add	a5,a5,a3
    138e:	c398                	sw	a4,0(a5)
    1390:	8082                	ret
    1392:	06078793          	addi	a5,a5,96
    1396:	e000e6b7          	lui	a3,0xe000e
    139a:	078a                	slli	a5,a5,0x2
    139c:	97b6                	add	a5,a5,a3
    139e:	c398                	sw	a4,0(a5)
    13a0:	0000100f          	fence.i
    13a4:	8082                	ret

000013a6 <RCC_GetClocksFreq>:
    13a6:	40021737          	lui	a4,0x40021
    13aa:	435c                	lw	a5,4(a4)
    13ac:	4691                	li	a3,4
    13ae:	8bb1                	andi	a5,a5,12
    13b0:	00d78563          	beq	a5,a3,13ba <RCC_GetClocksFreq+0x14>
    13b4:	46a1                	li	a3,8
    13b6:	06d78263          	beq	a5,a3,141a <RCC_GetClocksFreq+0x74>
    13ba:	007a17b7          	lui	a5,0x7a1
    13be:	20078793          	addi	a5,a5,512 # 7a1200 <_data_lma+0x79731c>
    13c2:	c11c                	sw	a5,0(a0)
    13c4:	40021637          	lui	a2,0x40021
    13c8:	425c                	lw	a5,4(a2)
    13ca:	20000737          	lui	a4,0x20000
    13ce:	02070713          	addi	a4,a4,32 # 20000020 <APBAHBPrescTable>
    13d2:	8391                	srli	a5,a5,0x4
    13d4:	8bbd                	andi	a5,a5,15
    13d6:	97ba                	add	a5,a5,a4
    13d8:	2394                	lbu	a3,0(a5)
    13da:	411c                	lw	a5,0(a0)
    13dc:	00d7d7b3          	srl	a5,a5,a3
    13e0:	c15c                	sw	a5,4(a0)
    13e2:	4254                	lw	a3,4(a2)
    13e4:	82a1                	srli	a3,a3,0x8
    13e6:	8a9d                	andi	a3,a3,7
    13e8:	96ba                	add	a3,a3,a4
    13ea:	2294                	lbu	a3,0(a3)
    13ec:	00d7d6b3          	srl	a3,a5,a3
    13f0:	c514                	sw	a3,8(a0)
    13f2:	4254                	lw	a3,4(a2)
    13f4:	82ad                	srli	a3,a3,0xb
    13f6:	8a9d                	andi	a3,a3,7
    13f8:	9736                	add	a4,a4,a3
    13fa:	2318                	lbu	a4,0(a4)
    13fc:	00e7d7b3          	srl	a5,a5,a4
    1400:	c55c                	sw	a5,12(a0)
    1402:	4258                	lw	a4,4(a2)
    1404:	8339                	srli	a4,a4,0xe
    1406:	00377693          	andi	a3,a4,3
    140a:	80418713          	addi	a4,gp,-2044 # 20000094 <ADCPrescTable>
    140e:	9736                	add	a4,a4,a3
    1410:	2318                	lbu	a4,0(a4)
    1412:	02e7d7b3          	divu	a5,a5,a4
    1416:	c91c                	sw	a5,16(a0)
    1418:	8082                	ret
    141a:	435c                	lw	a5,4(a4)
    141c:	4358                	lw	a4,4(a4)
    141e:	66c1                	lui	a3,0x10
    1420:	83c9                	srli	a5,a5,0x12
    1422:	8f75                	and	a4,a4,a3
    1424:	1ffff6b7          	lui	a3,0x1ffff
    1428:	70c6a683          	lw	a3,1804(a3) # 1ffff70c <_data_lma+0x1fff5828>
    142c:	8bbd                	andi	a5,a5,15
    142e:	0789                	addi	a5,a5,2
    1430:	01169613          	slli	a2,a3,0x11
    1434:	00064863          	bltz	a2,1444 <RCC_GetClocksFreq+0x9e>
    1438:	46c5                	li	a3,17
    143a:	4601                	li	a2,0
    143c:	02d79263          	bne	a5,a3,1460 <RCC_GetClocksFreq+0xba>
    1440:	47c9                	li	a5,18
    1442:	a839                	j	1460 <RCC_GetClocksFreq+0xba>
    1444:	4689                	li	a3,2
    1446:	02d78f63          	beq	a5,a3,1484 <RCC_GetClocksFreq+0xde>
    144a:	46bd                	li	a3,15
    144c:	02d78e63          	beq	a5,a3,1488 <RCC_GetClocksFreq+0xe2>
    1450:	46c1                	li	a3,16
    1452:	02d78e63          	beq	a5,a3,148e <RCC_GetClocksFreq+0xe8>
    1456:	46c5                	li	a3,17
    1458:	4601                	li	a2,0
    145a:	00d79363          	bne	a5,a3,1460 <RCC_GetClocksFreq+0xba>
    145e:	47c1                	li	a5,16
    1460:	ef1d                	bnez	a4,149e <RCC_GetClocksFreq+0xf8>
    1462:	40024737          	lui	a4,0x40024
    1466:	80072703          	lw	a4,-2048(a4) # 40023800 <_eusrstack+0x2001b800>
    146a:	8b41                	andi	a4,a4,16
    146c:	c705                	beqz	a4,1494 <RCC_GetClocksFreq+0xee>
    146e:	007a1737          	lui	a4,0x7a1
    1472:	20070713          	addi	a4,a4,512 # 7a1200 <_data_lma+0x79731c>
    1476:	02f707b3          	mul	a5,a4,a5
    147a:	c11c                	sw	a5,0(a0)
    147c:	d621                	beqz	a2,13c4 <RCC_GetClocksFreq+0x1e>
    147e:	411c                	lw	a5,0(a0)
    1480:	8385                	srli	a5,a5,0x1
    1482:	b781                	j	13c2 <RCC_GetClocksFreq+0x1c>
    1484:	4601                	li	a2,0
    1486:	bf6d                	j	1440 <RCC_GetClocksFreq+0x9a>
    1488:	4605                	li	a2,1
    148a:	47b5                	li	a5,13
    148c:	bfd1                	j	1460 <RCC_GetClocksFreq+0xba>
    148e:	4601                	li	a2,0
    1490:	47bd                	li	a5,15
    1492:	b7f9                	j	1460 <RCC_GetClocksFreq+0xba>
    1494:	003d1737          	lui	a4,0x3d1
    1498:	90070713          	addi	a4,a4,-1792 # 3d0900 <_data_lma+0x3c6a1c>
    149c:	bfe9                	j	1476 <RCC_GetClocksFreq+0xd0>
    149e:	400215b7          	lui	a1,0x40021
    14a2:	55d8                	lw	a4,44(a1)
    14a4:	00f71693          	slli	a3,a4,0xf
    14a8:	55d8                	lw	a4,44(a1)
    14aa:	0406df63          	bgez	a3,1508 <RCC_GetClocksFreq+0x162>
    14ae:	8311                	srli	a4,a4,0x4
    14b0:	8b3d                	andi	a4,a4,15
    14b2:	00170693          	addi	a3,a4,1
    14b6:	007a1737          	lui	a4,0x7a1
    14ba:	20070713          	addi	a4,a4,512 # 7a1200 <_data_lma+0x79731c>
    14be:	02d75733          	divu	a4,a4,a3
    14c2:	c118                	sw	a4,0(a0)
    14c4:	55d4                	lw	a3,44(a1)
    14c6:	82a1                	srli	a3,a3,0x8
    14c8:	8abd                	andi	a3,a3,15
    14ca:	e28d                	bnez	a3,14ec <RCC_GetClocksFreq+0x146>
    14cc:	4695                	li	a3,5
    14ce:	02d70733          	mul	a4,a4,a3
    14d2:	8305                	srli	a4,a4,0x1
    14d4:	c118                	sw	a4,0(a0)
    14d6:	40021737          	lui	a4,0x40021
    14da:	5758                	lw	a4,44(a4)
    14dc:	4114                	lw	a3,0(a0)
    14de:	8b3d                	andi	a4,a4,15
    14e0:	0705                	addi	a4,a4,1
    14e2:	02e6d733          	divu	a4,a3,a4
    14e6:	c118                	sw	a4,0(a0)
    14e8:	4118                	lw	a4,0(a0)
    14ea:	b771                	j	1476 <RCC_GetClocksFreq+0xd0>
    14ec:	4585                	li	a1,1
    14ee:	00b69463          	bne	a3,a1,14f6 <RCC_GetClocksFreq+0x150>
    14f2:	46e5                	li	a3,25
    14f4:	bfe9                	j	14ce <RCC_GetClocksFreq+0x128>
    14f6:	45bd                	li	a1,15
    14f8:	00b69663          	bne	a3,a1,1504 <RCC_GetClocksFreq+0x15e>
    14fc:	46d1                	li	a3,20
    14fe:	02e68733          	mul	a4,a3,a4
    1502:	bfc9                	j	14d4 <RCC_GetClocksFreq+0x12e>
    1504:	0689                	addi	a3,a3,2
    1506:	bfe5                	j	14fe <RCC_GetClocksFreq+0x158>
    1508:	8b3d                	andi	a4,a4,15
    150a:	00170693          	addi	a3,a4,1 # 40021001 <_eusrstack+0x20019001>
    150e:	007a1737          	lui	a4,0x7a1
    1512:	20070713          	addi	a4,a4,512 # 7a1200 <_data_lma+0x79731c>
    1516:	02d75733          	divu	a4,a4,a3
    151a:	b7f1                	j	14e6 <RCC_GetClocksFreq+0x140>

0000151c <RCC_APB2PeriphClockCmd>:
    151c:	c599                	beqz	a1,152a <RCC_APB2PeriphClockCmd+0xe>
    151e:	40021737          	lui	a4,0x40021
    1522:	4f1c                	lw	a5,24(a4)
    1524:	8d5d                	or	a0,a0,a5
    1526:	cf08                	sw	a0,24(a4)
    1528:	8082                	ret
    152a:	400217b7          	lui	a5,0x40021
    152e:	4f98                	lw	a4,24(a5)
    1530:	fff54513          	not	a0,a0
    1534:	8d79                	and	a0,a0,a4
    1536:	cf88                	sw	a0,24(a5)
    1538:	8082                	ret

0000153a <RCC_APB1PeriphClockCmd>:
    153a:	c599                	beqz	a1,1548 <RCC_APB1PeriphClockCmd+0xe>
    153c:	40021737          	lui	a4,0x40021
    1540:	4f5c                	lw	a5,28(a4)
    1542:	8d5d                	or	a0,a0,a5
    1544:	cf48                	sw	a0,28(a4)
    1546:	8082                	ret
    1548:	400217b7          	lui	a5,0x40021
    154c:	4fd8                	lw	a4,28(a5)
    154e:	fff54513          	not	a0,a0
    1552:	8d79                	and	a0,a0,a4
    1554:	cfc8                	sw	a0,28(a5)
    1556:	8082                	ret

00001558 <SPI_Init>:
    1558:	211a                	lhu	a4,0(a0)
    155a:	678d                	lui	a5,0x3
    155c:	04078793          	addi	a5,a5,64 # 3040 <DHT11_Read+0xec>
    1560:	21b6                	lhu	a3,2(a1)
    1562:	8f7d                	and	a4,a4,a5
    1564:	219e                	lhu	a5,0(a1)
    1566:	8fd5                	or	a5,a5,a3
    1568:	21d6                	lhu	a3,4(a1)
    156a:	8fd5                	or	a5,a5,a3
    156c:	21f6                	lhu	a3,6(a1)
    156e:	8fd5                	or	a5,a5,a3
    1570:	2596                	lhu	a3,8(a1)
    1572:	8fd5                	or	a5,a5,a3
    1574:	25b6                	lhu	a3,10(a1)
    1576:	8fd5                	or	a5,a5,a3
    1578:	25d6                	lhu	a3,12(a1)
    157a:	8fd5                	or	a5,a5,a3
    157c:	25f6                	lhu	a3,14(a1)
    157e:	8fd5                	or	a5,a5,a3
    1580:	8fd9                	or	a5,a5,a4
    1582:	a11e                	sh	a5,0(a0)
    1584:	2d5a                	lhu	a4,28(a0)
    1586:	77fd                	lui	a5,0xfffff
    1588:	7ff78793          	addi	a5,a5,2047 # fffff7ff <_eusrstack+0xdfff77ff>
    158c:	8ff9                	and	a5,a5,a4
    158e:	ad5e                	sh	a5,28(a0)
    1590:	299e                	lhu	a5,16(a1)
    1592:	a91e                	sh	a5,16(a0)
    1594:	8082                	ret

00001596 <SPI_Cmd>:
    1596:	211e                	lhu	a5,0(a0)
    1598:	c589                	beqz	a1,15a2 <SPI_Cmd+0xc>
    159a:	0407e793          	ori	a5,a5,64
    159e:	a11e                	sh	a5,0(a0)
    15a0:	8082                	ret
    15a2:	07c2                	slli	a5,a5,0x10
    15a4:	83c1                	srli	a5,a5,0x10
    15a6:	fbf7f793          	andi	a5,a5,-65
    15aa:	07c2                	slli	a5,a5,0x10
    15ac:	83c1                	srli	a5,a5,0x10
    15ae:	bfc5                	j	159e <SPI_Cmd+0x8>

000015b0 <SPI_I2S_SendData>:
    15b0:	a54e                	sh	a1,12(a0)
    15b2:	8082                	ret

000015b4 <SPI_I2S_ReceiveData>:
    15b4:	254a                	lhu	a0,12(a0)
    15b6:	8082                	ret

000015b8 <SPI_I2S_GetFlagStatus>:
    15b8:	250a                	lhu	a0,8(a0)
    15ba:	8d6d                	and	a0,a0,a1
    15bc:	00a03533          	snez	a0,a0
    15c0:	8082                	ret

000015c2 <USART_Init>:
    15c2:	c2ffe2ef          	jal	t0,1f0 <__riscv_save_0>
    15c6:	291a                	lhu	a4,16(a0)
    15c8:	77f5                	lui	a5,0xffffd
    15ca:	17fd                	addi	a5,a5,-1
    15cc:	8ff9                	and	a5,a5,a4
    15ce:	21fa                	lhu	a4,6(a1)
    15d0:	7179                	addi	sp,sp,-48
    15d2:	842a                	mv	s0,a0
    15d4:	8fd9                	or	a5,a5,a4
    15d6:	a91e                	sh	a5,16(a0)
    15d8:	259a                	lhu	a4,8(a1)
    15da:	21de                	lhu	a5,4(a1)
    15dc:	2556                	lhu	a3,12(a0)
    15de:	c62e                	sw	a1,12(sp)
    15e0:	8fd9                	or	a5,a5,a4
    15e2:	25ba                	lhu	a4,10(a1)
    15e4:	8fd9                	or	a5,a5,a4
    15e6:	777d                	lui	a4,0xfffff
    15e8:	9f370713          	addi	a4,a4,-1549 # ffffe9f3 <_eusrstack+0xdfff69f3>
    15ec:	8f75                	and	a4,a4,a3
    15ee:	8fd9                	or	a5,a5,a4
    15f0:	a55e                	sh	a5,12(a0)
    15f2:	295e                	lhu	a5,20(a0)
    15f4:	25da                	lhu	a4,12(a1)
    15f6:	07c2                	slli	a5,a5,0x10
    15f8:	83c1                	srli	a5,a5,0x10
    15fa:	cff7f793          	andi	a5,a5,-769
    15fe:	8fd9                	or	a5,a5,a4
    1600:	a95e                	sh	a5,20(a0)
    1602:	0868                	addi	a0,sp,28
    1604:	334d                	jal	13a6 <RCC_GetClocksFreq>
    1606:	400147b7          	lui	a5,0x40014
    160a:	80078793          	addi	a5,a5,-2048 # 40013800 <_eusrstack+0x2000b800>
    160e:	45b2                	lw	a1,12(sp)
    1610:	04f41163          	bne	s0,a5,1652 <USART_Init+0x90>
    1614:	57a2                	lw	a5,40(sp)
    1616:	4765                	li	a4,25
    1618:	02e787b3          	mul	a5,a5,a4
    161c:	4198                	lw	a4,0(a1)
    161e:	06400613          	li	a2,100
    1622:	070a                	slli	a4,a4,0x2
    1624:	02e7d7b3          	divu	a5,a5,a4
    1628:	02c7d6b3          	divu	a3,a5,a2
    162c:	02c7f7b3          	remu	a5,a5,a2
    1630:	0692                	slli	a3,a3,0x4
    1632:	00479713          	slli	a4,a5,0x4
    1636:	03270793          	addi	a5,a4,50
    163a:	63f00713          	li	a4,1599
    163e:	00f77c63          	bgeu	a4,a5,1656 <USART_Init+0x94>
    1642:	01068793          	addi	a5,a3,16
    1646:	07c2                	slli	a5,a5,0x10
    1648:	83c1                	srli	a5,a5,0x10
    164a:	a41e                	sh	a5,8(s0)
    164c:	6145                	addi	sp,sp,48
    164e:	bc7fe06f          	j	214 <__riscv_restore_0>
    1652:	5792                	lw	a5,36(sp)
    1654:	b7c9                	j	1616 <USART_Init+0x54>
    1656:	02c7d7b3          	divu	a5,a5,a2
    165a:	8fd5                	or	a5,a5,a3
    165c:	b7ed                	j	1646 <USART_Init+0x84>

0000165e <USART_Cmd>:
    165e:	c591                	beqz	a1,166a <USART_Cmd+0xc>
    1660:	255e                	lhu	a5,12(a0)
    1662:	6709                	lui	a4,0x2
    1664:	8fd9                	or	a5,a5,a4
    1666:	a55e                	sh	a5,12(a0)
    1668:	8082                	ret
    166a:	255a                	lhu	a4,12(a0)
    166c:	77f9                	lui	a5,0xffffe
    166e:	17fd                	addi	a5,a5,-1
    1670:	8ff9                	and	a5,a5,a4
    1672:	bfd5                	j	1666 <USART_Cmd+0x8>

00001674 <USART_ITConfig>:
    1674:	0ff5f713          	andi	a4,a1,255
    1678:	4785                	li	a5,1
    167a:	8315                	srli	a4,a4,0x5
    167c:	00b795b3          	sll	a1,a5,a1
    1680:	00f71963          	bne	a4,a5,1692 <USART_ITConfig+0x1e>
    1684:	00c50793          	addi	a5,a0,12
    1688:	4398                	lw	a4,0(a5)
    168a:	ce01                	beqz	a2,16a2 <USART_ITConfig+0x2e>
    168c:	8dd9                	or	a1,a1,a4
    168e:	c38c                	sw	a1,0(a5)
    1690:	8082                	ret
    1692:	4689                	li	a3,2
    1694:	01450793          	addi	a5,a0,20
    1698:	fed718e3          	bne	a4,a3,1688 <USART_ITConfig+0x14>
    169c:	01050793          	addi	a5,a0,16
    16a0:	b7e5                	j	1688 <USART_ITConfig+0x14>
    16a2:	fff5c593          	not	a1,a1
    16a6:	8df9                	and	a1,a1,a4
    16a8:	b7dd                	j	168e <USART_ITConfig+0x1a>

000016aa <USART_SendData>:
    16aa:	1ff5f593          	andi	a1,a1,511
    16ae:	a14e                	sh	a1,4(a0)
    16b0:	8082                	ret

000016b2 <USART_ReceiveData>:
    16b2:	214a                	lhu	a0,4(a0)
    16b4:	1ff57513          	andi	a0,a0,511
    16b8:	8082                	ret

000016ba <USART_GetFlagStatus>:
    16ba:	210a                	lhu	a0,0(a0)
    16bc:	8d6d                	and	a0,a0,a1
    16be:	00a03533          	snez	a0,a0
    16c2:	8082                	ret

000016c4 <USART_GetITStatus>:
    16c4:	0ff5f713          	andi	a4,a1,255
    16c8:	4685                	li	a3,1
    16ca:	8315                	srli	a4,a4,0x5
    16cc:	00b697b3          	sll	a5,a3,a1
    16d0:	02d71163          	bne	a4,a3,16f2 <USART_GetITStatus+0x2e>
    16d4:	255a                	lhu	a4,12(a0)
    16d6:	8ff9                	and	a5,a5,a4
    16d8:	211a                	lhu	a4,0(a0)
    16da:	4501                	li	a0,0
    16dc:	0742                	slli	a4,a4,0x10
    16de:	8341                	srli	a4,a4,0x10
    16e0:	cb81                	beqz	a5,16f0 <USART_GetITStatus+0x2c>
    16e2:	4505                	li	a0,1
    16e4:	81a1                	srli	a1,a1,0x8
    16e6:	00b515b3          	sll	a1,a0,a1
    16ea:	8f6d                	and	a4,a4,a1
    16ec:	00e03533          	snez	a0,a4
    16f0:	8082                	ret
    16f2:	4689                	li	a3,2
    16f4:	00d71463          	bne	a4,a3,16fc <USART_GetITStatus+0x38>
    16f8:	291a                	lhu	a4,16(a0)
    16fa:	bff1                	j	16d6 <USART_GetITStatus+0x12>
    16fc:	295a                	lhu	a4,20(a0)
    16fe:	bfe1                	j	16d6 <USART_GetITStatus+0x12>

00001700 <SPI_WriteByte>:
    1700:	af1fe2ef          	jal	t0,1f0 <__riscv_save_0>
    1704:	842a                	mv	s0,a0
    1706:	84ae                	mv	s1,a1
    1708:	4589                	li	a1,2
    170a:	8522                	mv	a0,s0
    170c:	3575                	jal	15b8 <SPI_I2S_GetFlagStatus>
    170e:	dd6d                	beqz	a0,1708 <SPI_WriteByte+0x8>
    1710:	85a6                	mv	a1,s1
    1712:	8522                	mv	a0,s0
    1714:	3d71                	jal	15b0 <SPI_I2S_SendData>
    1716:	4585                	li	a1,1
    1718:	8522                	mv	a0,s0
    171a:	3d79                	jal	15b8 <SPI_I2S_GetFlagStatus>
    171c:	dd6d                	beqz	a0,1716 <SPI_WriteByte+0x16>
    171e:	8522                	mv	a0,s0
    1720:	3d51                	jal	15b4 <SPI_I2S_ReceiveData>
    1722:	0ff57513          	andi	a0,a0,255
    1726:	aeffe06f          	j	214 <__riscv_restore_0>

0000172a <SPI2_Init>:
    172a:	ac7fe2ef          	jal	t0,1f0 <__riscv_save_0>
    172e:	1101                	addi	sp,sp,-32
    1730:	4585                	li	a1,1
    1732:	4525                	li	a0,9
    1734:	c602                	sw	zero,12(sp)
    1736:	c802                	sw	zero,16(sp)
    1738:	ca02                	sw	zero,20(sp)
    173a:	cc02                	sw	zero,24(sp)
    173c:	00011e23          	sh	zero,28(sp)
    1740:	c002                	sw	zero,0(sp)
    1742:	c202                	sw	zero,4(sp)
    1744:	c402                	sw	zero,8(sp)
    1746:	3bd9                	jal	151c <RCC_APB2PeriphClockCmd>
    1748:	40011437          	lui	s0,0x40011
    174c:	77e9                	lui	a5,0xffffa
    174e:	807c                	sh	a5,0(sp)
    1750:	448d                	li	s1,3
    1752:	47e1                	li	a5,24
    1754:	858a                	mv	a1,sp
    1756:	c0040513          	addi	a0,s0,-1024 # 40010c00 <_eusrstack+0x20008c00>
    175a:	c226                	sw	s1,4(sp)
    175c:	c43e                	sw	a5,8(sp)
    175e:	94bff0ef          	jal	ra,10a8 <GPIO_Init>
    1762:	6791                	lui	a5,0x4
    1764:	807c                	sh	a5,0(sp)
    1766:	858a                	mv	a1,sp
    1768:	04800793          	li	a5,72
    176c:	c0040513          	addi	a0,s0,-1024
    1770:	c43e                	sw	a5,8(sp)
    1772:	c226                	sw	s1,4(sp)
    1774:	935ff0ef          	jal	ra,10a8 <GPIO_Init>
    1778:	4585                	li	a1,1
    177a:	6511                	lui	a0,0x4
    177c:	3b7d                	jal	153a <RCC_APB1PeriphClockCmd>
    177e:	010407b7          	lui	a5,0x1040
    1782:	40004437          	lui	s0,0x40004
    1786:	c63e                	sw	a5,12(sp)
    1788:	020007b7          	lui	a5,0x2000
    178c:	ca3e                	sw	a5,20(sp)
    178e:	006c                	addi	a1,sp,12
    1790:	479d                	li	a5,7
    1792:	80040513          	addi	a0,s0,-2048 # 40003800 <_eusrstack+0x1fffb800>
    1796:	86fc                	sh	a5,28(sp)
    1798:	c802                	sw	zero,16(sp)
    179a:	cc02                	sw	zero,24(sp)
    179c:	3b75                	jal	1558 <SPI_Init>
    179e:	4585                	li	a1,1
    17a0:	80040513          	addi	a0,s0,-2048
    17a4:	3bcd                	jal	1596 <SPI_Cmd>
    17a6:	6105                	addi	sp,sp,32
    17a8:	a6dfe06f          	j	214 <__riscv_restore_0>

000017ac <sgp30_write_cmd>:
    17ac:	a2bfe2ef          	jal	t0,1d6 <__riscv_save_4>
    17b0:	40005437          	lui	s0,0x40005
    17b4:	892a                	mv	s2,a0
    17b6:	40040493          	addi	s1,s0,1024 # 40005400 <_eusrstack+0x1fffd400>
    17ba:	000205b7          	lui	a1,0x20
    17be:	8526                	mv	a0,s1
    17c0:	b53ff0ef          	jal	ra,1312 <I2C_GetFlagStatus>
    17c4:	f97d                	bnez	a0,17ba <sgp30_write_cmd+0xe>
    17c6:	40040513          	addi	a0,s0,1024
    17ca:	4585                	li	a1,1
    17cc:	00030437          	lui	s0,0x30
    17d0:	400054b7          	lui	s1,0x40005
    17d4:	abdff0ef          	jal	ra,1290 <I2C_GenerateSTART>
    17d8:	0405                	addi	s0,s0,1
    17da:	40048993          	addi	s3,s1,1024 # 40005400 <_eusrstack+0x1fffd400>
    17de:	85a2                	mv	a1,s0
    17e0:	854e                	mv	a0,s3
    17e2:	b1bff0ef          	jal	ra,12fc <I2C_CheckEvent>
    17e6:	dd65                	beqz	a0,17de <sgp30_write_cmd+0x32>
    17e8:	40048513          	addi	a0,s1,1024
    17ec:	4601                	li	a2,0
    17ee:	0b000593          	li	a1,176
    17f2:	00070437          	lui	s0,0x70
    17f6:	400054b7          	lui	s1,0x40005
    17fa:	af1ff0ef          	jal	ra,12ea <I2C_Send7bitAddress>
    17fe:	08240413          	addi	s0,s0,130 # 70082 <_data_lma+0x6619e>
    1802:	40048993          	addi	s3,s1,1024 # 40005400 <_eusrstack+0x1fffd400>
    1806:	85a2                	mv	a1,s0
    1808:	854e                	mv	a0,s3
    180a:	af3ff0ef          	jal	ra,12fc <I2C_CheckEvent>
    180e:	dd65                	beqz	a0,1806 <sgp30_write_cmd+0x5a>
    1810:	40048513          	addi	a0,s1,1024
    1814:	00895593          	srli	a1,s2,0x8
    1818:	00070437          	lui	s0,0x70
    181c:	400054b7          	lui	s1,0x40005
    1820:	abfff0ef          	jal	ra,12de <I2C_SendData>
    1824:	08440413          	addi	s0,s0,132 # 70084 <_data_lma+0x661a0>
    1828:	40048993          	addi	s3,s1,1024 # 40005400 <_eusrstack+0x1fffd400>
    182c:	85a2                	mv	a1,s0
    182e:	854e                	mv	a0,s3
    1830:	acdff0ef          	jal	ra,12fc <I2C_CheckEvent>
    1834:	dd65                	beqz	a0,182c <sgp30_write_cmd+0x80>
    1836:	0ff97593          	andi	a1,s2,255
    183a:	40048513          	addi	a0,s1,1024
    183e:	00070437          	lui	s0,0x70
    1842:	400054b7          	lui	s1,0x40005
    1846:	a99ff0ef          	jal	ra,12de <I2C_SendData>
    184a:	08440413          	addi	s0,s0,132 # 70084 <_data_lma+0x661a0>
    184e:	40048913          	addi	s2,s1,1024 # 40005400 <_eusrstack+0x1fffd400>
    1852:	85a2                	mv	a1,s0
    1854:	854a                	mv	a0,s2
    1856:	aa7ff0ef          	jal	ra,12fc <I2C_CheckEvent>
    185a:	dd65                	beqz	a0,1852 <sgp30_write_cmd+0xa6>
    185c:	4585                	li	a1,1
    185e:	40048513          	addi	a0,s1,1024
    1862:	a49ff0ef          	jal	ra,12aa <I2C_GenerateSTOP>
    1866:	9a5fe06f          	j	20a <__riscv_restore_4>

0000186a <sgp30_cmd_read>:
    186a:	96dfe2ef          	jal	t0,1d6 <__riscv_save_4>
    186e:	1141                	addi	sp,sp,-16
    1870:	84ae                	mv	s1,a1
    1872:	8432                	mv	s0,a2
    1874:	c636                	sw	a3,12(sp)
    1876:	3f1d                	jal	17ac <sgp30_write_cmd>
    1878:	46b2                	lw	a3,12(sp)
    187a:	40005937          	lui	s2,0x40005
    187e:	40090993          	addi	s3,s2,1024 # 40005400 <_eusrstack+0x1fffd400>
    1882:	8536                	mv	a0,a3
    1884:	345010ef          	jal	ra,33c8 <Delay_Ms>
    1888:	000205b7          	lui	a1,0x20
    188c:	854e                	mv	a0,s3
    188e:	a85ff0ef          	jal	ra,1312 <I2C_GetFlagStatus>
    1892:	f97d                	bnez	a0,1888 <sgp30_cmd_read+0x1e>
    1894:	40090513          	addi	a0,s2,1024
    1898:	4585                	li	a1,1
    189a:	00030937          	lui	s2,0x30
    189e:	400059b7          	lui	s3,0x40005
    18a2:	9efff0ef          	jal	ra,1290 <I2C_GenerateSTART>
    18a6:	0905                	addi	s2,s2,1
    18a8:	40098a13          	addi	s4,s3,1024 # 40005400 <_eusrstack+0x1fffd400>
    18ac:	85ca                	mv	a1,s2
    18ae:	8552                	mv	a0,s4
    18b0:	a4dff0ef          	jal	ra,12fc <I2C_CheckEvent>
    18b4:	dd65                	beqz	a0,18ac <sgp30_cmd_read+0x42>
    18b6:	40098513          	addi	a0,s3,1024
    18ba:	4605                	li	a2,1
    18bc:	0b000593          	li	a1,176
    18c0:	000309b7          	lui	s3,0x30
    18c4:	40005937          	lui	s2,0x40005
    18c8:	a23ff0ef          	jal	ra,12ea <I2C_Send7bitAddress>
    18cc:	0989                	addi	s3,s3,2
    18ce:	40090913          	addi	s2,s2,1024 # 40005400 <_eusrstack+0x1fffd400>
    18d2:	85ce                	mv	a1,s3
    18d4:	854a                	mv	a0,s2
    18d6:	a27ff0ef          	jal	ra,12fc <I2C_CheckEvent>
    18da:	dd65                	beqz	a0,18d2 <sgp30_cmd_read+0x68>
    18dc:	00030ab7          	lui	s5,0x30
    18e0:	400059b7          	lui	s3,0x40005
    18e4:	4905                	li	s2,1
    18e6:	040a8a93          	addi	s5,s5,64 # 30040 <_data_lma+0x2615c>
    18ea:	40098a13          	addi	s4,s3,1024 # 40005400 <_eusrstack+0x1fffd400>
    18ee:	fff40b13          	addi	s6,s0,-1
    18f2:	85d6                	mv	a1,s5
    18f4:	8552                	mv	a0,s4
    18f6:	a07ff0ef          	jal	ra,12fc <I2C_CheckEvent>
    18fa:	dd65                	beqz	a0,18f2 <sgp30_cmd_read+0x88>
    18fc:	8552                	mv	a0,s4
    18fe:	9e5ff0ef          	jal	ra,12e2 <I2C_ReceiveData>
    1902:	012487b3          	add	a5,s1,s2
    1906:	fea78fa3          	sb	a0,-1(a5) # 1ffffff <_data_lma+0x1ff611b>
    190a:	08891063          	bne	s2,s0,198a <sgp30_cmd_read+0x120>
    190e:	4585                	li	a1,1
    1910:	40098513          	addi	a0,s3,1024
    1914:	9b1ff0ef          	jal	ra,12c4 <I2C_AcknowledgeConfig>
    1918:	4585                	li	a1,1
    191a:	40098513          	addi	a0,s3,1024
    191e:	98dff0ef          	jal	ra,12aa <I2C_GenerateSTOP>
    1922:	8726                	mv	a4,s1
    1924:	231c                	lbu	a5,0(a4)
    1926:	46a1                	li	a3,8
    1928:	fff7c793          	not	a5,a5
    192c:	0ff7f793          	andi	a5,a5,255
    1930:	01879613          	slli	a2,a5,0x18
    1934:	8661                	srai	a2,a2,0x18
    1936:	0786                	slli	a5,a5,0x1
    1938:	00065463          	bgez	a2,1940 <sgp30_cmd_read+0xd6>
    193c:	0317c793          	xori	a5,a5,49
    1940:	16fd                	addi	a3,a3,-1
    1942:	0ff6f693          	andi	a3,a3,255
    1946:	0ff7f793          	andi	a5,a5,255
    194a:	f2fd                	bnez	a3,1930 <sgp30_cmd_read+0xc6>
    194c:	3314                	lbu	a3,1(a4)
    194e:	8fb5                	xor	a5,a5,a3
    1950:	46a1                	li	a3,8
    1952:	01879613          	slli	a2,a5,0x18
    1956:	8661                	srai	a2,a2,0x18
    1958:	0786                	slli	a5,a5,0x1
    195a:	00065463          	bgez	a2,1962 <sgp30_cmd_read+0xf8>
    195e:	0317c793          	xori	a5,a5,49
    1962:	16fd                	addi	a3,a3,-1
    1964:	0ff6f693          	andi	a3,a3,255
    1968:	0ff7f793          	andi	a5,a5,255
    196c:	f2fd                	bnez	a3,1952 <sgp30_cmd_read+0xe8>
    196e:	2334                	lbu	a3,2(a4)
    1970:	02f69563          	bne	a3,a5,199a <sgp30_cmd_read+0x130>
    1974:	070d                	addi	a4,a4,3
    1976:	409707b3          	sub	a5,a4,s1
    197a:	0ff7f793          	andi	a5,a5,255
    197e:	fa87e3e3          	bltu	a5,s0,1924 <sgp30_cmd_read+0xba>
    1982:	4505                	li	a0,1
    1984:	0141                	addi	sp,sp,16
    1986:	885fe06f          	j	20a <__riscv_restore_4>
    198a:	01691663          	bne	s2,s6,1996 <sgp30_cmd_read+0x12c>
    198e:	4581                	li	a1,0
    1990:	8552                	mv	a0,s4
    1992:	933ff0ef          	jal	ra,12c4 <I2C_AcknowledgeConfig>
    1996:	0905                	addi	s2,s2,1
    1998:	bfa9                	j	18f2 <sgp30_cmd_read+0x88>
    199a:	4501                	li	a0,0
    199c:	b7e5                	j	1984 <sgp30_cmd_read+0x11a>

0000199e <SGP30_Init>:
    199e:	853fe2ef          	jal	t0,1f0 <__riscv_save_0>
    19a2:	1101                	addi	sp,sp,-32
    19a4:	4585                	li	a1,1
    19a6:	00200537          	lui	a0,0x200
    19aa:	c202                	sw	zero,4(sp)
    19ac:	c402                	sw	zero,8(sp)
    19ae:	c602                	sw	zero,12(sp)
    19b0:	c802                	sw	zero,16(sp)
    19b2:	ca02                	sw	zero,20(sp)
    19b4:	cc02                	sw	zero,24(sp)
    19b6:	ce02                	sw	zero,28(sp)
    19b8:	b83ff0ef          	jal	ra,153a <RCC_APB1PeriphClockCmd>
    19bc:	4585                	li	a1,1
    19be:	4521                	li	a0,8
    19c0:	b5dff0ef          	jal	ra,151c <RCC_APB2PeriphClockCmd>
    19c4:	0c000793          	li	a5,192
    19c8:	827c                	sh	a5,4(sp)
    19ca:	40011537          	lui	a0,0x40011
    19ce:	47f1                	li	a5,28
    19d0:	c63e                	sw	a5,12(sp)
    19d2:	004c                	addi	a1,sp,4
    19d4:	478d                	li	a5,3
    19d6:	c0050513          	addi	a0,a0,-1024 # 40010c00 <_eusrstack+0x20008c00>
    19da:	c43e                	sw	a5,8(sp)
    19dc:	eccff0ef          	jal	ra,10a8 <GPIO_Init>
    19e0:	67e1                	lui	a5,0x18
    19e2:	6a078793          	addi	a5,a5,1696 # 186a0 <_data_lma+0xe7bc>
    19e6:	c83e                	sw	a5,16(sp)
    19e8:	bfff07b7          	lui	a5,0xbfff0
    19ec:	40005437          	lui	s0,0x40005
    19f0:	ca3e                	sw	a5,20(sp)
    19f2:	040007b7          	lui	a5,0x4000
    19f6:	cc3e                	sw	a5,24(sp)
    19f8:	080c                	addi	a1,sp,16
    19fa:	6791                	lui	a5,0x4
    19fc:	40040513          	addi	a0,s0,1024 # 40005400 <_eusrstack+0x1fffd400>
    1a00:	86fc                	sh	a5,28(sp)
    1a02:	f78ff0ef          	jal	ra,117a <I2C_Init>
    1a06:	4585                	li	a1,1
    1a08:	40040513          	addi	a0,s0,1024
    1a0c:	86dff0ef          	jal	ra,1278 <I2C_Cmd>
    1a10:	00008537          	lui	a0,0x8
    1a14:	c8850513          	addi	a0,a0,-888 # 7c88 <_read+0x44e>
    1a18:	03d040ef          	jal	ra,6254 <puts>
    1a1c:	6105                	addi	sp,sp,32
    1a1e:	ff6fe06f          	j	214 <__riscv_restore_0>

00001a22 <SGP30_Probe>:
    1a22:	fcefe2ef          	jal	t0,1f0 <__riscv_save_0>
    1a26:	1141                	addi	sp,sp,-16
    1a28:	650d                	lui	a0,0x3
    1a2a:	4685                	li	a3,1
    1a2c:	4625                	li	a2,9
    1a2e:	004c                	addi	a1,sp,4
    1a30:	68250513          	addi	a0,a0,1666 # 3682 <__ieee754_exp+0xc2>
    1a34:	3d1d                	jal	186a <sgp30_cmd_read>
    1a36:	ed01                	bnez	a0,1a4e <SGP30_Probe+0x2c>
    1a38:	842a                	mv	s0,a0
    1a3a:	00008537          	lui	a0,0x8
    1a3e:	ca050513          	addi	a0,a0,-864 # 7ca0 <_read+0x466>
    1a42:	013040ef          	jal	ra,6254 <puts>
    1a46:	8522                	mv	a0,s0
    1a48:	0141                	addi	sp,sp,16
    1a4a:	fcafe06f          	j	214 <__riscv_restore_0>
    1a4e:	00b14803          	lbu	a6,11(sp)
    1a52:	851c                	lbu	a5,10(sp)
    1a54:	8418                	lbu	a4,8(sp)
    1a56:	8394                	lbu	a3,7(sp)
    1a58:	8290                	lbu	a2,5(sp)
    1a5a:	820c                	lbu	a1,4(sp)
    1a5c:	00008537          	lui	a0,0x8
    1a60:	cb850513          	addi	a0,a0,-840 # 7cb8 <_read+0x47e>
    1a64:	6b2040ef          	jal	ra,6116 <iprintf>
    1a68:	6489                	lui	s1,0x2
    1a6a:	0dc00693          	li	a3,220
    1a6e:	460d                	li	a2,3
    1a70:	858a                	mv	a1,sp
    1a72:	03248513          	addi	a0,s1,50 # 2032 <LCD_Init+0x23a>
    1a76:	3bd5                	jal	186a <sgp30_cmd_read>
    1a78:	842a                	mv	s0,a0
    1a7a:	e511                	bnez	a0,1a86 <SGP30_Probe+0x64>
    1a7c:	00008537          	lui	a0,0x8
    1a80:	cec50513          	addi	a0,a0,-788 # 7cec <_read+0x4b2>
    1a84:	bf7d                	j	1a42 <SGP30_Probe+0x20>
    1a86:	801c                	lbu	a5,0(sp)
    1a88:	808c                	lbu	a1,1(sp)
    1a8a:	00008537          	lui	a0,0x8
    1a8e:	07a2                	slli	a5,a5,0x8
    1a90:	8ddd                	or	a1,a1,a5
    1a92:	d0850513          	addi	a0,a0,-760 # 7d08 <_read+0x4ce>
    1a96:	680040ef          	jal	ra,6116 <iprintf>
    1a9a:	00348513          	addi	a0,s1,3
    1a9e:	3339                	jal	17ac <sgp30_write_cmd>
    1aa0:	4529                	li	a0,10
    1aa2:	127010ef          	jal	ra,33c8 <Delay_Ms>
    1aa6:	00008537          	lui	a0,0x8
    1aaa:	4705                	li	a4,1
    1aac:	d2450513          	addi	a0,a0,-732 # 7d24 <_read+0x4ea>
    1ab0:	90e18c23          	sb	a4,-1768(gp) # 200001a8 <sgp30+0x8>
    1ab4:	4405                	li	s0,1
    1ab6:	79e040ef          	jal	ra,6254 <puts>
    1aba:	b771                	j	1a46 <SGP30_Probe+0x24>

00001abc <SGP30_Measure>:
    1abc:	f34fe2ef          	jal	t0,1f0 <__riscv_save_0>
    1ac0:	842a                	mv	s0,a0
    1ac2:	9181c503          	lbu	a0,-1768(gp) # 200001a8 <sgp30+0x8>
    1ac6:	1141                	addi	sp,sp,-16
    1ac8:	c919                	beqz	a0,1ade <SGP30_Measure+0x22>
    1aca:	6509                	lui	a0,0x2
    1acc:	03200693          	li	a3,50
    1ad0:	4619                	li	a2,6
    1ad2:	002c                	addi	a1,sp,8
    1ad4:	0521                	addi	a0,a0,8
    1ad6:	3b51                	jal	186a <sgp30_cmd_read>
    1ad8:	e511                	bnez	a0,1ae4 <SGP30_Measure+0x28>
    1ada:	00042023          	sw	zero,0(s0)
    1ade:	0141                	addi	sp,sp,16
    1ae0:	f34fe06f          	j	214 <__riscv_restore_0>
    1ae4:	841c                	lbu	a5,8(sp)
    1ae6:	8498                	lbu	a4,9(sp)
    1ae8:	4505                	li	a0,1
    1aea:	07a2                	slli	a5,a5,0x8
    1aec:	8fd9                	or	a5,a5,a4
    1aee:	a03e                	sh	a5,2(s0)
    1af0:	859c                	lbu	a5,11(sp)
    1af2:	8618                	lbu	a4,12(sp)
    1af4:	07a2                	slli	a5,a5,0x8
    1af6:	8fd9                	or	a5,a5,a4
    1af8:	a01e                	sh	a5,0(s0)
    1afa:	b7d5                	j	1ade <SGP30_Measure+0x22>

00001afc <SGP30_SetHumidity>:
    1afc:	9181c783          	lbu	a5,-1768(gp) # 200001a8 <sgp30+0x8>
    1b00:	c3a1                	beqz	a5,1b40 <SGP30_SetHumidity+0x44>
    1b02:	eeefe2ef          	jal	t0,1f0 <__riscv_save_0>
    1b06:	000087b7          	lui	a5,0x8
    1b0a:	d447a583          	lw	a1,-700(a5) # 7d44 <_read+0x50a>
    1b0e:	842a                	mv	s0,a0
    1b10:	05a040ef          	jal	ra,5b6a <__mulsf3>
    1b14:	000087b7          	lui	a5,0x8
    1b18:	d487a583          	lw	a1,-696(a5) # 7d48 <_read+0x50e>
    1b1c:	84aa                	mv	s1,a0
    1b1e:	8522                	mv	a0,s0
    1b20:	1ad030ef          	jal	ra,54cc <__addsf3>
    1b24:	85aa                	mv	a1,a0
    1b26:	8526                	mv	a0,s1
    1b28:	50f030ef          	jal	ra,5836 <__divsf3>
    1b2c:	3fe040ef          	jal	ra,5f2a <__extendsfdf2>
    1b30:	18d010ef          	jal	ra,34bc <exp>
    1b34:	6509                	lui	a0,0x2
    1b36:	06150513          	addi	a0,a0,97 # 2061 <LCD_Init+0x269>
    1b3a:	398d                	jal	17ac <sgp30_write_cmd>
    1b3c:	ed8fe06f          	j	214 <__riscv_restore_0>
    1b40:	8082                	ret

00001b42 <LCD_WR_REG>:
    1b42:	eaefe2ef          	jal	t0,1f0 <__riscv_save_0>
    1b46:	40011437          	lui	s0,0x40011
    1b4a:	6485                	lui	s1,0x1
    1b4c:	892a                	mv	s2,a0
    1b4e:	80048593          	addi	a1,s1,-2048 # 800 <__stack_size>
    1b52:	c0040513          	addi	a0,s0,-1024 # 40010c00 <_eusrstack+0x20008c00>
    1b56:	e20ff0ef          	jal	ra,1176 <GPIO_ResetBits>
    1b5a:	c0040513          	addi	a0,s0,-1024
    1b5e:	40000593          	li	a1,1024
    1b62:	e14ff0ef          	jal	ra,1176 <GPIO_ResetBits>
    1b66:	40004537          	lui	a0,0x40004
    1b6a:	85ca                	mv	a1,s2
    1b6c:	80050513          	addi	a0,a0,-2048 # 40003800 <_eusrstack+0x1fffb800>
    1b70:	b91ff0ef          	jal	ra,1700 <SPI_WriteByte>
    1b74:	80048593          	addi	a1,s1,-2048
    1b78:	c0040513          	addi	a0,s0,-1024
    1b7c:	df6ff0ef          	jal	ra,1172 <GPIO_SetBits>
    1b80:	e94fe06f          	j	214 <__riscv_restore_0>

00001b84 <LCD_WR_DATA>:
    1b84:	e6cfe2ef          	jal	t0,1f0 <__riscv_save_0>
    1b88:	40011437          	lui	s0,0x40011
    1b8c:	6485                	lui	s1,0x1
    1b8e:	892a                	mv	s2,a0
    1b90:	80048593          	addi	a1,s1,-2048 # 800 <__stack_size>
    1b94:	c0040513          	addi	a0,s0,-1024 # 40010c00 <_eusrstack+0x20008c00>
    1b98:	ddeff0ef          	jal	ra,1176 <GPIO_ResetBits>
    1b9c:	c0040513          	addi	a0,s0,-1024
    1ba0:	40000593          	li	a1,1024
    1ba4:	dceff0ef          	jal	ra,1172 <GPIO_SetBits>
    1ba8:	40004537          	lui	a0,0x40004
    1bac:	85ca                	mv	a1,s2
    1bae:	80050513          	addi	a0,a0,-2048 # 40003800 <_eusrstack+0x1fffb800>
    1bb2:	b4fff0ef          	jal	ra,1700 <SPI_WriteByte>
    1bb6:	80048593          	addi	a1,s1,-2048
    1bba:	c0040513          	addi	a0,s0,-1024
    1bbe:	db4ff0ef          	jal	ra,1172 <GPIO_SetBits>
    1bc2:	e52fe06f          	j	214 <__riscv_restore_0>

00001bc6 <LCD_WriteReg>:
    1bc6:	e2afe2ef          	jal	t0,1f0 <__riscv_save_0>
    1bca:	1141                	addi	sp,sp,-16
    1bcc:	c62e                	sw	a1,12(sp)
    1bce:	3f95                	jal	1b42 <LCD_WR_REG>
    1bd0:	45b2                	lw	a1,12(sp)
    1bd2:	0ff5f513          	andi	a0,a1,255
    1bd6:	377d                	jal	1b84 <LCD_WR_DATA>
    1bd8:	0141                	addi	sp,sp,16
    1bda:	e3afe06f          	j	214 <__riscv_restore_0>

00001bde <LCD_WriteRAM_Prepare>:
    1bde:	e12fe2ef          	jal	t0,1f0 <__riscv_save_0>
    1be2:	9281c503          	lbu	a0,-1752(gp) # 200001b8 <lcddev+0x8>
    1be6:	3fb1                	jal	1b42 <LCD_WR_REG>
    1be8:	e2cfe06f          	j	214 <__riscv_restore_0>

00001bec <Lcd_WriteData_16Bit>:
    1bec:	deafe2ef          	jal	t0,1d6 <__riscv_save_4>
    1bf0:	40011437          	lui	s0,0x40011
    1bf4:	6485                	lui	s1,0x1
    1bf6:	89aa                	mv	s3,a0
    1bf8:	80048593          	addi	a1,s1,-2048 # 800 <__stack_size>
    1bfc:	c0040513          	addi	a0,s0,-1024 # 40010c00 <_eusrstack+0x20008c00>
    1c00:	d76ff0ef          	jal	ra,1176 <GPIO_ResetBits>
    1c04:	c0040513          	addi	a0,s0,-1024
    1c08:	40000593          	li	a1,1024
    1c0c:	d66ff0ef          	jal	ra,1172 <GPIO_SetBits>
    1c10:	40004937          	lui	s2,0x40004
    1c14:	0089d593          	srli	a1,s3,0x8
    1c18:	80090513          	addi	a0,s2,-2048 # 40003800 <_eusrstack+0x1fffb800>
    1c1c:	ae5ff0ef          	jal	ra,1700 <SPI_WriteByte>
    1c20:	0ff9f593          	andi	a1,s3,255
    1c24:	80090513          	addi	a0,s2,-2048
    1c28:	ad9ff0ef          	jal	ra,1700 <SPI_WriteByte>
    1c2c:	80048593          	addi	a1,s1,-2048
    1c30:	c0040513          	addi	a0,s0,-1024
    1c34:	d3eff0ef          	jal	ra,1172 <GPIO_SetBits>
    1c38:	dd2fe06f          	j	20a <__riscv_restore_4>

00001c3c <LCD_GPIOInit>:
    1c3c:	db4fe2ef          	jal	t0,1f0 <__riscv_save_0>
    1c40:	1141                	addi	sp,sp,-16
    1c42:	4585                	li	a1,1
    1c44:	4521                	li	a0,8
    1c46:	c202                	sw	zero,4(sp)
    1c48:	c402                	sw	zero,8(sp)
    1c4a:	c602                	sw	zero,12(sp)
    1c4c:	8d1ff0ef          	jal	ra,151c <RCC_APB2PeriphClockCmd>
    1c50:	6789                	lui	a5,0x2
    1c52:	e0078793          	addi	a5,a5,-512 # 1e00 <LCD_Init+0x8>
    1c56:	827c                	sh	a5,4(sp)
    1c58:	40011537          	lui	a0,0x40011
    1c5c:	478d                	li	a5,3
    1c5e:	c43e                	sw	a5,8(sp)
    1c60:	004c                	addi	a1,sp,4
    1c62:	47c1                	li	a5,16
    1c64:	c0050513          	addi	a0,a0,-1024 # 40010c00 <_eusrstack+0x20008c00>
    1c68:	c63e                	sw	a5,12(sp)
    1c6a:	c3eff0ef          	jal	ra,10a8 <GPIO_Init>
    1c6e:	0141                	addi	sp,sp,16
    1c70:	da4fe06f          	j	214 <__riscv_restore_0>

00001c74 <LCD_RESET>:
    1c74:	d7cfe2ef          	jal	t0,1f0 <__riscv_save_0>
    1c78:	40011437          	lui	s0,0x40011
    1c7c:	6585                	lui	a1,0x1
    1c7e:	c0040513          	addi	a0,s0,-1024 # 40010c00 <_eusrstack+0x20008c00>
    1c82:	cf4ff0ef          	jal	ra,1176 <GPIO_ResetBits>
    1c86:	06400513          	li	a0,100
    1c8a:	73e010ef          	jal	ra,33c8 <Delay_Ms>
    1c8e:	6585                	lui	a1,0x1
    1c90:	c0040513          	addi	a0,s0,-1024
    1c94:	cdeff0ef          	jal	ra,1172 <GPIO_SetBits>
    1c98:	03200513          	li	a0,50
    1c9c:	72c010ef          	jal	ra,33c8 <Delay_Ms>
    1ca0:	d74fe06f          	j	214 <__riscv_restore_0>

00001ca4 <LCD_SetWindows>:
    1ca4:	d32fe2ef          	jal	t0,1d6 <__riscv_save_4>
    1ca8:	92018413          	addi	s0,gp,-1760 # 200001b0 <lcddev>
    1cac:	8a2a                	mv	s4,a0
    1cae:	2428                	lbu	a0,10(s0)
    1cb0:	892e                	mv	s2,a1
    1cb2:	89b2                	mv	s3,a2
    1cb4:	84b6                	mv	s1,a3
    1cb6:	3571                	jal	1b42 <LCD_WR_REG>
    1cb8:	008a5513          	srli	a0,s4,0x8
    1cbc:	35e1                	jal	1b84 <LCD_WR_DATA>
    1cbe:	0ffa7513          	andi	a0,s4,255
    1cc2:	35c9                	jal	1b84 <LCD_WR_DATA>
    1cc4:	0089d513          	srli	a0,s3,0x8
    1cc8:	3d75                	jal	1b84 <LCD_WR_DATA>
    1cca:	0ff9f513          	andi	a0,s3,255
    1cce:	3d5d                	jal	1b84 <LCD_WR_DATA>
    1cd0:	2448                	lbu	a0,12(s0)
    1cd2:	3d85                	jal	1b42 <LCD_WR_REG>
    1cd4:	00895513          	srli	a0,s2,0x8
    1cd8:	3575                	jal	1b84 <LCD_WR_DATA>
    1cda:	0ff97513          	andi	a0,s2,255
    1cde:	355d                	jal	1b84 <LCD_WR_DATA>
    1ce0:	0084d513          	srli	a0,s1,0x8
    1ce4:	3545                	jal	1b84 <LCD_WR_DATA>
    1ce6:	0ff4f513          	andi	a0,s1,255
    1cea:	3d69                	jal	1b84 <LCD_WR_DATA>
    1cec:	3dcd                	jal	1bde <LCD_WriteRAM_Prepare>
    1cee:	d1cfe06f          	j	20a <__riscv_restore_4>

00001cf2 <LCD_Clear>:
    1cf2:	ce4fe2ef          	jal	t0,1d6 <__riscv_save_4>
    1cf6:	92018793          	addi	a5,gp,-1760 # 200001b0 <lcddev>
    1cfa:	23b6                	lhu	a3,2(a5)
    1cfc:	2392                	lhu	a2,0(a5)
    1cfe:	4581                	li	a1,0
    1d00:	16fd                	addi	a3,a3,-1
    1d02:	167d                	addi	a2,a2,-1
    1d04:	06c2                	slli	a3,a3,0x10
    1d06:	0642                	slli	a2,a2,0x10
    1d08:	82c1                	srli	a3,a3,0x10
    1d0a:	8241                	srli	a2,a2,0x10
    1d0c:	89aa                	mv	s3,a0
    1d0e:	4501                	li	a0,0
    1d10:	3f51                	jal	1ca4 <LCD_SetWindows>
    1d12:	400114b7          	lui	s1,0x40011
    1d16:	6585                	lui	a1,0x1
    1d18:	c0048513          	addi	a0,s1,-1024 # 40010c00 <_eusrstack+0x20008c00>
    1d1c:	80058593          	addi	a1,a1,-2048 # 800 <__stack_size>
    1d20:	c56ff0ef          	jal	ra,1176 <GPIO_ResetBits>
    1d24:	c0048513          	addi	a0,s1,-1024
    1d28:	40000593          	li	a1,1024
    1d2c:	c46ff0ef          	jal	ra,1172 <GPIO_SetBits>
    1d30:	4481                	li	s1,0
    1d32:	92018413          	addi	s0,gp,-1760 # 200001b0 <lcddev>
    1d36:	203e                	lhu	a5,2(s0)
    1d38:	02f4e563          	bltu	s1,a5,1d62 <LCD_Clear+0x70>
    1d3c:	6585                	lui	a1,0x1
    1d3e:	40011537          	lui	a0,0x40011
    1d42:	80058593          	addi	a1,a1,-2048 # 800 <__stack_size>
    1d46:	c0050513          	addi	a0,a0,-1024 # 40010c00 <_eusrstack+0x20008c00>
    1d4a:	c28ff0ef          	jal	ra,1172 <GPIO_SetBits>
    1d4e:	cbcfe06f          	j	20a <__riscv_restore_4>
    1d52:	854e                	mv	a0,s3
    1d54:	3d61                	jal	1bec <Lcd_WriteData_16Bit>
    1d56:	0905                	addi	s2,s2,1
    1d58:	201e                	lhu	a5,0(s0)
    1d5a:	fef96ce3          	bltu	s2,a5,1d52 <LCD_Clear+0x60>
    1d5e:	0485                	addi	s1,s1,1
    1d60:	bfd9                	j	1d36 <LCD_Clear+0x44>
    1d62:	4901                	li	s2,0
    1d64:	bfd5                	j	1d58 <LCD_Clear+0x66>

00001d66 <LCD_SetCursor>:
    1d66:	c8afe2ef          	jal	t0,1f0 <__riscv_save_0>
    1d6a:	86ae                	mv	a3,a1
    1d6c:	862a                	mv	a2,a0
    1d6e:	3f1d                	jal	1ca4 <LCD_SetWindows>
    1d70:	ca4fe06f          	j	214 <__riscv_restore_0>

00001d74 <LCD_DrawPoint>:
    1d74:	c7cfe2ef          	jal	t0,1f0 <__riscv_save_0>
    1d78:	37fd                	jal	1d66 <LCD_SetCursor>
    1d7a:	8481d503          	lhu	a0,-1976(gp) # 200000d8 <POINT_COLOR>
    1d7e:	35bd                	jal	1bec <Lcd_WriteData_16Bit>
    1d80:	c94fe06f          	j	214 <__riscv_restore_0>

00001d84 <LCD_direction>:
    1d84:	c6cfe2ef          	jal	t0,1f0 <__riscv_save_0>
    1d88:	002a0737          	lui	a4,0x2a0
    1d8c:	92018793          	addi	a5,gp,-1760 # 200001b0 <lcddev>
    1d90:	02c70713          	addi	a4,a4,44 # 2a002c <_data_lma+0x296148>
    1d94:	c798                	sw	a4,8(a5)
    1d96:	02b00713          	li	a4,43
    1d9a:	a7da                	sh	a4,12(a5)
    1d9c:	4705                	li	a4,1
    1d9e:	02e50563          	beq	a0,a4,1dc8 <LCD_direction+0x44>
    1da2:	c909                	beqz	a0,1db4 <LCD_direction+0x30>
    1da4:	4709                	li	a4,2
    1da6:	02e50963          	beq	a0,a4,1dd8 <LCD_direction+0x54>
    1daa:	470d                	li	a4,3
    1dac:	02e50e63          	beq	a0,a4,1de8 <LCD_direction+0x64>
    1db0:	c64fe06f          	j	214 <__riscv_restore_0>
    1db4:	01400737          	lui	a4,0x1400
    1db8:	0f070713          	addi	a4,a4,240 # 14000f0 <_data_lma+0x13f620c>
    1dbc:	c398                	sw	a4,0(a5)
    1dbe:	45a1                	li	a1,8
    1dc0:	03600513          	li	a0,54
    1dc4:	3509                	jal	1bc6 <LCD_WriteReg>
    1dc6:	b7ed                	j	1db0 <LCD_direction+0x2c>
    1dc8:	00f00737          	lui	a4,0xf00
    1dcc:	14070713          	addi	a4,a4,320 # f00140 <_data_lma+0xef625c>
    1dd0:	c398                	sw	a4,0(a5)
    1dd2:	06800593          	li	a1,104
    1dd6:	b7ed                	j	1dc0 <LCD_direction+0x3c>
    1dd8:	01400737          	lui	a4,0x1400
    1ddc:	0f070713          	addi	a4,a4,240 # 14000f0 <_data_lma+0x13f620c>
    1de0:	c398                	sw	a4,0(a5)
    1de2:	0c800593          	li	a1,200
    1de6:	bfe9                	j	1dc0 <LCD_direction+0x3c>
    1de8:	00f00737          	lui	a4,0xf00
    1dec:	14070713          	addi	a4,a4,320 # f00140 <_data_lma+0xef625c>
    1df0:	c398                	sw	a4,0(a5)
    1df2:	0a800593          	li	a1,168
    1df6:	b7e9                	j	1dc0 <LCD_direction+0x3c>

00001df8 <LCD_Init>:
    1df8:	bf8fe2ef          	jal	t0,1f0 <__riscv_save_0>
    1dfc:	92fff0ef          	jal	ra,172a <SPI2_Init>
    1e00:	3d35                	jal	1c3c <LCD_GPIOInit>
    1e02:	3d8d                	jal	1c74 <LCD_RESET>
    1e04:	0cf00513          	li	a0,207
    1e08:	d3bff0ef          	jal	ra,1b42 <LCD_WR_REG>
    1e0c:	4501                	li	a0,0
    1e0e:	d77ff0ef          	jal	ra,1b84 <LCD_WR_DATA>
    1e12:	0d900513          	li	a0,217
    1e16:	d6fff0ef          	jal	ra,1b84 <LCD_WR_DATA>
    1e1a:	03000513          	li	a0,48
    1e1e:	d67ff0ef          	jal	ra,1b84 <LCD_WR_DATA>
    1e22:	0ed00513          	li	a0,237
    1e26:	d1dff0ef          	jal	ra,1b42 <LCD_WR_REG>
    1e2a:	06400513          	li	a0,100
    1e2e:	d57ff0ef          	jal	ra,1b84 <LCD_WR_DATA>
    1e32:	450d                	li	a0,3
    1e34:	d51ff0ef          	jal	ra,1b84 <LCD_WR_DATA>
    1e38:	4549                	li	a0,18
    1e3a:	d4bff0ef          	jal	ra,1b84 <LCD_WR_DATA>
    1e3e:	08100513          	li	a0,129
    1e42:	d43ff0ef          	jal	ra,1b84 <LCD_WR_DATA>
    1e46:	0e800513          	li	a0,232
    1e4a:	cf9ff0ef          	jal	ra,1b42 <LCD_WR_REG>
    1e4e:	08500513          	li	a0,133
    1e52:	d33ff0ef          	jal	ra,1b84 <LCD_WR_DATA>
    1e56:	4541                	li	a0,16
    1e58:	d2dff0ef          	jal	ra,1b84 <LCD_WR_DATA>
    1e5c:	07a00513          	li	a0,122
    1e60:	d25ff0ef          	jal	ra,1b84 <LCD_WR_DATA>
    1e64:	0cb00513          	li	a0,203
    1e68:	cdbff0ef          	jal	ra,1b42 <LCD_WR_REG>
    1e6c:	03900513          	li	a0,57
    1e70:	d15ff0ef          	jal	ra,1b84 <LCD_WR_DATA>
    1e74:	02c00513          	li	a0,44
    1e78:	d0dff0ef          	jal	ra,1b84 <LCD_WR_DATA>
    1e7c:	4501                	li	a0,0
    1e7e:	d07ff0ef          	jal	ra,1b84 <LCD_WR_DATA>
    1e82:	03400513          	li	a0,52
    1e86:	cffff0ef          	jal	ra,1b84 <LCD_WR_DATA>
    1e8a:	4509                	li	a0,2
    1e8c:	cf9ff0ef          	jal	ra,1b84 <LCD_WR_DATA>
    1e90:	0f700513          	li	a0,247
    1e94:	cafff0ef          	jal	ra,1b42 <LCD_WR_REG>
    1e98:	02000513          	li	a0,32
    1e9c:	ce9ff0ef          	jal	ra,1b84 <LCD_WR_DATA>
    1ea0:	0ea00513          	li	a0,234
    1ea4:	c9fff0ef          	jal	ra,1b42 <LCD_WR_REG>
    1ea8:	4501                	li	a0,0
    1eaa:	cdbff0ef          	jal	ra,1b84 <LCD_WR_DATA>
    1eae:	4501                	li	a0,0
    1eb0:	cd5ff0ef          	jal	ra,1b84 <LCD_WR_DATA>
    1eb4:	0c000513          	li	a0,192
    1eb8:	c8bff0ef          	jal	ra,1b42 <LCD_WR_REG>
    1ebc:	456d                	li	a0,27
    1ebe:	cc7ff0ef          	jal	ra,1b84 <LCD_WR_DATA>
    1ec2:	0c100513          	li	a0,193
    1ec6:	c7dff0ef          	jal	ra,1b42 <LCD_WR_REG>
    1eca:	4549                	li	a0,18
    1ecc:	cb9ff0ef          	jal	ra,1b84 <LCD_WR_DATA>
    1ed0:	0c500513          	li	a0,197
    1ed4:	c6fff0ef          	jal	ra,1b42 <LCD_WR_REG>
    1ed8:	4521                	li	a0,8
    1eda:	cabff0ef          	jal	ra,1b84 <LCD_WR_DATA>
    1ede:	02600513          	li	a0,38
    1ee2:	ca3ff0ef          	jal	ra,1b84 <LCD_WR_DATA>
    1ee6:	0c700513          	li	a0,199
    1eea:	c59ff0ef          	jal	ra,1b42 <LCD_WR_REG>
    1eee:	0b700513          	li	a0,183
    1ef2:	c93ff0ef          	jal	ra,1b84 <LCD_WR_DATA>
    1ef6:	03600513          	li	a0,54
    1efa:	c49ff0ef          	jal	ra,1b42 <LCD_WR_REG>
    1efe:	04800513          	li	a0,72
    1f02:	c83ff0ef          	jal	ra,1b84 <LCD_WR_DATA>
    1f06:	03a00513          	li	a0,58
    1f0a:	c39ff0ef          	jal	ra,1b42 <LCD_WR_REG>
    1f0e:	05500513          	li	a0,85
    1f12:	c73ff0ef          	jal	ra,1b84 <LCD_WR_DATA>
    1f16:	0b100513          	li	a0,177
    1f1a:	c29ff0ef          	jal	ra,1b42 <LCD_WR_REG>
    1f1e:	4501                	li	a0,0
    1f20:	c65ff0ef          	jal	ra,1b84 <LCD_WR_DATA>
    1f24:	4569                	li	a0,26
    1f26:	c5fff0ef          	jal	ra,1b84 <LCD_WR_DATA>
    1f2a:	0b600513          	li	a0,182
    1f2e:	c15ff0ef          	jal	ra,1b42 <LCD_WR_REG>
    1f32:	4529                	li	a0,10
    1f34:	c51ff0ef          	jal	ra,1b84 <LCD_WR_DATA>
    1f38:	02200513          	li	a0,34
    1f3c:	c49ff0ef          	jal	ra,1b84 <LCD_WR_DATA>
    1f40:	0f200513          	li	a0,242
    1f44:	bffff0ef          	jal	ra,1b42 <LCD_WR_REG>
    1f48:	4501                	li	a0,0
    1f4a:	c3bff0ef          	jal	ra,1b84 <LCD_WR_DATA>
    1f4e:	02600513          	li	a0,38
    1f52:	bf1ff0ef          	jal	ra,1b42 <LCD_WR_REG>
    1f56:	4505                	li	a0,1
    1f58:	c2dff0ef          	jal	ra,1b84 <LCD_WR_DATA>
    1f5c:	0e000513          	li	a0,224
    1f60:	be3ff0ef          	jal	ra,1b42 <LCD_WR_REG>
    1f64:	453d                	li	a0,15
    1f66:	c1fff0ef          	jal	ra,1b84 <LCD_WR_DATA>
    1f6a:	4575                	li	a0,29
    1f6c:	c19ff0ef          	jal	ra,1b84 <LCD_WR_DATA>
    1f70:	4569                	li	a0,26
    1f72:	c13ff0ef          	jal	ra,1b84 <LCD_WR_DATA>
    1f76:	4529                	li	a0,10
    1f78:	c0dff0ef          	jal	ra,1b84 <LCD_WR_DATA>
    1f7c:	4535                	li	a0,13
    1f7e:	c07ff0ef          	jal	ra,1b84 <LCD_WR_DATA>
    1f82:	451d                	li	a0,7
    1f84:	c01ff0ef          	jal	ra,1b84 <LCD_WR_DATA>
    1f88:	04900513          	li	a0,73
    1f8c:	bf9ff0ef          	jal	ra,1b84 <LCD_WR_DATA>
    1f90:	06600513          	li	a0,102
    1f94:	bf1ff0ef          	jal	ra,1b84 <LCD_WR_DATA>
    1f98:	03b00513          	li	a0,59
    1f9c:	be9ff0ef          	jal	ra,1b84 <LCD_WR_DATA>
    1fa0:	451d                	li	a0,7
    1fa2:	be3ff0ef          	jal	ra,1b84 <LCD_WR_DATA>
    1fa6:	4545                	li	a0,17
    1fa8:	bddff0ef          	jal	ra,1b84 <LCD_WR_DATA>
    1fac:	4505                	li	a0,1
    1fae:	bd7ff0ef          	jal	ra,1b84 <LCD_WR_DATA>
    1fb2:	4525                	li	a0,9
    1fb4:	bd1ff0ef          	jal	ra,1b84 <LCD_WR_DATA>
    1fb8:	4515                	li	a0,5
    1fba:	bcbff0ef          	jal	ra,1b84 <LCD_WR_DATA>
    1fbe:	4511                	li	a0,4
    1fc0:	bc5ff0ef          	jal	ra,1b84 <LCD_WR_DATA>
    1fc4:	0e100513          	li	a0,225
    1fc8:	b7bff0ef          	jal	ra,1b42 <LCD_WR_REG>
    1fcc:	4501                	li	a0,0
    1fce:	bb7ff0ef          	jal	ra,1b84 <LCD_WR_DATA>
    1fd2:	4561                	li	a0,24
    1fd4:	bb1ff0ef          	jal	ra,1b84 <LCD_WR_DATA>
    1fd8:	4575                	li	a0,29
    1fda:	babff0ef          	jal	ra,1b84 <LCD_WR_DATA>
    1fde:	4509                	li	a0,2
    1fe0:	ba5ff0ef          	jal	ra,1b84 <LCD_WR_DATA>
    1fe4:	453d                	li	a0,15
    1fe6:	b9fff0ef          	jal	ra,1b84 <LCD_WR_DATA>
    1fea:	4511                	li	a0,4
    1fec:	b99ff0ef          	jal	ra,1b84 <LCD_WR_DATA>
    1ff0:	03600513          	li	a0,54
    1ff4:	b91ff0ef          	jal	ra,1b84 <LCD_WR_DATA>
    1ff8:	454d                	li	a0,19
    1ffa:	b8bff0ef          	jal	ra,1b84 <LCD_WR_DATA>
    1ffe:	04c00513          	li	a0,76
    2002:	b83ff0ef          	jal	ra,1b84 <LCD_WR_DATA>
    2006:	451d                	li	a0,7
    2008:	b7dff0ef          	jal	ra,1b84 <LCD_WR_DATA>
    200c:	454d                	li	a0,19
    200e:	b77ff0ef          	jal	ra,1b84 <LCD_WR_DATA>
    2012:	453d                	li	a0,15
    2014:	b71ff0ef          	jal	ra,1b84 <LCD_WR_DATA>
    2018:	02e00513          	li	a0,46
    201c:	b69ff0ef          	jal	ra,1b84 <LCD_WR_DATA>
    2020:	02f00513          	li	a0,47
    2024:	b61ff0ef          	jal	ra,1b84 <LCD_WR_DATA>
    2028:	4515                	li	a0,5
    202a:	b5bff0ef          	jal	ra,1b84 <LCD_WR_DATA>
    202e:	02b00513          	li	a0,43
    2032:	b11ff0ef          	jal	ra,1b42 <LCD_WR_REG>
    2036:	4501                	li	a0,0
    2038:	b4dff0ef          	jal	ra,1b84 <LCD_WR_DATA>
    203c:	4501                	li	a0,0
    203e:	b47ff0ef          	jal	ra,1b84 <LCD_WR_DATA>
    2042:	4505                	li	a0,1
    2044:	b41ff0ef          	jal	ra,1b84 <LCD_WR_DATA>
    2048:	03f00513          	li	a0,63
    204c:	b39ff0ef          	jal	ra,1b84 <LCD_WR_DATA>
    2050:	02a00513          	li	a0,42
    2054:	aefff0ef          	jal	ra,1b42 <LCD_WR_REG>
    2058:	4501                	li	a0,0
    205a:	b2bff0ef          	jal	ra,1b84 <LCD_WR_DATA>
    205e:	4501                	li	a0,0
    2060:	b25ff0ef          	jal	ra,1b84 <LCD_WR_DATA>
    2064:	4501                	li	a0,0
    2066:	b1fff0ef          	jal	ra,1b84 <LCD_WR_DATA>
    206a:	0ef00513          	li	a0,239
    206e:	b17ff0ef          	jal	ra,1b84 <LCD_WR_DATA>
    2072:	4545                	li	a0,17
    2074:	acfff0ef          	jal	ra,1b42 <LCD_WR_REG>
    2078:	07800513          	li	a0,120
    207c:	34c010ef          	jal	ra,33c8 <Delay_Ms>
    2080:	02900513          	li	a0,41
    2084:	abfff0ef          	jal	ra,1b42 <LCD_WR_REG>
    2088:	4501                	li	a0,0
    208a:	cfbff0ef          	jal	ra,1d84 <LCD_direction>
    208e:	40011537          	lui	a0,0x40011
    2092:	20000593          	li	a1,512
    2096:	c0050513          	addi	a0,a0,-1024 # 40010c00 <_eusrstack+0x20008c00>
    209a:	8d8ff0ef          	jal	ra,1172 <GPIO_SetBits>
    209e:	6541                	lui	a0,0x10
    20a0:	157d                	addi	a0,a0,-1
    20a2:	c51ff0ef          	jal	ra,1cf2 <LCD_Clear>
    20a6:	96efe06f          	j	214 <__riscv_restore_0>

000020aa <LCD_Fill>:
    20aa:	92cfe2ef          	jal	t0,1d6 <__riscv_save_4>
    20ae:	40a60933          	sub	s2,a2,a0
    20b2:	40b68433          	sub	s0,a3,a1
    20b6:	0905                	addi	s2,s2,1
    20b8:	0405                	addi	s0,s0,1
    20ba:	0942                	slli	s2,s2,0x10
    20bc:	0442                	slli	s0,s0,0x10
    20be:	8a3a                	mv	s4,a4
    20c0:	01095913          	srli	s2,s2,0x10
    20c4:	8041                	srli	s0,s0,0x10
    20c6:	bdfff0ef          	jal	ra,1ca4 <LCD_SetWindows>
    20ca:	4481                	li	s1,0
    20cc:	0484e063          	bltu	s1,s0,210c <LCD_Fill+0x62>
    20d0:	92018713          	addi	a4,gp,-1760 # 200001b0 <lcddev>
    20d4:	2336                	lhu	a3,2(a4)
    20d6:	9201d603          	lhu	a2,-1760(gp) # 200001b0 <lcddev>
    20da:	4581                	li	a1,0
    20dc:	16fd                	addi	a3,a3,-1
    20de:	167d                	addi	a2,a2,-1
    20e0:	06c2                	slli	a3,a3,0x10
    20e2:	0642                	slli	a2,a2,0x10
    20e4:	82c1                	srli	a3,a3,0x10
    20e6:	8241                	srli	a2,a2,0x10
    20e8:	4501                	li	a0,0
    20ea:	bbbff0ef          	jal	ra,1ca4 <LCD_SetWindows>
    20ee:	91cfe06f          	j	20a <__riscv_restore_4>
    20f2:	0985                	addi	s3,s3,1
    20f4:	8552                	mv	a0,s4
    20f6:	09c2                	slli	s3,s3,0x10
    20f8:	af5ff0ef          	jal	ra,1bec <Lcd_WriteData_16Bit>
    20fc:	0109d993          	srli	s3,s3,0x10
    2100:	ff29e9e3          	bltu	s3,s2,20f2 <LCD_Fill+0x48>
    2104:	0485                	addi	s1,s1,1
    2106:	04c2                	slli	s1,s1,0x10
    2108:	80c1                	srli	s1,s1,0x10
    210a:	b7c9                	j	20cc <LCD_Fill+0x22>
    210c:	4981                	li	s3,0
    210e:	bfcd                	j	2100 <LCD_Fill+0x56>

00002110 <LCD_DrawLine>:
    2110:	8b8fe2ef          	jal	t0,1c8 <__riscv_save_10>
    2114:	40a60433          	sub	s0,a2,a0
    2118:	8b2a                	mv	s6,a0
    211a:	8cae                	mv	s9,a1
    211c:	40b684b3          	sub	s1,a3,a1
    2120:	4b85                	li	s7,1
    2122:	00804763          	bgtz	s0,2130 <LCD_DrawLine+0x20>
    2126:	4b81                	li	s7,0
    2128:	c401                	beqz	s0,2130 <LCD_DrawLine+0x20>
    212a:	40c50433          	sub	s0,a0,a2
    212e:	5bfd                	li	s7,-1
    2130:	4c05                	li	s8,1
    2132:	00904763          	bgtz	s1,2140 <LCD_DrawLine+0x30>
    2136:	4c01                	li	s8,0
    2138:	c481                	beqz	s1,2140 <LCD_DrawLine+0x30>
    213a:	40d584b3          	sub	s1,a1,a3
    213e:	5c7d                	li	s8,-1
    2140:	8922                	mv	s2,s0
    2142:	00945363          	bge	s0,s1,2148 <LCD_DrawLine+0x38>
    2146:	8926                	mv	s2,s1
    2148:	4a81                	li	s5,0
    214a:	4a01                	li	s4,0
    214c:	4981                	li	s3,0
    214e:	00190d13          	addi	s10,s2,1
    2152:	013d5463          	bge	s10,s3,215a <LCD_DrawLine+0x4a>
    2156:	8aafe06f          	j	200 <__riscv_restore_10>
    215a:	010c9593          	slli	a1,s9,0x10
    215e:	010b1513          	slli	a0,s6,0x10
    2162:	81c1                	srli	a1,a1,0x10
    2164:	8141                	srli	a0,a0,0x10
    2166:	9a22                	add	s4,s4,s0
    2168:	c0dff0ef          	jal	ra,1d74 <LCD_DrawPoint>
    216c:	9aa6                	add	s5,s5,s1
    216e:	01495563          	bge	s2,s4,2178 <LCD_DrawLine+0x68>
    2172:	412a0a33          	sub	s4,s4,s2
    2176:	9b5e                	add	s6,s6,s7
    2178:	01595563          	bge	s2,s5,2182 <LCD_DrawLine+0x72>
    217c:	412a8ab3          	sub	s5,s5,s2
    2180:	9ce2                	add	s9,s9,s8
    2182:	0985                	addi	s3,s3,1
    2184:	09c2                	slli	s3,s3,0x10
    2186:	0109d993          	srli	s3,s3,0x10
    218a:	b7e1                	j	2152 <LCD_DrawLine+0x42>

0000218c <LCD_ShowChar>:
    218c:	834fe2ef          	jal	t0,1c0 <__riscv_save_12>
    2190:	1141                	addi	sp,sp,-16
    2192:	893e                	mv	s2,a5
    2194:	c436                	sw	a3,8(sp)
    2196:	8bb2                	mv	s7,a2
    2198:	fff58693          	addi	a3,a1,-1
    219c:	fff50613          	addi	a2,a0,-1 # ffff <_data_lma+0x611b>
    21a0:	00195a13          	srli	s4,s2,0x1
    21a4:	8481d783          	lhu	a5,-1976(gp) # 200000d8 <POINT_COLOR>
    21a8:	96ca                	add	a3,a3,s2
    21aa:	9652                	add	a2,a2,s4
    21ac:	06c2                	slli	a3,a3,0x10
    21ae:	0642                	slli	a2,a2,0x10
    21b0:	82c1                	srli	a3,a3,0x10
    21b2:	8241                	srli	a2,a2,0x10
    21b4:	fe070413          	addi	s0,a4,-32
    21b8:	c642                	sw	a6,12(sp)
    21ba:	8aaa                	mv	s5,a0
    21bc:	8b2e                	mv	s6,a1
    21be:	c23e                	sw	a5,4(sp)
    21c0:	ae5ff0ef          	jal	ra,1ca4 <LCD_SetWindows>
    21c4:	4832                	lw	a6,12(sp)
    21c6:	0ff47413          	andi	s0,s0,255
    21ca:	4731                	li	a4,12
    21cc:	00441c13          	slli	s8,s0,0x4
    21d0:	4481                	li	s1,0
    21d2:	02e40433          	mul	s0,s0,a4
    21d6:	02080d63          	beqz	a6,2210 <LCD_ShowChar+0x84>
    21da:	67a1                	lui	a5,0x8
    21dc:	6721                	lui	a4,0x8
    21de:	4631                	li	a2,12
    21e0:	1c078793          	addi	a5,a5,448 # 81c0 <asc2_1608>
    21e4:	d4c70713          	addi	a4,a4,-692 # 7d4c <asc2_1206>
    21e8:	02990d63          	beq	s2,s1,2222 <LCD_ShowChar+0x96>
    21ec:	08c91e63          	bne	s2,a2,2288 <LCD_ShowChar+0xfc>
    21f0:	008486b3          	add	a3,s1,s0
    21f4:	96ba                	add	a3,a3,a4
    21f6:	0006cd83          	lbu	s11,0(a3)
    21fa:	009b06b3          	add	a3,s6,s1
    21fe:	06c2                	slli	a3,a3,0x10
    2200:	4d01                	li	s10,0
    2202:	82c1                	srli	a3,a3,0x10
    2204:	0ffd7593          	andi	a1,s10,255
    2208:	0945e463          	bltu	a1,s4,2290 <LCD_ShowChar+0x104>
    220c:	0485                	addi	s1,s1,1
    220e:	bfe9                	j	21e8 <LCD_ShowChar+0x5c>
    2210:	6aa1                	lui	s5,0x8
    2212:	6b21                	lui	s6,0x8
    2214:	4db1                	li	s11,12
    2216:	1c0a8a93          	addi	s5,s5,448 # 81c0 <asc2_1608>
    221a:	d4cb0b13          	addi	s6,s6,-692 # 7d4c <asc2_1206>
    221e:	03249763          	bne	s1,s2,224c <LCD_ShowChar+0xc0>
    2222:	4792                	lw	a5,4(sp)
    2224:	4581                	li	a1,0
    2226:	4501                	li	a0,0
    2228:	84f19423          	sh	a5,-1976(gp) # 200000d8 <POINT_COLOR>
    222c:	92018713          	addi	a4,gp,-1760 # 200001b0 <lcddev>
    2230:	2336                	lhu	a3,2(a4)
    2232:	9201d603          	lhu	a2,-1760(gp) # 200001b0 <lcddev>
    2236:	16fd                	addi	a3,a3,-1
    2238:	167d                	addi	a2,a2,-1
    223a:	06c2                	slli	a3,a3,0x10
    223c:	0642                	slli	a2,a2,0x10
    223e:	82c1                	srli	a3,a3,0x10
    2240:	8241                	srli	a2,a2,0x10
    2242:	a63ff0ef          	jal	ra,1ca4 <LCD_SetWindows>
    2246:	0141                	addi	sp,sp,16
    2248:	fb5fd06f          	j	1fc <__riscv_restore_12>
    224c:	01b91c63          	bne	s2,s11,2264 <LCD_ShowChar+0xd8>
    2250:	008487b3          	add	a5,s1,s0
    2254:	97da                	add	a5,a5,s6
    2256:	0007cd03          	lbu	s10,0(a5)
    225a:	4c81                	li	s9,0
    225c:	019a1863          	bne	s4,s9,226c <LCD_ShowChar+0xe0>
    2260:	0485                	addi	s1,s1,1
    2262:	bf75                	j	221e <LCD_ShowChar+0x92>
    2264:	018487b3          	add	a5,s1,s8
    2268:	97d6                	add	a5,a5,s5
    226a:	b7f5                	j	2256 <LCD_ShowChar+0xca>
    226c:	001d7693          	andi	a3,s10,1
    2270:	855e                	mv	a0,s7
    2272:	e291                	bnez	a3,2276 <LCD_ShowChar+0xea>
    2274:	4522                	lw	a0,8(sp)
    2276:	977ff0ef          	jal	ra,1bec <Lcd_WriteData_16Bit>
    227a:	001c8793          	addi	a5,s9,1
    227e:	001d5d13          	srli	s10,s10,0x1
    2282:	0ff7fc93          	andi	s9,a5,255
    2286:	bfd9                	j	225c <LCD_ShowChar+0xd0>
    2288:	009c06b3          	add	a3,s8,s1
    228c:	96be                	add	a3,a3,a5
    228e:	b7a5                	j	21f6 <LCD_ShowChar+0x6a>
    2290:	85719423          	sh	s7,-1976(gp) # 200000d8 <POINT_COLOR>
    2294:	001df593          	andi	a1,s11,1
    2298:	c18d                	beqz	a1,22ba <LCD_ShowChar+0x12e>
    229a:	01aa8533          	add	a0,s5,s10
    229e:	0542                	slli	a0,a0,0x10
    22a0:	85b6                	mv	a1,a3
    22a2:	8141                	srli	a0,a0,0x10
    22a4:	c436                	sw	a3,8(sp)
    22a6:	acfff0ef          	jal	ra,1d74 <LCD_DrawPoint>
    22aa:	67a1                	lui	a5,0x8
    22ac:	46a2                	lw	a3,8(sp)
    22ae:	d4c78713          	addi	a4,a5,-692 # 7d4c <asc2_1206>
    22b2:	67a1                	lui	a5,0x8
    22b4:	1c078793          	addi	a5,a5,448 # 81c0 <asc2_1608>
    22b8:	4631                	li	a2,12
    22ba:	001ddd93          	srli	s11,s11,0x1
    22be:	0d05                	addi	s10,s10,1
    22c0:	b791                	j	2204 <LCD_ShowChar+0x78>

000022c2 <LCD_ShowString>:
    22c2:	f07fd2ef          	jal	t0,1c8 <__riscv_save_10>
    22c6:	842a                	mv	s0,a0
    22c8:	892e                	mv	s2,a1
    22ca:	84b6                	mv	s1,a3
    22cc:	8bba                	mv	s7,a4
    22ce:	89b2                	mv	s3,a2
    22d0:	00165b13          	srli	s6,a2,0x1
    22d4:	05e00a93          	li	s5,94
    22d8:	92018c13          	addi	s8,gp,-1760 # 200001b0 <lcddev>
    22dc:	2098                	lbu	a4,0(s1)
    22de:	fe070793          	addi	a5,a4,-32
    22e2:	0ff7f793          	andi	a5,a5,255
    22e6:	00faf463          	bgeu	s5,a5,22ee <LCD_ShowString+0x2c>
    22ea:	f17fd06f          	j	200 <__riscv_restore_10>
    22ee:	9201d783          	lhu	a5,-1760(gp) # 200001b0 <lcddev>
    22f2:	fef47ce3          	bgeu	s0,a5,22ea <LCD_ShowString+0x28>
    22f6:	002c5783          	lhu	a5,2(s8)
    22fa:	fef978e3          	bgeu	s2,a5,22ea <LCD_ShowString+0x28>
    22fe:	8081d683          	lhu	a3,-2040(gp) # 20000098 <BACK_COLOR>
    2302:	8481d603          	lhu	a2,-1976(gp) # 200000d8 <POINT_COLOR>
    2306:	8522                	mv	a0,s0
    2308:	945a                	add	s0,s0,s6
    230a:	885e                	mv	a6,s7
    230c:	87ce                	mv	a5,s3
    230e:	85ca                	mv	a1,s2
    2310:	0442                	slli	s0,s0,0x10
    2312:	e7bff0ef          	jal	ra,218c <LCD_ShowChar>
    2316:	8041                	srli	s0,s0,0x10
    2318:	0485                	addi	s1,s1,1
    231a:	b7c9                	j	22dc <LCD_ShowString+0x1a>

0000231c <GUI_DrawFont16>:
    231c:	ea5fd2ef          	jal	t0,1c0 <__riscv_save_12>
    2320:	1141                	addi	sp,sp,-16
    2322:	8b3a                	mv	s6,a4
    2324:	c63e                	sw	a5,12(sp)
    2326:	6705                	lui	a4,0x1
    2328:	67a1                	lui	a5,0x8
    232a:	7b078b93          	addi	s7,a5,1968 # 87b0 <tfont16>
    232e:	d0470713          	addi	a4,a4,-764 # d04 <UI_DrawAll+0xc8>
    2332:	00eb87b3          	add	a5,s7,a4
    2336:	89aa                	mv	s3,a0
    2338:	842e                	mv	s0,a1
    233a:	8ab2                	mv	s5,a2
    233c:	c436                	sw	a3,8(sp)
    233e:	c23e                	sw	a5,4(sp)
    2340:	8c2a                	mv	s8,a0
    2342:	4cc1                	li	s9,16
    2344:	4d21                	li	s10,8
    2346:	000bc603          	lbu	a2,0(s7)
    234a:	000b4683          	lbu	a3,0(s6)
    234e:	08d61463          	bne	a2,a3,23d6 <GUI_DrawFont16+0xba>
    2352:	001bc603          	lbu	a2,1(s7)
    2356:	001b4683          	lbu	a3,1(s6)
    235a:	06d61e63          	bne	a2,a3,23d6 <GUI_DrawFont16+0xba>
    235e:	00f40693          	addi	a3,s0,15
    2362:	00fc0613          	addi	a2,s8,15
    2366:	06c2                	slli	a3,a3,0x10
    2368:	0642                	slli	a2,a2,0x10
    236a:	82c1                	srli	a3,a3,0x10
    236c:	8241                	srli	a2,a2,0x10
    236e:	85a2                	mv	a1,s0
    2370:	8562                	mv	a0,s8
    2372:	933ff0ef          	jal	ra,1ca4 <LCD_SetWindows>
    2376:	8a5e                	mv	s4,s7
    2378:	02000493          	li	s1,32
    237c:	08000d93          	li	s11,128
    2380:	4901                	li	s2,0
    2382:	002a0683          	lb	a3,2(s4)
    2386:	47b2                	lw	a5,12(sp)
    2388:	412dd633          	sra	a2,s11,s2
    238c:	8ef1                	and	a3,a3,a2
    238e:	eb91                	bnez	a5,23a2 <GUI_DrawFont16+0x86>
    2390:	8556                	mv	a0,s5
    2392:	e291                	bnez	a3,2396 <GUI_DrawFont16+0x7a>
    2394:	4522                	lw	a0,8(sp)
    2396:	857ff0ef          	jal	ra,1bec <Lcd_WriteData_16Bit>
    239a:	0905                	addi	s2,s2,1
    239c:	ffa913e3          	bne	s2,s10,2382 <GUI_DrawFont16+0x66>
    23a0:	a035                	j	23cc <GUI_DrawFont16+0xb0>
    23a2:	85519423          	sh	s5,-1976(gp) # 200000d8 <POINT_COLOR>
    23a6:	c689                	beqz	a3,23b0 <GUI_DrawFont16+0x94>
    23a8:	85a2                	mv	a1,s0
    23aa:	8562                	mv	a0,s8
    23ac:	9c9ff0ef          	jal	ra,1d74 <LCD_DrawPoint>
    23b0:	001c0713          	addi	a4,s8,1
    23b4:	01071c13          	slli	s8,a4,0x10
    23b8:	010c5c13          	srli	s8,s8,0x10
    23bc:	413c06b3          	sub	a3,s8,s3
    23c0:	fd969de3          	bne	a3,s9,239a <GUI_DrawFont16+0x7e>
    23c4:	0405                	addi	s0,s0,1
    23c6:	0442                	slli	s0,s0,0x10
    23c8:	8041                	srli	s0,s0,0x10
    23ca:	8c4e                	mv	s8,s3
    23cc:	14fd                	addi	s1,s1,-1
    23ce:	0ff4f493          	andi	s1,s1,255
    23d2:	0a05                	addi	s4,s4,1
    23d4:	f4d5                	bnez	s1,2380 <GUI_DrawFont16+0x64>
    23d6:	4792                	lw	a5,4(sp)
    23d8:	022b8b93          	addi	s7,s7,34
    23dc:	f77795e3          	bne	a5,s7,2346 <GUI_DrawFont16+0x2a>
    23e0:	92018713          	addi	a4,gp,-1760 # 200001b0 <lcddev>
    23e4:	2336                	lhu	a3,2(a4)
    23e6:	9201d603          	lhu	a2,-1760(gp) # 200001b0 <lcddev>
    23ea:	4581                	li	a1,0
    23ec:	16fd                	addi	a3,a3,-1
    23ee:	167d                	addi	a2,a2,-1
    23f0:	06c2                	slli	a3,a3,0x10
    23f2:	0642                	slli	a2,a2,0x10
    23f4:	82c1                	srli	a3,a3,0x10
    23f6:	8241                	srli	a2,a2,0x10
    23f8:	4501                	li	a0,0
    23fa:	8abff0ef          	jal	ra,1ca4 <LCD_SetWindows>
    23fe:	0141                	addi	sp,sp,16
    2400:	dfdfd06f          	j	1fc <__riscv_restore_12>

00002404 <GUI_DrawFont24>:
    2404:	dbdfd2ef          	jal	t0,1c0 <__riscv_save_12>
    2408:	1141                	addi	sp,sp,-16
    240a:	c63e                	sw	a5,12(sp)
    240c:	67a5                	lui	a5,0x9
    240e:	89aa                	mv	s3,a0
    2410:	842e                	mv	s0,a1
    2412:	8ab2                	mv	s5,a2
    2414:	c436                	sw	a3,8(sp)
    2416:	8b3a                	mv	s6,a4
    2418:	4b478b93          	addi	s7,a5,1204 # 94b4 <tfont24>
    241c:	8c2a                	mv	s8,a0
    241e:	4ce1                	li	s9,24
    2420:	4d21                	li	s10,8
    2422:	000bc603          	lbu	a2,0(s7)
    2426:	000b4683          	lbu	a3,0(s6)
    242a:	08d61463          	bne	a2,a3,24b2 <GUI_DrawFont24+0xae>
    242e:	001bc603          	lbu	a2,1(s7)
    2432:	001b4683          	lbu	a3,1(s6)
    2436:	06d61e63          	bne	a2,a3,24b2 <GUI_DrawFont24+0xae>
    243a:	01740693          	addi	a3,s0,23
    243e:	017c0613          	addi	a2,s8,23
    2442:	06c2                	slli	a3,a3,0x10
    2444:	0642                	slli	a2,a2,0x10
    2446:	82c1                	srli	a3,a3,0x10
    2448:	8241                	srli	a2,a2,0x10
    244a:	85a2                	mv	a1,s0
    244c:	8562                	mv	a0,s8
    244e:	857ff0ef          	jal	ra,1ca4 <LCD_SetWindows>
    2452:	8a5e                	mv	s4,s7
    2454:	04800493          	li	s1,72
    2458:	08000d93          	li	s11,128
    245c:	4901                	li	s2,0
    245e:	002a0683          	lb	a3,2(s4)
    2462:	47b2                	lw	a5,12(sp)
    2464:	412dd633          	sra	a2,s11,s2
    2468:	8ef1                	and	a3,a3,a2
    246a:	eb91                	bnez	a5,247e <GUI_DrawFont24+0x7a>
    246c:	8556                	mv	a0,s5
    246e:	e291                	bnez	a3,2472 <GUI_DrawFont24+0x6e>
    2470:	4522                	lw	a0,8(sp)
    2472:	f7aff0ef          	jal	ra,1bec <Lcd_WriteData_16Bit>
    2476:	0905                	addi	s2,s2,1
    2478:	ffa913e3          	bne	s2,s10,245e <GUI_DrawFont24+0x5a>
    247c:	a035                	j	24a8 <GUI_DrawFont24+0xa4>
    247e:	85519423          	sh	s5,-1976(gp) # 200000d8 <POINT_COLOR>
    2482:	c689                	beqz	a3,248c <GUI_DrawFont24+0x88>
    2484:	85a2                	mv	a1,s0
    2486:	8562                	mv	a0,s8
    2488:	8edff0ef          	jal	ra,1d74 <LCD_DrawPoint>
    248c:	001c0713          	addi	a4,s8,1
    2490:	01071c13          	slli	s8,a4,0x10
    2494:	010c5c13          	srli	s8,s8,0x10
    2498:	413c06b3          	sub	a3,s8,s3
    249c:	fd969de3          	bne	a3,s9,2476 <GUI_DrawFont24+0x72>
    24a0:	0405                	addi	s0,s0,1
    24a2:	0442                	slli	s0,s0,0x10
    24a4:	8041                	srli	s0,s0,0x10
    24a6:	8c4e                	mv	s8,s3
    24a8:	14fd                	addi	s1,s1,-1
    24aa:	0ff4f493          	andi	s1,s1,255
    24ae:	0a05                	addi	s4,s4,1
    24b0:	f4d5                	bnez	s1,245c <GUI_DrawFont24+0x58>
    24b2:	67a5                	lui	a5,0x9
    24b4:	04ab8b93          	addi	s7,s7,74
    24b8:	6ba78793          	addi	a5,a5,1722 # 96ba <tfont24+0x206>
    24bc:	f77793e3          	bne	a5,s7,2422 <GUI_DrawFont24+0x1e>
    24c0:	92018713          	addi	a4,gp,-1760 # 200001b0 <lcddev>
    24c4:	2336                	lhu	a3,2(a4)
    24c6:	9201d603          	lhu	a2,-1760(gp) # 200001b0 <lcddev>
    24ca:	4581                	li	a1,0
    24cc:	16fd                	addi	a3,a3,-1
    24ce:	167d                	addi	a2,a2,-1
    24d0:	06c2                	slli	a3,a3,0x10
    24d2:	0642                	slli	a2,a2,0x10
    24d4:	82c1                	srli	a3,a3,0x10
    24d6:	8241                	srli	a2,a2,0x10
    24d8:	4501                	li	a0,0
    24da:	fcaff0ef          	jal	ra,1ca4 <LCD_SetWindows>
    24de:	0141                	addi	sp,sp,16
    24e0:	d1dfd06f          	j	1fc <__riscv_restore_12>

000024e4 <GUI_DrawFont32>:
    24e4:	cddfd2ef          	jal	t0,1c0 <__riscv_save_12>
    24e8:	1141                	addi	sp,sp,-16
    24ea:	8bba                	mv	s7,a4
    24ec:	6725                	lui	a4,0x9
    24ee:	c43e                	sw	a5,8(sp)
    24f0:	6bc70793          	addi	a5,a4,1724 # 96bc <tfont32>
    24f4:	8aaa                	mv	s5,a0
    24f6:	842e                	mv	s0,a1
    24f8:	8b32                	mv	s6,a2
    24fa:	c236                	sw	a3,4(sp)
    24fc:	6bc70a13          	addi	s4,a4,1724
    2500:	8c2a                	mv	s8,a0
    2502:	4981                	li	s3,0
    2504:	c63e                	sw	a5,12(sp)
    2506:	02000d13          	li	s10,32
    250a:	000a4683          	lbu	a3,0(s4)
    250e:	000bc703          	lbu	a4,0(s7)
    2512:	0ae69363          	bne	a3,a4,25b8 <GUI_DrawFont32+0xd4>
    2516:	001a4683          	lbu	a3,1(s4)
    251a:	001bc703          	lbu	a4,1(s7)
    251e:	08e69d63          	bne	a3,a4,25b8 <GUI_DrawFont32+0xd4>
    2522:	08200913          	li	s2,130
    2526:	03298933          	mul	s2,s3,s2
    252a:	01f40693          	addi	a3,s0,31
    252e:	01fc0613          	addi	a2,s8,31
    2532:	06c2                	slli	a3,a3,0x10
    2534:	0642                	slli	a2,a2,0x10
    2536:	82c1                	srli	a3,a3,0x10
    2538:	8241                	srli	a2,a2,0x10
    253a:	85a2                	mv	a1,s0
    253c:	8562                	mv	a0,s8
    253e:	f66ff0ef          	jal	ra,1ca4 <LCD_SetWindows>
    2542:	47b2                	lw	a5,12(sp)
    2544:	4481                	li	s1,0
    2546:	4c81                	li	s9,0
    2548:	993e                	add	s2,s2,a5
    254a:	08000d93          	li	s11,128
    254e:	009906b3          	add	a3,s2,s1
    2552:	00268683          	lb	a3,2(a3)
    2556:	47a2                	lw	a5,8(sp)
    2558:	419dd633          	sra	a2,s11,s9
    255c:	8ef1                	and	a3,a3,a2
    255e:	e385                	bnez	a5,257e <GUI_DrawFont32+0x9a>
    2560:	855a                	mv	a0,s6
    2562:	e291                	bnez	a3,2566 <GUI_DrawFont32+0x82>
    2564:	4512                	lw	a0,4(sp)
    2566:	e86ff0ef          	jal	ra,1bec <Lcd_WriteData_16Bit>
    256a:	001c8713          	addi	a4,s9,1
    256e:	0ff77c93          	andi	s9,a4,255
    2572:	47a1                	li	a5,8
    2574:	fcfc9de3          	bne	s9,a5,254e <GUI_DrawFont32+0x6a>
    2578:	a805                	j	25a8 <GUI_DrawFont32+0xc4>
    257a:	4c81                	li	s9,0
    257c:	bfc9                	j	254e <GUI_DrawFont32+0x6a>
    257e:	85619423          	sh	s6,-1976(gp) # 200000d8 <POINT_COLOR>
    2582:	c689                	beqz	a3,258c <GUI_DrawFont32+0xa8>
    2584:	85a2                	mv	a1,s0
    2586:	8562                	mv	a0,s8
    2588:	fecff0ef          	jal	ra,1d74 <LCD_DrawPoint>
    258c:	001c0793          	addi	a5,s8,1
    2590:	01079c13          	slli	s8,a5,0x10
    2594:	010c5c13          	srli	s8,s8,0x10
    2598:	415c06b3          	sub	a3,s8,s5
    259c:	fda697e3          	bne	a3,s10,256a <GUI_DrawFont32+0x86>
    25a0:	0405                	addi	s0,s0,1
    25a2:	0442                	slli	s0,s0,0x10
    25a4:	8041                	srli	s0,s0,0x10
    25a6:	8c56                	mv	s8,s5
    25a8:	0485                	addi	s1,s1,1
    25aa:	0ff4f493          	andi	s1,s1,255
    25ae:	01849713          	slli	a4,s1,0x18
    25b2:	8761                	srai	a4,a4,0x18
    25b4:	fc0753e3          	bgez	a4,257a <GUI_DrawFont32+0x96>
    25b8:	0985                	addi	s3,s3,1
    25ba:	4711                	li	a4,4
    25bc:	082a0a13          	addi	s4,s4,130
    25c0:	f4e995e3          	bne	s3,a4,250a <GUI_DrawFont32+0x26>
    25c4:	92018713          	addi	a4,gp,-1760 # 200001b0 <lcddev>
    25c8:	2336                	lhu	a3,2(a4)
    25ca:	9201d603          	lhu	a2,-1760(gp) # 200001b0 <lcddev>
    25ce:	4581                	li	a1,0
    25d0:	16fd                	addi	a3,a3,-1
    25d2:	167d                	addi	a2,a2,-1
    25d4:	06c2                	slli	a3,a3,0x10
    25d6:	0642                	slli	a2,a2,0x10
    25d8:	82c1                	srli	a3,a3,0x10
    25da:	8241                	srli	a2,a2,0x10
    25dc:	4501                	li	a0,0
    25de:	ec6ff0ef          	jal	ra,1ca4 <LCD_SetWindows>
    25e2:	0141                	addi	sp,sp,16
    25e4:	c19fd06f          	j	1fc <__riscv_restore_12>

000025e8 <Show_Str>:
    25e8:	bd9fd2ef          	jal	t0,1c0 <__riscv_save_12>
    25ec:	0017d993          	srli	s3,a5,0x1
    25f0:	8dbe                	mv	s11,a5
    25f2:	01099793          	slli	a5,s3,0x10
    25f6:	1141                	addi	sp,sp,-16
    25f8:	83c1                	srli	a5,a5,0x10
    25fa:	8a2a                	mv	s4,a0
    25fc:	8d2e                	mv	s10,a1
    25fe:	8432                	mv	s0,a2
    2600:	84b6                	mv	s1,a3
    2602:	8bba                	mv	s7,a4
    2604:	8942                	mv	s2,a6
    2606:	c63e                	sw	a5,12(sp)
    2608:	8caa                	mv	s9,a0
    260a:	4c01                	li	s8,0
    260c:	92018b13          	addi	s6,gp,-1760 # 200001b0 <lcddev>
    2610:	000bc703          	lbu	a4,0(s7)
    2614:	e701                	bnez	a4,261c <Show_Str+0x34>
    2616:	0141                	addi	sp,sp,16
    2618:	be5fd06f          	j	1fc <__riscv_restore_12>
    261c:	9201d783          	lhu	a5,-1760(gp) # 200001b0 <lcddev>
    2620:	060c1963          	bnez	s8,2692 <Show_Str+0xaa>
    2624:	413787b3          	sub	a5,a5,s3
    2628:	ff97c7e3          	blt	a5,s9,2616 <Show_Str+0x2e>
    262c:	002b5783          	lhu	a5,2(s6)
    2630:	41b787b3          	sub	a5,a5,s11
    2634:	ffa7c1e3          	blt	a5,s10,2616 <Show_Str+0x2e>
    2638:	08000793          	li	a5,128
    263c:	0ae7ef63          	bltu	a5,a4,26fa <Show_Str+0x112>
    2640:	47b5                	li	a5,13
    2642:	00f71c63          	bne	a4,a5,265a <Show_Str+0x72>
    2646:	01bd0333          	add	t1,s10,s11
    264a:	01031d13          	slli	s10,t1,0x10
    264e:	0b85                	addi	s7,s7,1
    2650:	010d5d13          	srli	s10,s10,0x10
    2654:	8cd2                	mv	s9,s4
    2656:	0b85                	addi	s7,s7,1
    2658:	bf65                	j	2610 <Show_Str+0x28>
    265a:	47c1                	li	a5,16
    265c:	884a                	mv	a6,s2
    265e:	01b7ff63          	bgeu	a5,s11,267c <Show_Str+0x94>
    2662:	86a6                	mv	a3,s1
    2664:	8622                	mv	a2,s0
    2666:	85ea                	mv	a1,s10
    2668:	8566                	mv	a0,s9
    266a:	b23ff0ef          	jal	ra,218c <LCD_ShowChar>
    266e:	008c8893          	addi	a7,s9,8
    2672:	01089c93          	slli	s9,a7,0x10
    2676:	010cdc93          	srli	s9,s9,0x10
    267a:	bff1                	j	2656 <Show_Str+0x6e>
    267c:	87ee                	mv	a5,s11
    267e:	86a6                	mv	a3,s1
    2680:	8622                	mv	a2,s0
    2682:	85ea                	mv	a1,s10
    2684:	8566                	mv	a0,s9
    2686:	b07ff0ef          	jal	ra,218c <LCD_ShowChar>
    268a:	47b2                	lw	a5,12(sp)
    268c:	019788b3          	add	a7,a5,s9
    2690:	b7cd                	j	2672 <Show_Str+0x8a>
    2692:	41b787b3          	sub	a5,a5,s11
    2696:	f997c0e3          	blt	a5,s9,2616 <Show_Str+0x2e>
    269a:	002b5783          	lhu	a5,2(s6)
    269e:	41b787b3          	sub	a5,a5,s11
    26a2:	f7a7cae3          	blt	a5,s10,2616 <Show_Str+0x2e>
    26a6:	02000793          	li	a5,32
    26aa:	02fd9363          	bne	s11,a5,26d0 <Show_Str+0xe8>
    26ae:	87ca                	mv	a5,s2
    26b0:	875e                	mv	a4,s7
    26b2:	86a6                	mv	a3,s1
    26b4:	8622                	mv	a2,s0
    26b6:	85ea                	mv	a1,s10
    26b8:	8566                	mv	a0,s9
    26ba:	e2bff0ef          	jal	ra,24e4 <GUI_DrawFont32>
    26be:	01bc88b3          	add	a7,s9,s11
    26c2:	01089c93          	slli	s9,a7,0x10
    26c6:	0b89                	addi	s7,s7,2
    26c8:	010cdc93          	srli	s9,s9,0x10
    26cc:	4c01                	li	s8,0
    26ce:	b789                	j	2610 <Show_Str+0x28>
    26d0:	47e1                	li	a5,24
    26d2:	00fd9b63          	bne	s11,a5,26e8 <Show_Str+0x100>
    26d6:	87ca                	mv	a5,s2
    26d8:	875e                	mv	a4,s7
    26da:	86a6                	mv	a3,s1
    26dc:	8622                	mv	a2,s0
    26de:	85ea                	mv	a1,s10
    26e0:	8566                	mv	a0,s9
    26e2:	d23ff0ef          	jal	ra,2404 <GUI_DrawFont24>
    26e6:	bfe1                	j	26be <Show_Str+0xd6>
    26e8:	87ca                	mv	a5,s2
    26ea:	875e                	mv	a4,s7
    26ec:	86a6                	mv	a3,s1
    26ee:	8622                	mv	a2,s0
    26f0:	85ea                	mv	a1,s10
    26f2:	8566                	mv	a0,s9
    26f4:	c29ff0ef          	jal	ra,231c <GUI_DrawFont16>
    26f8:	b7d9                	j	26be <Show_Str+0xd6>
    26fa:	4c05                	li	s8,1
    26fc:	bf11                	j	2610 <Show_Str+0x28>

000026fe <mqtt_encode_remlen>:
    26fe:	4701                	li	a4,0
    2700:	08000613          	li	a2,128
    2704:	07f00693          	li	a3,127
    2708:	02c5e7b3          	rem	a5,a1,a2
    270c:	02c5c8b3          	div	a7,a1,a2
    2710:	0ff7f793          	andi	a5,a5,255
    2714:	00b6d463          	bge	a3,a1,271c <mqtt_encode_remlen+0x1e>
    2718:	0807e793          	ori	a5,a5,128
    271c:	0705                	addi	a4,a4,1
    271e:	00e50833          	add	a6,a0,a4
    2722:	fef80fa3          	sb	a5,-1(a6)
    2726:	00b6c463          	blt	a3,a1,272e <mqtt_encode_remlen+0x30>
    272a:	853a                	mv	a0,a4
    272c:	8082                	ret
    272e:	85c6                	mv	a1,a7
    2730:	bfe1                	j	2708 <mqtt_encode_remlen+0xa>

00002732 <esp_send>:
    2732:	abffd2ef          	jal	t0,1f0 <__riscv_save_0>
    2736:	40004437          	lui	s0,0x40004
    273a:	84aa                	mv	s1,a0
    273c:	40040413          	addi	s0,s0,1024 # 40004400 <_eusrstack+0x1fffc400>
    2740:	00048583          	lb	a1,0(s1)
    2744:	e199                	bnez	a1,274a <esp_send+0x18>
    2746:	acffd06f          	j	214 <__riscv_restore_0>
    274a:	05c2                	slli	a1,a1,0x10
    274c:	81c1                	srli	a1,a1,0x10
    274e:	8522                	mv	a0,s0
    2750:	0485                	addi	s1,s1,1
    2752:	f59fe0ef          	jal	ra,16aa <USART_SendData>
    2756:	08000593          	li	a1,128
    275a:	8522                	mv	a0,s0
    275c:	f5ffe0ef          	jal	ra,16ba <USART_GetFlagStatus>
    2760:	d97d                	beqz	a0,2756 <esp_send+0x24>
    2762:	bff9                	j	2740 <esp_send+0xe>

00002764 <esp_at_cmd>:
    2764:	a73fd2ef          	jal	t0,1d6 <__riscv_save_4>
    2768:	84aa                	mv	s1,a0
    276a:	89ae                	mv	s3,a1
    276c:	8932                	mv	s2,a2
    276e:	4581                	li	a1,0
    2770:	20000613          	li	a2,512
    2774:	93018513          	addi	a0,gp,-1744 # 200001c0 <esp_rx_buf>
    2778:	84019523          	sh	zero,-1974(gp) # 200000da <esp_rx_len>
    277c:	aa5fd0ef          	jal	ra,220 <memset>
    2780:	8526                	mv	a0,s1
    2782:	fb1ff0ef          	jal	ra,2732 <esp_send>
    2786:	00008537          	lui	a0,0x8
    278a:	9a050513          	addi	a0,a0,-1632 # 79a0 <_read+0x166>
    278e:	fa5ff0ef          	jal	ra,2732 <esp_send>
    2792:	4481                	li	s1,0
    2794:	85ce                	mv	a1,s3
    2796:	93018513          	addi	a0,gp,-1744 # 200001c0 <esp_rx_buf>
    279a:	353030ef          	jal	ra,62ec <strstr>
    279e:	ed01                	bnez	a0,27b6 <esp_at_cmd+0x52>
    27a0:	03200513          	li	a0,50
    27a4:	03248493          	addi	s1,s1,50
    27a8:	421000ef          	jal	ra,33c8 <Delay_Ms>
    27ac:	ff24e4e3          	bltu	s1,s2,2794 <esp_at_cmd+0x30>
    27b0:	4501                	li	a0,0
    27b2:	a59fd06f          	j	20a <__riscv_restore_4>
    27b6:	4505                	li	a0,1
    27b8:	bfed                	j	27b2 <esp_at_cmd+0x4e>

000027ba <esp_tcp_open>:
    27ba:	a37fd2ef          	jal	t0,1f0 <__riscv_save_0>
    27be:	84aa                	mv	s1,a0
    27c0:	0000a437          	lui	s0,0xa
    27c4:	0000a537          	lui	a0,0xa
    27c8:	7139                	addi	sp,sp,-64
    27ca:	3e800613          	li	a2,1000
    27ce:	892e                	mv	s2,a1
    27d0:	9cc50513          	addi	a0,a0,-1588 # 99cc <tfont32+0x310>
    27d4:	9c840593          	addi	a1,s0,-1592 # 99c8 <tfont32+0x30c>
    27d8:	f8dff0ef          	jal	ra,2764 <esp_at_cmd>
    27dc:	0c800513          	li	a0,200
    27e0:	3e9000ef          	jal	ra,33c8 <Delay_Ms>
    27e4:	0000a537          	lui	a0,0xa
    27e8:	7d000613          	li	a2,2000
    27ec:	9c840593          	addi	a1,s0,-1592
    27f0:	9d850513          	addi	a0,a0,-1576 # 99d8 <tfont32+0x31c>
    27f4:	f71ff0ef          	jal	ra,2764 <esp_at_cmd>
    27f8:	0000a5b7          	lui	a1,0xa
    27fc:	8626                	mv	a2,s1
    27fe:	9e458593          	addi	a1,a1,-1564 # 99e4 <tfont32+0x328>
    2802:	86ca                	mv	a3,s2
    2804:	850a                	mv	a0,sp
    2806:	25b030ef          	jal	ra,6260 <siprintf>
    280a:	6609                	lui	a2,0x2
    280c:	0000a5b7          	lui	a1,0xa
    2810:	71060613          	addi	a2,a2,1808 # 2710 <mqtt_encode_remlen+0x12>
    2814:	a0058593          	addi	a1,a1,-1536 # 9a00 <tfont32+0x344>
    2818:	850a                	mv	a0,sp
    281a:	f4bff0ef          	jal	ra,2764 <esp_at_cmd>
    281e:	ed11                	bnez	a0,283a <esp_tcp_open+0x80>
    2820:	842a                	mv	s0,a0
    2822:	0000a537          	lui	a0,0xa
    2826:	864a                	mv	a2,s2
    2828:	85a6                	mv	a1,s1
    282a:	a0850513          	addi	a0,a0,-1528 # 9a08 <tfont32+0x34c>
    282e:	0e9030ef          	jal	ra,6116 <iprintf>
    2832:	8522                	mv	a0,s0
    2834:	6121                	addi	sp,sp,64
    2836:	9dffd06f          	j	214 <__riscv_restore_0>
    283a:	0000a537          	lui	a0,0xa
    283e:	864a                	mv	a2,s2
    2840:	85a6                	mv	a1,s1
    2842:	a2450513          	addi	a0,a0,-1500 # 9a24 <tfont32+0x368>
    2846:	0d1030ef          	jal	ra,6116 <iprintf>
    284a:	4405                	li	s0,1
    284c:	b7dd                	j	2832 <esp_tcp_open+0x78>

0000284e <mqtt_dump_connack>:
    284e:	989fd2ef          	jal	t0,1d6 <__riscv_save_4>
    2852:	0000a5b7          	lui	a1,0xa
    2856:	a9058593          	addi	a1,a1,-1392 # 9a90 <tfont32+0x3d4>
    285a:	93018513          	addi	a0,gp,-1744 # 200001c0 <esp_rx_buf>
    285e:	28f030ef          	jal	ra,62ec <strstr>
    2862:	e901                	bnez	a0,2872 <mqtt_dump_connack+0x24>
    2864:	0000a537          	lui	a0,0xa
    2868:	a9850513          	addi	a0,a0,-1384 # 9a98 <tfont32+0x3dc>
    286c:	1e9030ef          	jal	ra,6254 <puts>
    2870:	a0b5                	j	28dc <mqtt_dump_connack+0x8e>
    2872:	00754983          	lbu	s3,7(a0)
    2876:	00854903          	lbu	s2,8(a0)
    287a:	3504                	lbu	s1,9(a0)
    287c:	2520                	lbu	s0,10(a0)
    287e:	0000a537          	lui	a0,0xa
    2882:	86a6                	mv	a3,s1
    2884:	8722                	mv	a4,s0
    2886:	864a                	mv	a2,s2
    2888:	85ce                	mv	a1,s3
    288a:	ab050513          	addi	a0,a0,-1360 # 9ab0 <tfont32+0x3f4>
    288e:	089030ef          	jal	ra,6116 <iprintf>
    2892:	02000793          	li	a5,32
    2896:	04f99563          	bne	s3,a5,28e0 <mqtt_dump_connack+0x92>
    289a:	4789                	li	a5,2
    289c:	04f91263          	bne	s2,a5,28e0 <mqtt_dump_connack+0x92>
    28a0:	e0a1                	bnez	s1,28e0 <mqtt_dump_connack+0x92>
    28a2:	e411                	bnez	s0,28ae <mqtt_dump_connack+0x60>
    28a4:	0000a537          	lui	a0,0xa
    28a8:	ad050513          	addi	a0,a0,-1328 # 9ad0 <tfont32+0x414>
    28ac:	b7c1                	j	286c <mqtt_dump_connack+0x1e>
    28ae:	4791                	li	a5,4
    28b0:	00f41763          	bne	s0,a5,28be <mqtt_dump_connack+0x70>
    28b4:	0000a537          	lui	a0,0xa
    28b8:	ae050513          	addi	a0,a0,-1312 # 9ae0 <tfont32+0x424>
    28bc:	bf45                	j	286c <mqtt_dump_connack+0x1e>
    28be:	4795                	li	a5,5
    28c0:	00f41763          	bne	s0,a5,28ce <mqtt_dump_connack+0x80>
    28c4:	0000a537          	lui	a0,0xa
    28c8:	afc50513          	addi	a0,a0,-1284 # 9afc <tfont32+0x440>
    28cc:	b745                	j	286c <mqtt_dump_connack+0x1e>
    28ce:	0000a537          	lui	a0,0xa
    28d2:	85a2                	mv	a1,s0
    28d4:	b1050513          	addi	a0,a0,-1264 # 9b10 <tfont32+0x454>
    28d8:	03f030ef          	jal	ra,6116 <iprintf>
    28dc:	92ffd06f          	j	20a <__riscv_restore_4>
    28e0:	0000a537          	lui	a0,0xa
    28e4:	b2850513          	addi	a0,a0,-1240 # 9b28 <tfont32+0x46c>
    28e8:	b751                	j	286c <mqtt_dump_connack+0x1e>

000028ea <esp_tcp_send>:
    28ea:	8edfd2ef          	jal	t0,1d6 <__riscv_save_4>
    28ee:	1101                	addi	sp,sp,-32
    28f0:	862e                	mv	a2,a1
    28f2:	89ae                	mv	s3,a1
    28f4:	0000a5b7          	lui	a1,0xa
    28f8:	a3c58593          	addi	a1,a1,-1476 # 9a3c <tfont32+0x380>
    28fc:	8b2a                	mv	s6,a0
    28fe:	850a                	mv	a0,sp
    2900:	161030ef          	jal	ra,6260 <siprintf>
    2904:	20000613          	li	a2,512
    2908:	4581                	li	a1,0
    290a:	93018513          	addi	a0,gp,-1744 # 200001c0 <esp_rx_buf>
    290e:	84019523          	sh	zero,-1974(gp) # 200000da <esp_rx_len>
    2912:	90ffd0ef          	jal	ra,220 <memset>
    2916:	850a                	mv	a0,sp
    2918:	e1bff0ef          	jal	ra,2732 <esp_send>
    291c:	00008537          	lui	a0,0x8
    2920:	9a050513          	addi	a0,a0,-1632 # 79a0 <_read+0x166>
    2924:	e0fff0ef          	jal	ra,2732 <esp_send>
    2928:	03c00913          	li	s2,60
    292c:	84a18a13          	addi	s4,gp,-1974 # 200000da <esp_rx_len>
    2930:	93018493          	addi	s1,gp,-1744 # 200001c0 <esp_rx_buf>
    2934:	93018a93          	addi	s5,gp,-1744 # 200001c0 <esp_rx_buf>
    2938:	000a5603          	lhu	a2,0(s4)
    293c:	03e00593          	li	a1,62
    2940:	8526                	mv	a0,s1
    2942:	70a030ef          	jal	ra,604c <memchr>
    2946:	e969                	bnez	a0,2a18 <esp_tcp_send+0x12e>
    2948:	03200513          	li	a0,50
    294c:	197d                	addi	s2,s2,-1
    294e:	27b000ef          	jal	ra,33c8 <Delay_Ms>
    2952:	fe0913e3          	bnez	s2,2938 <esp_tcp_send+0x4e>
    2956:	000a5583          	lhu	a1,0(s4)
    295a:	0000a537          	lui	a0,0xa
    295e:	a7850513          	addi	a0,a0,-1416 # 9a78 <tfont32+0x3bc>
    2962:	94ae                	add	s1,s1,a1
    2964:	00048023          	sb	zero,0(s1)
    2968:	4401                	li	s0,0
    296a:	7ac030ef          	jal	ra,6116 <iprintf>
    296e:	07800993          	li	s3,120
    2972:	05e00913          	li	s2,94
    2976:	0000a4b7          	lui	s1,0xa
    297a:	a831                	j	2996 <esp_tcp_send+0xac>
    297c:	008a87b3          	add	a5,s5,s0
    2980:	238c                	lbu	a1,0(a5)
    2982:	fe058793          	addi	a5,a1,-32
    2986:	0ff7f793          	andi	a5,a5,255
    298a:	02f96463          	bltu	s2,a5,29b2 <esp_tcp_send+0xc8>
    298e:	852e                	mv	a0,a1
    2990:	7c6030ef          	jal	ra,6156 <putchar>
    2994:	0405                	addi	s0,s0,1
    2996:	000a5783          	lhu	a5,0(s4)
    299a:	00f45463          	bge	s0,a5,29a2 <esp_tcp_send+0xb8>
    299e:	fd341fe3          	bne	s0,s3,297c <esp_tcp_send+0x92>
    29a2:	00008537          	lui	a0,0x8
    29a6:	b0c50513          	addi	a0,a0,-1268 # 7b0c <_read+0x2d2>
    29aa:	0ab030ef          	jal	ra,6254 <puts>
    29ae:	4501                	li	a0,0
    29b0:	a89d                	j	2a26 <esp_tcp_send+0x13c>
    29b2:	a4c48513          	addi	a0,s1,-1460 # 9a4c <tfont32+0x390>
    29b6:	760030ef          	jal	ra,6116 <iprintf>
    29ba:	bfe9                	j	2994 <esp_tcp_send+0xaa>
    29bc:	009b07b3          	add	a5,s6,s1
    29c0:	238c                	lbu	a1,0(a5)
    29c2:	854a                	mv	a0,s2
    29c4:	ce7fe0ef          	jal	ra,16aa <USART_SendData>
    29c8:	08000593          	li	a1,128
    29cc:	854a                	mv	a0,s2
    29ce:	cedfe0ef          	jal	ra,16ba <USART_GetFlagStatus>
    29d2:	d97d                	beqz	a0,29c8 <esp_tcp_send+0xde>
    29d4:	0485                	addi	s1,s1,1
    29d6:	ff34c3e3          	blt	s1,s3,29bc <esp_tcp_send+0xd2>
    29da:	0c800493          	li	s1,200
    29de:	0000a937          	lui	s2,0xa
    29e2:	0000a9b7          	lui	s3,0xa
    29e6:	a5490593          	addi	a1,s2,-1452 # 9a54 <tfont32+0x398>
    29ea:	93018513          	addi	a0,gp,-1744 # 200001c0 <esp_rx_buf>
    29ee:	0ff030ef          	jal	ra,62ec <strstr>
    29f2:	e90d                	bnez	a0,2a24 <esp_tcp_send+0x13a>
    29f4:	a5c98593          	addi	a1,s3,-1444 # 9a5c <tfont32+0x3a0>
    29f8:	93018513          	addi	a0,gp,-1744 # 200001c0 <esp_rx_buf>
    29fc:	0f1030ef          	jal	ra,62ec <strstr>
    2a00:	f55d                	bnez	a0,29ae <esp_tcp_send+0xc4>
    2a02:	03200513          	li	a0,50
    2a06:	14fd                	addi	s1,s1,-1
    2a08:	1c1000ef          	jal	ra,33c8 <Delay_Ms>
    2a0c:	fce9                	bnez	s1,29e6 <esp_tcp_send+0xfc>
    2a0e:	0000a537          	lui	a0,0xa
    2a12:	a6450513          	addi	a0,a0,-1436 # 9a64 <tfont32+0x3a8>
    2a16:	bf51                	j	29aa <esp_tcp_send+0xc0>
    2a18:	40004937          	lui	s2,0x40004
    2a1c:	4481                	li	s1,0
    2a1e:	40090913          	addi	s2,s2,1024 # 40004400 <_eusrstack+0x1fffc400>
    2a22:	bf55                	j	29d6 <esp_tcp_send+0xec>
    2a24:	4505                	li	a0,1
    2a26:	6105                	addi	sp,sp,32
    2a28:	fe2fd06f          	j	20a <__riscv_restore_4>

00002a2c <USART2_IRQHandler>:
    2a2c:	1141                	addi	sp,sp,-16
    2a2e:	c426                	sw	s1,8(sp)
    2a30:	400044b7          	lui	s1,0x40004
    2a34:	52500593          	li	a1,1317
    2a38:	40048513          	addi	a0,s1,1024 # 40004400 <_eusrstack+0x1fffc400>
    2a3c:	c622                	sw	s0,12(sp)
    2a3e:	c87fe0ef          	jal	ra,16c4 <USART_GetITStatus>
    2a42:	c505                	beqz	a0,2a6a <USART2_IRQHandler+0x3e>
    2a44:	84a18413          	addi	s0,gp,-1974 # 200000da <esp_rx_len>
    2a48:	201a                	lhu	a4,0(s0)
    2a4a:	1fe00793          	li	a5,510
    2a4e:	00e7ee63          	bltu	a5,a4,2a6a <USART2_IRQHandler+0x3e>
    2a52:	40048513          	addi	a0,s1,1024
    2a56:	c5dfe0ef          	jal	ra,16b2 <USART_ReceiveData>
    2a5a:	201a                	lhu	a4,0(s0)
    2a5c:	00170793          	addi	a5,a4,1
    2a60:	a01e                	sh	a5,0(s0)
    2a62:	93018793          	addi	a5,gp,-1744 # 200001c0 <esp_rx_buf>
    2a66:	97ba                	add	a5,a5,a4
    2a68:	a388                	sb	a0,0(a5)
    2a6a:	40004437          	lui	s0,0x40004
    2a6e:	45a1                	li	a1,8
    2a70:	40040513          	addi	a0,s0,1024 # 40004400 <_eusrstack+0x1fffc400>
    2a74:	c47fe0ef          	jal	ra,16ba <USART_GetFlagStatus>
    2a78:	c509                	beqz	a0,2a82 <USART2_IRQHandler+0x56>
    2a7a:	40040513          	addi	a0,s0,1024
    2a7e:	c35fe0ef          	jal	ra,16b2 <USART_ReceiveData>
    2a82:	40004437          	lui	s0,0x40004
    2a86:	4589                	li	a1,2
    2a88:	40040513          	addi	a0,s0,1024 # 40004400 <_eusrstack+0x1fffc400>
    2a8c:	c2ffe0ef          	jal	ra,16ba <USART_GetFlagStatus>
    2a90:	c509                	beqz	a0,2a9a <USART2_IRQHandler+0x6e>
    2a92:	40040513          	addi	a0,s0,1024
    2a96:	c1dfe0ef          	jal	ra,16b2 <USART_ReceiveData>
    2a9a:	40004437          	lui	s0,0x40004
    2a9e:	4591                	li	a1,4
    2aa0:	40040513          	addi	a0,s0,1024 # 40004400 <_eusrstack+0x1fffc400>
    2aa4:	c17fe0ef          	jal	ra,16ba <USART_GetFlagStatus>
    2aa8:	c509                	beqz	a0,2ab2 <USART2_IRQHandler+0x86>
    2aaa:	40040513          	addi	a0,s0,1024
    2aae:	c05fe0ef          	jal	ra,16b2 <USART_ReceiveData>
    2ab2:	4432                	lw	s0,12(sp)
    2ab4:	44a2                	lw	s1,8(sp)
    2ab6:	0141                	addi	sp,sp,16
    2ab8:	30200073          	mret

00002abc <ESP8266_Init>:
    2abc:	f34fd2ef          	jal	t0,1f0 <__riscv_save_0>
    2ac0:	7179                	addi	sp,sp,-48
    2ac2:	4585                	li	a1,1
    2ac4:	00020537          	lui	a0,0x20
    2ac8:	ca02                	sw	zero,20(sp)
    2aca:	cc02                	sw	zero,24(sp)
    2acc:	ce02                	sw	zero,28(sp)
    2ace:	d002                	sw	zero,32(sp)
    2ad0:	d202                	sw	zero,36(sp)
    2ad2:	d402                	sw	zero,40(sp)
    2ad4:	d602                	sw	zero,44(sp)
    2ad6:	c602                	sw	zero,12(sp)
    2ad8:	c802                	sw	zero,16(sp)
    2ada:	a61fe0ef          	jal	ra,153a <RCC_APB1PeriphClockCmd>
    2ade:	4585                	li	a1,1
    2ae0:	4511                	li	a0,4
    2ae2:	a3bfe0ef          	jal	ra,151c <RCC_APB2PeriphClockCmd>
    2ae6:	4791                	li	a5,4
    2ae8:	82fc                	sh	a5,20(sp)
    2aea:	40011437          	lui	s0,0x40011
    2aee:	47e1                	li	a5,24
    2af0:	ce3e                	sw	a5,28(sp)
    2af2:	084c                	addi	a1,sp,20
    2af4:	478d                	li	a5,3
    2af6:	80040513          	addi	a0,s0,-2048 # 40010800 <_eusrstack+0x20008800>
    2afa:	cc3e                	sw	a5,24(sp)
    2afc:	dacfe0ef          	jal	ra,10a8 <GPIO_Init>
    2b00:	47a1                	li	a5,8
    2b02:	82fc                	sh	a5,20(sp)
    2b04:	084c                	addi	a1,sp,20
    2b06:	02800793          	li	a5,40
    2b0a:	80040513          	addi	a0,s0,-2048
    2b0e:	ce3e                	sw	a5,28(sp)
    2b10:	d98fe0ef          	jal	ra,10a8 <GPIO_Init>
    2b14:	67f1                	lui	a5,0x1c
    2b16:	40004437          	lui	s0,0x40004
    2b1a:	20078793          	addi	a5,a5,512 # 1c200 <_data_lma+0x1231c>
    2b1e:	d03e                	sw	a5,32(sp)
    2b20:	100c                	addi	a1,sp,32
    2b22:	000c07b7          	lui	a5,0xc0
    2b26:	40040513          	addi	a0,s0,1024 # 40004400 <_eusrstack+0x1fffc400>
    2b2a:	d43e                	sw	a5,40(sp)
    2b2c:	d202                	sw	zero,36(sp)
    2b2e:	02011623          	sh	zero,44(sp)
    2b32:	a91fe0ef          	jal	ra,15c2 <USART_Init>
    2b36:	4605                	li	a2,1
    2b38:	52500593          	li	a1,1317
    2b3c:	40040513          	addi	a0,s0,1024
    2b40:	b35fe0ef          	jal	ra,1674 <USART_ITConfig>
    2b44:	13600793          	li	a5,310
    2b48:	867c                	sh	a5,12(sp)
    2b4a:	4785                	li	a5,1
    2b4c:	875c                	sb	a5,14(sp)
    2b4e:	0068                	addi	a0,sp,12
    2b50:	4785                	li	a5,1
    2b52:	c83e                	sw	a5,16(sp)
    2b54:	ff6fe0ef          	jal	ra,134a <NVIC_Init>
    2b58:	4585                	li	a1,1
    2b5a:	40040513          	addi	a0,s0,1024
    2b5e:	b01fe0ef          	jal	ra,165e <USART_Cmd>
    2b62:	0000a537          	lui	a0,0xa
    2b66:	93c50513          	addi	a0,a0,-1732 # 993c <tfont32+0x280>
    2b6a:	6ea030ef          	jal	ra,6254 <puts>
    2b6e:	6145                	addi	sp,sp,48
    2b70:	ea4fd06f          	j	214 <__riscv_restore_0>

00002b74 <ESP8266_ATTest>:
    2b74:	e7cfd2ef          	jal	t0,1f0 <__riscv_save_0>
    2b78:	0000a5b7          	lui	a1,0xa
    2b7c:	0000a537          	lui	a0,0xa
    2b80:	7d000613          	li	a2,2000
    2b84:	9c858593          	addi	a1,a1,-1592 # 99c8 <tfont32+0x30c>
    2b88:	8c450513          	addi	a0,a0,-1852 # 98c4 <tfont32+0x208>
    2b8c:	bd9ff0ef          	jal	ra,2764 <esp_at_cmd>
    2b90:	e84fd06f          	j	214 <__riscv_restore_0>

00002b94 <ESP8266_ConnectWiFi>:
    2b94:	e5cfd2ef          	jal	t0,1f0 <__riscv_save_0>
    2b98:	7175                	addi	sp,sp,-144
    2b9a:	84aa                	mv	s1,a0
    2b9c:	0000a437          	lui	s0,0xa
    2ba0:	0000a537          	lui	a0,0xa
    2ba4:	c62e                	sw	a1,12(sp)
    2ba6:	7d000613          	li	a2,2000
    2baa:	9c840593          	addi	a1,s0,-1592 # 99c8 <tfont32+0x30c>
    2bae:	8c850513          	addi	a0,a0,-1848 # 98c8 <tfont32+0x20c>
    2bb2:	bb3ff0ef          	jal	ra,2764 <esp_at_cmd>
    2bb6:	46b2                	lw	a3,12(sp)
    2bb8:	0000a5b7          	lui	a1,0xa
    2bbc:	8626                	mv	a2,s1
    2bbe:	8d458593          	addi	a1,a1,-1836 # 98d4 <tfont32+0x218>
    2bc2:	0808                	addi	a0,sp,16
    2bc4:	69c030ef          	jal	ra,6260 <siprintf>
    2bc8:	6611                	lui	a2,0x4
    2bca:	a9860613          	addi	a2,a2,-1384 # 3a98 <__adddf3+0xe4>
    2bce:	9c840593          	addi	a1,s0,-1592
    2bd2:	0808                	addi	a0,sp,16
    2bd4:	b91ff0ef          	jal	ra,2764 <esp_at_cmd>
    2bd8:	ed01                	bnez	a0,2bf0 <ESP8266_ConnectWiFi+0x5c>
    2bda:	842a                	mv	s0,a0
    2bdc:	0000a537          	lui	a0,0xa
    2be0:	8e850513          	addi	a0,a0,-1816 # 98e8 <tfont32+0x22c>
    2be4:	670030ef          	jal	ra,6254 <puts>
    2be8:	8522                	mv	a0,s0
    2bea:	6149                	addi	sp,sp,144
    2bec:	e28fd06f          	j	214 <__riscv_restore_0>
    2bf0:	0000a537          	lui	a0,0xa
    2bf4:	90450513          	addi	a0,a0,-1788 # 9904 <tfont32+0x248>
    2bf8:	65c030ef          	jal	ra,6254 <puts>
    2bfc:	4405                	li	s0,1
    2bfe:	b7ed                	j	2be8 <ESP8266_ConnectWiFi+0x54>

00002c00 <ESP8266_GetIP>:
    2c00:	df0fd2ef          	jal	t0,1f0 <__riscv_save_0>
    2c04:	4581                	li	a1,0
    2c06:	20000613          	li	a2,512
    2c0a:	842a                	mv	s0,a0
    2c0c:	93018513          	addi	a0,gp,-1744 # 200001c0 <esp_rx_buf>
    2c10:	84019523          	sh	zero,-1974(gp) # 200000da <esp_rx_len>
    2c14:	e0cfd0ef          	jal	ra,220 <memset>
    2c18:	0000a537          	lui	a0,0xa
    2c1c:	92050513          	addi	a0,a0,-1760 # 9920 <tfont32+0x264>
    2c20:	b13ff0ef          	jal	ra,2732 <esp_send>
    2c24:	3e800513          	li	a0,1000
    2c28:	7a0000ef          	jal	ra,33c8 <Delay_Ms>
    2c2c:	0000a5b7          	lui	a1,0xa
    2c30:	92c58593          	addi	a1,a1,-1748 # 992c <tfont32+0x270>
    2c34:	93018513          	addi	a0,gp,-1744 # 200001c0 <esp_rx_buf>
    2c38:	6b4030ef          	jal	ra,62ec <strstr>
    2c3c:	c515                	beqz	a0,2c68 <ESP8266_GetIP+0x68>
    2c3e:	4781                	li	a5,0
    2c40:	02200593          	li	a1,34
    2c44:	463d                	li	a2,15
    2c46:	00f50733          	add	a4,a0,a5
    2c4a:	00e70703          	lb	a4,14(a4)
    2c4e:	0ff7f693          	andi	a3,a5,255
    2c52:	c711                	beqz	a4,2c5e <ESP8266_GetIP+0x5e>
    2c54:	00b70563          	beq	a4,a1,2c5e <ESP8266_GetIP+0x5e>
    2c58:	00c79b63          	bne	a5,a2,2c6e <ESP8266_GetIP+0x6e>
    2c5c:	46bd                	li	a3,15
    2c5e:	9436                	add	s0,s0,a3
    2c60:	00040023          	sb	zero,0(s0)
    2c64:	4505                	li	a0,1
    2c66:	a011                	j	2c6a <ESP8266_GetIP+0x6a>
    2c68:	4501                	li	a0,0
    2c6a:	daafd06f          	j	214 <__riscv_restore_0>
    2c6e:	00f406b3          	add	a3,s0,a5
    2c72:	a298                	sb	a4,0(a3)
    2c74:	0785                	addi	a5,a5,1
    2c76:	bfc1                	j	2c46 <ESP8266_GetIP+0x46>

00002c78 <ESP8266_OneNET_Connect>:
    2c78:	d48fd2ef          	jal	t0,1c0 <__riscv_save_12>
    2c7c:	7101                	addi	sp,sp,-512
    2c7e:	892a                	mv	s2,a0
    2c80:	8532                	mv	a0,a2
    2c82:	8c36                	mv	s8,a3
    2c84:	8a3a                	mv	s4,a4
    2c86:	8aae                	mv	s5,a1
    2c88:	8cb2                	mv	s9,a2
    2c8a:	62c030ef          	jal	ra,62b6 <strlen>
    2c8e:	84aa                	mv	s1,a0
    2c90:	8562                	mv	a0,s8
    2c92:	624030ef          	jal	ra,62b6 <strlen>
    2c96:	842a                	mv	s0,a0
    2c98:	8552                	mv	a0,s4
    2c9a:	61c030ef          	jal	ra,62b6 <strlen>
    2c9e:	0000adb7          	lui	s11,0xa
    2ca2:	0000ad37          	lui	s10,0xa
    2ca6:	3e800613          	li	a2,1000
    2caa:	9c8d8593          	addi	a1,s11,-1592 # 99c8 <tfont32+0x30c>
    2cae:	8baa                	mv	s7,a0
    2cb0:	9ccd0513          	addi	a0,s10,-1588 # 99cc <tfont32+0x310>
    2cb4:	ab1ff0ef          	jal	ra,2764 <esp_at_cmd>
    2cb8:	0c800513          	li	a0,200
    2cbc:	70c000ef          	jal	ra,33c8 <Delay_Ms>
    2cc0:	854a                	mv	a0,s2
    2cc2:	85d6                	mv	a1,s5
    2cc4:	84018623          	sb	zero,-1972(gp) # 200000dc <mqtt_persistent>
    2cc8:	af3ff0ef          	jal	ra,27ba <esp_tcp_open>
    2ccc:	892a                	mv	s2,a0
    2cce:	10050663          	beqz	a0,2dda <ESP8266_OneNET_Connect+0x162>
    2cd2:	008485b3          	add	a1,s1,s0
    2cd6:	95de                	add	a1,a1,s7
    2cd8:	47c1                	li	a5,16
    2cda:	05c1                	addi	a1,a1,16
    2cdc:	00110513          	addi	a0,sp,1
    2ce0:	805c                	sb	a5,0(sp)
    2ce2:	a1dff0ef          	jal	ra,26fe <mqtt_encode_remlen>
    2ce6:	041c                	addi	a5,sp,512
    2ce8:	97aa                	add	a5,a5,a0
    2cea:	4711                	li	a4,4
    2cec:	e0e78123          	sb	a4,-510(a5) # bfe02 <_data_lma+0xb5f1e>
    2cf0:	e0e783a3          	sb	a4,-505(a5)
    2cf4:	04d00693          	li	a3,77
    2cf8:	fc200713          	li	a4,-62
    2cfc:	e0d781a3          	sb	a3,-509(a5)
    2d00:	e0e78423          	sb	a4,-504(a5)
    2d04:	00d50913          	addi	s2,a0,13
    2d08:	05100693          	li	a3,81
    2d0c:	07800713          	li	a4,120
    2d10:	e0d78223          	sb	a3,-508(a5)
    2d14:	e0e78523          	sb	a4,-502(a5)
    2d18:	05400693          	li	a3,84
    2d1c:	4084d713          	srai	a4,s1,0x8
    2d20:	8626                	mv	a2,s1
    2d22:	85e6                	mv	a1,s9
    2d24:	01210533          	add	a0,sp,s2
    2d28:	e0d782a3          	sb	a3,-507(a5)
    2d2c:	e0d78323          	sb	a3,-506(a5)
    2d30:	e0e785a3          	sb	a4,-501(a5)
    2d34:	e0978623          	sb	s1,-500(a5)
    2d38:	e00780a3          	sb	zero,-511(a5)
    2d3c:	e00784a3          	sb	zero,-503(a5)
    2d40:	324030ef          	jal	ra,6064 <memcpy>
    2d44:	94ca                	add	s1,s1,s2
    2d46:	041c                	addi	a5,sp,512
    2d48:	97a6                	add	a5,a5,s1
    2d4a:	0489                	addi	s1,s1,2
    2d4c:	40845713          	srai	a4,s0,0x8
    2d50:	8622                	mv	a2,s0
    2d52:	85e2                	mv	a1,s8
    2d54:	00910533          	add	a0,sp,s1
    2d58:	e0e78023          	sb	a4,-512(a5)
    2d5c:	e08780a3          	sb	s0,-511(a5)
    2d60:	304030ef          	jal	ra,6064 <memcpy>
    2d64:	9426                	add	s0,s0,s1
    2d66:	041c                	addi	a5,sp,512
    2d68:	97a2                	add	a5,a5,s0
    2d6a:	0409                	addi	s0,s0,2
    2d6c:	408bd713          	srai	a4,s7,0x8
    2d70:	865e                	mv	a2,s7
    2d72:	85d2                	mv	a1,s4
    2d74:	00810533          	add	a0,sp,s0
    2d78:	e0e78023          	sb	a4,-512(a5)
    2d7c:	e17780a3          	sb	s7,-511(a5)
    2d80:	2e4030ef          	jal	ra,6064 <memcpy>
    2d84:	008b85b3          	add	a1,s7,s0
    2d88:	850a                	mv	a0,sp
    2d8a:	b61ff0ef          	jal	ra,28ea <esp_tcp_send>
    2d8e:	892a                	mv	s2,a0
    2d90:	06400413          	li	s0,100
    2d94:	c91d                	beqz	a0,2dca <ESP8266_OneNET_Connect+0x152>
    2d96:	8b6e                	mv	s6,s11
    2d98:	8aea                	mv	s5,s10
    2d9a:	84c18993          	addi	s3,gp,-1972 # 200000dc <mqtt_persistent>
    2d9e:	0000a937          	lui	s2,0xa
    2da2:	a9090593          	addi	a1,s2,-1392 # 9a90 <tfont32+0x3d4>
    2da6:	93018513          	addi	a0,gp,-1744 # 200001c0 <esp_rx_buf>
    2daa:	542030ef          	jal	ra,62ec <strstr>
    2dae:	c91d                	beqz	a0,2de4 <ESP8266_OneNET_Connect+0x16c>
    2db0:	a9fff0ef          	jal	ra,284e <mqtt_dump_connack>
    2db4:	0000a537          	lui	a0,0xa
    2db8:	4785                	li	a5,1
    2dba:	95c50513          	addi	a0,a0,-1700 # 995c <tfont32+0x2a0>
    2dbe:	00f98023          	sb	a5,0(s3)
    2dc2:	4905                	li	s2,1
    2dc4:	490030ef          	jal	ra,6254 <puts>
    2dc8:	a809                	j	2dda <ESP8266_OneNET_Connect+0x162>
    2dca:	3e800613          	li	a2,1000
    2dce:	9c8d8593          	addi	a1,s11,-1592
    2dd2:	9ccd0513          	addi	a0,s10,-1588
    2dd6:	98fff0ef          	jal	ra,2764 <esp_at_cmd>
    2dda:	854a                	mv	a0,s2
    2ddc:	20010113          	addi	sp,sp,512
    2de0:	c1cfd06f          	j	1fc <__riscv_restore_12>
    2de4:	03200513          	li	a0,50
    2de8:	147d                	addi	s0,s0,-1
    2dea:	5de000ef          	jal	ra,33c8 <Delay_Ms>
    2dee:	f855                	bnez	s0,2da2 <ESP8266_OneNET_Connect+0x12a>
    2df0:	0000a537          	lui	a0,0xa
    2df4:	99850513          	addi	a0,a0,-1640 # 9998 <tfont32+0x2dc>
    2df8:	45c030ef          	jal	ra,6254 <puts>
    2dfc:	3e800613          	li	a2,1000
    2e00:	9c8b0593          	addi	a1,s6,-1592
    2e04:	9cca8513          	addi	a0,s5,-1588
    2e08:	95dff0ef          	jal	ra,2764 <esp_at_cmd>
    2e0c:	4901                	li	s2,0
    2e0e:	b7f1                	j	2dda <ESP8266_OneNET_Connect+0x162>

00002e10 <ESP8266_OneNET_Publish>:
    2e10:	bc6fd2ef          	jal	t0,1d6 <__riscv_save_4>
    2e14:	84c18913          	addi	s2,gp,-1972 # 200000dc <mqtt_persistent>
    2e18:	00094403          	lbu	s0,0(s2)
    2e1c:	da010113          	addi	sp,sp,-608
    2e20:	c851                	beqz	s0,2eb4 <ESP8266_OneNET_Publish+0xa4>
    2e22:	89ae                	mv	s3,a1
    2e24:	8aaa                	mv	s5,a0
    2e26:	490030ef          	jal	ra,62b6 <strlen>
    2e2a:	842a                	mv	s0,a0
    2e2c:	854e                	mv	a0,s3
    2e2e:	488030ef          	jal	ra,62b6 <strlen>
    2e32:	00440593          	addi	a1,s0,4
    2e36:	8a2a                	mv	s4,a0
    2e38:	03200793          	li	a5,50
    2e3c:	95aa                	add	a1,a1,a0
    2e3e:	00910513          	addi	a0,sp,9
    2e42:	845c                	sb	a5,8(sp)
    2e44:	8bbff0ef          	jal	ra,26fe <mqtt_encode_remlen>
    2e48:	149c                	addi	a5,sp,608
    2e4a:	97aa                	add	a5,a5,a0
    2e4c:	40845713          	srai	a4,s0,0x8
    2e50:	dae784a3          	sb	a4,-599(a5)
    2e54:	da878523          	sb	s0,-598(a5)
    2e58:	00350493          	addi	s1,a0,3
    2e5c:	003c                	addi	a5,sp,8
    2e5e:	8622                	mv	a2,s0
    2e60:	85d6                	mv	a1,s5
    2e62:	00978533          	add	a0,a5,s1
    2e66:	1fe030ef          	jal	ra,6064 <memcpy>
    2e6a:	9426                	add	s0,s0,s1
    2e6c:	149c                	addi	a5,sp,608
    2e6e:	97a2                	add	a5,a5,s0
    2e70:	4705                	li	a4,1
    2e72:	0409                	addi	s0,s0,2
    2e74:	dae784a3          	sb	a4,-599(a5)
    2e78:	da078423          	sb	zero,-600(a5)
    2e7c:	003c                	addi	a5,sp,8
    2e7e:	00878533          	add	a0,a5,s0
    2e82:	8652                	mv	a2,s4
    2e84:	85ce                	mv	a1,s3
    2e86:	1de030ef          	jal	ra,6064 <memcpy>
    2e8a:	008a05b3          	add	a1,s4,s0
    2e8e:	0028                	addi	a0,sp,8
    2e90:	a5bff0ef          	jal	ra,28ea <esp_tcp_send>
    2e94:	842a                	mv	s0,a0
    2e96:	e505                	bnez	a0,2ebe <ESP8266_OneNET_Publish+0xae>
    2e98:	0000a5b7          	lui	a1,0xa
    2e9c:	0000a537          	lui	a0,0xa
    2ea0:	3e800613          	li	a2,1000
    2ea4:	9c858593          	addi	a1,a1,-1592 # 99c8 <tfont32+0x30c>
    2ea8:	9cc50513          	addi	a0,a0,-1588 # 99cc <tfont32+0x310>
    2eac:	00090023          	sb	zero,0(s2)
    2eb0:	8b5ff0ef          	jal	ra,2764 <esp_at_cmd>
    2eb4:	8522                	mv	a0,s0
    2eb6:	26010113          	addi	sp,sp,608
    2eba:	b50fd06f          	j	20a <__riscv_restore_4>
    2ebe:	4405                	li	s0,1
    2ec0:	bfd5                	j	2eb4 <ESP8266_OneNET_Publish+0xa4>

00002ec2 <dq_out>:
    2ec2:	b2efd2ef          	jal	t0,1f0 <__riscv_save_0>
    2ec6:	6705                	lui	a4,0x1
    2ec8:	b3018793          	addi	a5,gp,-1232 # 200003c0 <g>
    2ecc:	80070713          	addi	a4,a4,-2048 # 800 <__stack_size>
    2ed0:	a39a                	sh	a4,0(a5)
    2ed2:	40011537          	lui	a0,0x40011
    2ed6:	4741                	li	a4,16
    2ed8:	c798                	sw	a4,8(a5)
    2eda:	b3018593          	addi	a1,gp,-1232 # 200003c0 <g>
    2ede:	470d                	li	a4,3
    2ee0:	80050513          	addi	a0,a0,-2048 # 40010800 <_eusrstack+0x20008800>
    2ee4:	c3d8                	sw	a4,4(a5)
    2ee6:	9c2fe0ef          	jal	ra,10a8 <GPIO_Init>
    2eea:	b2afd06f          	j	214 <__riscv_restore_0>

00002eee <dht_wait>:
    2eee:	ae8fd2ef          	jal	t0,1d6 <__riscv_save_4>
    2ef2:	6485                	lui	s1,0x1
    2ef4:	40011937          	lui	s2,0x40011
    2ef8:	8a2a                	mv	s4,a0
    2efa:	842e                	mv	s0,a1
    2efc:	59fd                	li	s3,-1
    2efe:	80048493          	addi	s1,s1,-2048 # 800 <__stack_size>
    2f02:	80090913          	addi	s2,s2,-2048 # 40010800 <_eusrstack+0x20008800>
    2f06:	03000a93          	li	s5,48
    2f0a:	147d                	addi	s0,s0,-1
    2f0c:	01341563          	bne	s0,s3,2f16 <dht_wait+0x28>
    2f10:	4501                	li	a0,0
    2f12:	af8fd06f          	j	20a <__riscv_restore_4>
    2f16:	85a6                	mv	a1,s1
    2f18:	854a                	mv	a0,s2
    2f1a:	a4efe0ef          	jal	ra,1168 <GPIO_ReadInputDataBit>
    2f1e:	01450663          	beq	a0,s4,2f2a <dht_wait+0x3c>
    2f22:	87d6                	mv	a5,s5
    2f24:	17fd                	addi	a5,a5,-1
    2f26:	fffd                	bnez	a5,2f24 <dht_wait+0x36>
    2f28:	b7cd                	j	2f0a <dht_wait+0x1c>
    2f2a:	4505                	li	a0,1
    2f2c:	b7dd                	j	2f12 <dht_wait+0x24>

00002f2e <DHT11_Init>:
    2f2e:	ac2fd2ef          	jal	t0,1f0 <__riscv_save_0>
    2f32:	4585                	li	a1,1
    2f34:	4511                	li	a0,4
    2f36:	de6fe0ef          	jal	ra,151c <RCC_APB2PeriphClockCmd>
    2f3a:	f89ff0ef          	jal	ra,2ec2 <dq_out>
    2f3e:	6585                	lui	a1,0x1
    2f40:	40011537          	lui	a0,0x40011
    2f44:	80058593          	addi	a1,a1,-2048 # 800 <__stack_size>
    2f48:	80050513          	addi	a0,a0,-2048 # 40010800 <_eusrstack+0x20008800>
    2f4c:	a26fe0ef          	jal	ra,1172 <GPIO_SetBits>
    2f50:	ac4fd06f          	j	214 <__riscv_restore_0>

00002f54 <DHT11_Read>:
    2f54:	a74fd2ef          	jal	t0,1c8 <__riscv_save_10>
    2f58:	1141                	addi	sp,sp,-16
    2f5a:	84aa                	mv	s1,a0
    2f5c:	6a05                	lui	s4,0x1
    2f5e:	f65ff0ef          	jal	ra,2ec2 <dq_out>
    2f62:	400119b7          	lui	s3,0x40011
    2f66:	800a0593          	addi	a1,s4,-2048 # 800 <__stack_size>
    2f6a:	80098513          	addi	a0,s3,-2048 # 40010800 <_eusrstack+0x20008800>
    2f6e:	a08fe0ef          	jal	ra,1176 <GPIO_ResetBits>
    2f72:	4551                	li	a0,20
    2f74:	2991                	jal	33c8 <Delay_Ms>
    2f76:	800a0593          	addi	a1,s4,-2048
    2f7a:	80098513          	addi	a0,s3,-2048
    2f7e:	9f4fe0ef          	jal	ra,1172 <GPIO_SetBits>
    2f82:	5a000793          	li	a5,1440
    2f86:	17fd                	addi	a5,a5,-1
    2f88:	fffd                	bnez	a5,2f86 <DHT11_Read+0x32>
    2f8a:	6785                	lui	a5,0x1
    2f8c:	b3018713          	addi	a4,gp,-1232 # 200003c0 <g>
    2f90:	80078793          	addi	a5,a5,-2048 # 800 <__stack_size>
    2f94:	a31e                	sh	a5,0(a4)
    2f96:	b3018593          	addi	a1,gp,-1232 # 200003c0 <g>
    2f9a:	04800793          	li	a5,72
    2f9e:	80098513          	addi	a0,s3,-2048
    2fa2:	c71c                	sw	a5,8(a4)
    2fa4:	904fe0ef          	jal	ra,10a8 <GPIO_Init>
    2fa8:	07800593          	li	a1,120
    2fac:	4501                	li	a0,0
    2fae:	f41ff0ef          	jal	ra,2eee <dht_wait>
    2fb2:	e509                	bnez	a0,2fbc <DHT11_Read+0x68>
    2fb4:	4501                	li	a0,0
    2fb6:	0141                	addi	sp,sp,16
    2fb8:	a48fd06f          	j	200 <__riscv_restore_10>
    2fbc:	07800593          	li	a1,120
    2fc0:	4505                	li	a0,1
    2fc2:	f2dff0ef          	jal	ra,2eee <dht_wait>
    2fc6:	d57d                	beqz	a0,2fb4 <DHT11_Read+0x60>
    2fc8:	07800593          	li	a1,120
    2fcc:	4501                	li	a0,0
    2fce:	f21ff0ef          	jal	ra,2eee <dht_wait>
    2fd2:	d16d                	beqz	a0,2fb4 <DHT11_Read+0x60>
    2fd4:	4a81                	li	s5,0
    2fd6:	78000b13          	li	s6,1920
    2fda:	800a0a13          	addi	s4,s4,-2048
    2fde:	80098993          	addi	s3,s3,-2048
    2fe2:	0ff00b93          	li	s7,255
    2fe6:	4921                	li	s2,8
    2fe8:	4401                	li	s0,0
    2fea:	05000593          	li	a1,80
    2fee:	4505                	li	a0,1
    2ff0:	effff0ef          	jal	ra,2eee <dht_wait>
    2ff4:	c141                	beqz	a0,3074 <DHT11_Read+0x120>
    2ff6:	87da                	mv	a5,s6
    2ff8:	17fd                	addi	a5,a5,-1
    2ffa:	fffd                	bnez	a5,2ff8 <DHT11_Read+0xa4>
    2ffc:	0406                	slli	s0,s0,0x1
    2ffe:	85d2                	mv	a1,s4
    3000:	854e                	mv	a0,s3
    3002:	0ff47413          	andi	s0,s0,255
    3006:	962fe0ef          	jal	ra,1168 <GPIO_ReadInputDataBit>
    300a:	c119                	beqz	a0,3010 <DHT11_Read+0xbc>
    300c:	00146413          	ori	s0,s0,1
    3010:	05000593          	li	a1,80
    3014:	4501                	li	a0,0
    3016:	ed9ff0ef          	jal	ra,2eee <dht_wait>
    301a:	cd29                	beqz	a0,3074 <DHT11_Read+0x120>
    301c:	197d                	addi	s2,s2,-1
    301e:	0ff97913          	andi	s2,s2,255
    3022:	fc0914e3          	bnez	s2,2fea <DHT11_Read+0x96>
    3026:	003c                	addi	a5,sp,8
    3028:	97d6                	add	a5,a5,s5
    302a:	a380                	sb	s0,0(a5)
    302c:	f97404e3          	beq	s0,s7,2fb4 <DHT11_Read+0x60>
    3030:	0a85                	addi	s5,s5,1
    3032:	4795                	li	a5,5
    3034:	fafa99e3          	bne	s5,a5,2fe6 <DHT11_Read+0x92>
    3038:	e8bff0ef          	jal	ra,2ec2 <dq_out>
    303c:	6585                	lui	a1,0x1
    303e:	40011537          	lui	a0,0x40011
    3042:	80050513          	addi	a0,a0,-2048 # 40010800 <_eusrstack+0x20008800>
    3046:	80058593          	addi	a1,a1,-2048 # 800 <__stack_size>
    304a:	928fe0ef          	jal	ra,1172 <GPIO_SetBits>
    304e:	8488                	lbu	a0,9(sp)
    3050:	00814a03          	lbu	s4,8(sp)
    3054:	8500                	lbu	s0,10(sp)
    3056:	00b14983          	lbu	s3,11(sp)
    305a:	00aa07b3          	add	a5,s4,a0
    305e:	97a2                	add	a5,a5,s0
    3060:	8614                	lbu	a3,12(sp)
    3062:	97ce                	add	a5,a5,s3
    3064:	0ff7f793          	andi	a5,a5,255
    3068:	4722                	lw	a4,8(sp)
    306a:	00d78863          	beq	a5,a3,307a <DHT11_Read+0x126>
    306e:	00048823          	sb	zero,16(s1)
    3072:	b789                	j	2fb4 <DHT11_Read+0x60>
    3074:	0ff00413          	li	s0,255
    3078:	b77d                	j	3026 <DHT11_Read+0xd2>
    307a:	a0dc                	sb	a5,4(s1)
    307c:	c098                	sw	a4,0(s1)
    307e:	5df020ef          	jal	ra,5e5c <__floatunsisf>
    3082:	0000a937          	lui	s2,0xa
    3086:	b3492583          	lw	a1,-1228(s2) # 9b34 <tfont32+0x478>
    308a:	2e1020ef          	jal	ra,5b6a <__mulsf3>
    308e:	8aaa                	mv	s5,a0
    3090:	8552                	mv	a0,s4
    3092:	5cb020ef          	jal	ra,5e5c <__floatunsisf>
    3096:	85aa                	mv	a1,a0
    3098:	8556                	mv	a0,s5
    309a:	432020ef          	jal	ra,54cc <__addsf3>
    309e:	c4c8                	sw	a0,12(s1)
    30a0:	854e                	mv	a0,s3
    30a2:	5bb020ef          	jal	ra,5e5c <__floatunsisf>
    30a6:	b3492583          	lw	a1,-1228(s2)
    30aa:	2c1020ef          	jal	ra,5b6a <__mulsf3>
    30ae:	892a                	mv	s2,a0
    30b0:	8522                	mv	a0,s0
    30b2:	5ab020ef          	jal	ra,5e5c <__floatunsisf>
    30b6:	85aa                	mv	a1,a0
    30b8:	854a                	mv	a0,s2
    30ba:	412020ef          	jal	ra,54cc <__addsf3>
    30be:	4785                	li	a5,1
    30c0:	c488                	sw	a0,8(s1)
    30c2:	a89c                	sb	a5,16(s1)
    30c4:	4505                	li	a0,1
    30c6:	bdc5                	j	2fb6 <DHT11_Read+0x62>

000030c8 <i2c_delay>:
    30c8:	0a100793          	li	a5,161
    30cc:	17fd                	addi	a5,a5,-1
    30ce:	e391                	bnez	a5,30d2 <i2c_delay+0xa>
    30d0:	8082                	ret
    30d2:	0001                	nop
    30d4:	bfe5                	j	30cc <i2c_delay+0x4>

000030d6 <sda_out>:
    30d6:	91afd2ef          	jal	t0,1f0 <__riscv_save_0>
    30da:	b3c18793          	addi	a5,gp,-1220 # 200003cc <g>
    30de:	7761                	lui	a4,0xffff8
    30e0:	a39a                	sh	a4,0(a5)
    30e2:	40011537          	lui	a0,0x40011
    30e6:	4741                	li	a4,16
    30e8:	c798                	sw	a4,8(a5)
    30ea:	b3c18593          	addi	a1,gp,-1220 # 200003cc <g>
    30ee:	470d                	li	a4,3
    30f0:	80050513          	addi	a0,a0,-2048 # 40010800 <_eusrstack+0x20008800>
    30f4:	c3d8                	sw	a4,4(a5)
    30f6:	fb3fd0ef          	jal	ra,10a8 <GPIO_Init>
    30fa:	91afd06f          	j	214 <__riscv_restore_0>

000030fe <i2c_start>:
    30fe:	8f2fd2ef          	jal	t0,1f0 <__riscv_save_0>
    3102:	40011437          	lui	s0,0x40011
    3106:	fd1ff0ef          	jal	ra,30d6 <sda_out>
    310a:	80040513          	addi	a0,s0,-2048 # 40010800 <_eusrstack+0x20008800>
    310e:	65a1                	lui	a1,0x8
    3110:	862fe0ef          	jal	ra,1172 <GPIO_SetBits>
    3114:	80040513          	addi	a0,s0,-2048
    3118:	6585                	lui	a1,0x1
    311a:	858fe0ef          	jal	ra,1172 <GPIO_SetBits>
    311e:	fabff0ef          	jal	ra,30c8 <i2c_delay>
    3122:	80040513          	addi	a0,s0,-2048
    3126:	65a1                	lui	a1,0x8
    3128:	84efe0ef          	jal	ra,1176 <GPIO_ResetBits>
    312c:	f9dff0ef          	jal	ra,30c8 <i2c_delay>
    3130:	6585                	lui	a1,0x1
    3132:	80040513          	addi	a0,s0,-2048
    3136:	840fe0ef          	jal	ra,1176 <GPIO_ResetBits>
    313a:	8dafd06f          	j	214 <__riscv_restore_0>

0000313e <i2c_stop>:
    313e:	8b2fd2ef          	jal	t0,1f0 <__riscv_save_0>
    3142:	40011437          	lui	s0,0x40011
    3146:	f91ff0ef          	jal	ra,30d6 <sda_out>
    314a:	80040513          	addi	a0,s0,-2048 # 40010800 <_eusrstack+0x20008800>
    314e:	65a1                	lui	a1,0x8
    3150:	826fe0ef          	jal	ra,1176 <GPIO_ResetBits>
    3154:	80040513          	addi	a0,s0,-2048
    3158:	6585                	lui	a1,0x1
    315a:	818fe0ef          	jal	ra,1172 <GPIO_SetBits>
    315e:	f6bff0ef          	jal	ra,30c8 <i2c_delay>
    3162:	65a1                	lui	a1,0x8
    3164:	80040513          	addi	a0,s0,-2048
    3168:	80afe0ef          	jal	ra,1172 <GPIO_SetBits>
    316c:	f5dff0ef          	jal	ra,30c8 <i2c_delay>
    3170:	8a4fd06f          	j	214 <__riscv_restore_0>

00003174 <i2c_read_byte>:
    3174:	862fd2ef          	jal	t0,1d6 <__riscv_save_4>
    3178:	b3c18793          	addi	a5,gp,-1220 # 200003cc <g>
    317c:	7761                	lui	a4,0xffff8
    317e:	8a2a                	mv	s4,a0
    3180:	40011537          	lui	a0,0x40011
    3184:	a39a                	sh	a4,0(a5)
    3186:	b3c18593          	addi	a1,gp,-1220 # 200003cc <g>
    318a:	04800713          	li	a4,72
    318e:	80050513          	addi	a0,a0,-2048 # 40010800 <_eusrstack+0x20008800>
    3192:	40011937          	lui	s2,0x40011
    3196:	c798                	sw	a4,8(a5)
    3198:	44a1                	li	s1,8
    319a:	f0ffd0ef          	jal	ra,10a8 <GPIO_Init>
    319e:	4401                	li	s0,0
    31a0:	80090993          	addi	s3,s2,-2048 # 40010800 <_eusrstack+0x20008800>
    31a4:	6585                	lui	a1,0x1
    31a6:	854e                	mv	a0,s3
    31a8:	fcbfd0ef          	jal	ra,1172 <GPIO_SetBits>
    31ac:	f1dff0ef          	jal	ra,30c8 <i2c_delay>
    31b0:	65a1                	lui	a1,0x8
    31b2:	854e                	mv	a0,s3
    31b4:	fb5fd0ef          	jal	ra,1168 <GPIO_ReadInputDataBit>
    31b8:	00a03533          	snez	a0,a0
    31bc:	0406                	slli	s0,s0,0x1
    31be:	14fd                	addi	s1,s1,-1
    31c0:	8c49                	or	s0,s0,a0
    31c2:	6585                	lui	a1,0x1
    31c4:	854e                	mv	a0,s3
    31c6:	0ff4f493          	andi	s1,s1,255
    31ca:	fadfd0ef          	jal	ra,1176 <GPIO_ResetBits>
    31ce:	0ff47413          	andi	s0,s0,255
    31d2:	ef7ff0ef          	jal	ra,30c8 <i2c_delay>
    31d6:	f4f9                	bnez	s1,31a4 <i2c_read_byte+0x30>
    31d8:	effff0ef          	jal	ra,30d6 <sda_out>
    31dc:	65a1                	lui	a1,0x8
    31de:	80090513          	addi	a0,s2,-2048
    31e2:	020a0c63          	beqz	s4,321a <i2c_read_byte+0xa6>
    31e6:	f91fd0ef          	jal	ra,1176 <GPIO_ResetBits>
    31ea:	edfff0ef          	jal	ra,30c8 <i2c_delay>
    31ee:	400114b7          	lui	s1,0x40011
    31f2:	80048513          	addi	a0,s1,-2048 # 40010800 <_eusrstack+0x20008800>
    31f6:	6585                	lui	a1,0x1
    31f8:	f7bfd0ef          	jal	ra,1172 <GPIO_SetBits>
    31fc:	ecdff0ef          	jal	ra,30c8 <i2c_delay>
    3200:	80048513          	addi	a0,s1,-2048
    3204:	6585                	lui	a1,0x1
    3206:	f71fd0ef          	jal	ra,1176 <GPIO_ResetBits>
    320a:	80048513          	addi	a0,s1,-2048
    320e:	65a1                	lui	a1,0x8
    3210:	f63fd0ef          	jal	ra,1172 <GPIO_SetBits>
    3214:	8522                	mv	a0,s0
    3216:	ff5fc06f          	j	20a <__riscv_restore_4>
    321a:	f59fd0ef          	jal	ra,1172 <GPIO_SetBits>
    321e:	b7f1                	j	31ea <i2c_read_byte+0x76>

00003220 <i2c_write_byte>:
    3220:	fb7fc2ef          	jal	t0,1d6 <__riscv_save_4>
    3224:	40011437          	lui	s0,0x40011
    3228:	892a                	mv	s2,a0
    322a:	44a1                	li	s1,8
    322c:	80040993          	addi	s3,s0,-2048 # 40010800 <_eusrstack+0x20008800>
    3230:	01891793          	slli	a5,s2,0x18
    3234:	87e1                	srai	a5,a5,0x18
    3236:	65a1                	lui	a1,0x8
    3238:	854e                	mv	a0,s3
    323a:	0607de63          	bgez	a5,32b6 <i2c_write_byte+0x96>
    323e:	f35fd0ef          	jal	ra,1172 <GPIO_SetBits>
    3242:	e87ff0ef          	jal	ra,30c8 <i2c_delay>
    3246:	6585                	lui	a1,0x1
    3248:	854e                	mv	a0,s3
    324a:	f29fd0ef          	jal	ra,1172 <GPIO_SetBits>
    324e:	14fd                	addi	s1,s1,-1
    3250:	e79ff0ef          	jal	ra,30c8 <i2c_delay>
    3254:	0906                	slli	s2,s2,0x1
    3256:	6585                	lui	a1,0x1
    3258:	854e                	mv	a0,s3
    325a:	0ff4f493          	andi	s1,s1,255
    325e:	0ff97913          	andi	s2,s2,255
    3262:	f15fd0ef          	jal	ra,1176 <GPIO_ResetBits>
    3266:	f4e9                	bnez	s1,3230 <i2c_write_byte+0x10>
    3268:	b3c18793          	addi	a5,gp,-1220 # 200003cc <g>
    326c:	7761                	lui	a4,0xffff8
    326e:	a39a                	sh	a4,0(a5)
    3270:	80040513          	addi	a0,s0,-2048
    3274:	04800713          	li	a4,72
    3278:	b3c18593          	addi	a1,gp,-1220 # 200003cc <g>
    327c:	c798                	sw	a4,8(a5)
    327e:	e2bfd0ef          	jal	ra,10a8 <GPIO_Init>
    3282:	e47ff0ef          	jal	ra,30c8 <i2c_delay>
    3286:	80040513          	addi	a0,s0,-2048
    328a:	6585                	lui	a1,0x1
    328c:	ee7fd0ef          	jal	ra,1172 <GPIO_SetBits>
    3290:	e39ff0ef          	jal	ra,30c8 <i2c_delay>
    3294:	65a1                	lui	a1,0x8
    3296:	80040513          	addi	a0,s0,-2048
    329a:	ecffd0ef          	jal	ra,1168 <GPIO_ReadInputDataBit>
    329e:	84aa                	mv	s1,a0
    32a0:	6585                	lui	a1,0x1
    32a2:	80040513          	addi	a0,s0,-2048
    32a6:	ed1fd0ef          	jal	ra,1176 <GPIO_ResetBits>
    32aa:	e2dff0ef          	jal	ra,30d6 <sda_out>
    32ae:	0014b513          	seqz	a0,s1
    32b2:	f59fc06f          	j	20a <__riscv_restore_4>
    32b6:	ec1fd0ef          	jal	ra,1176 <GPIO_ResetBits>
    32ba:	b761                	j	3242 <i2c_write_byte+0x22>

000032bc <BH1750_Init>:
    32bc:	f35fc2ef          	jal	t0,1f0 <__riscv_save_0>
    32c0:	4585                	li	a1,1
    32c2:	4511                	li	a0,4
    32c4:	a58fe0ef          	jal	ra,151c <RCC_APB2PeriphClockCmd>
    32c8:	b3c18793          	addi	a5,gp,-1220 # 200003cc <g>
    32cc:	6705                	lui	a4,0x1
    32ce:	a39a                	sh	a4,0(a5)
    32d0:	40011437          	lui	s0,0x40011
    32d4:	4741                	li	a4,16
    32d6:	c798                	sw	a4,8(a5)
    32d8:	80040513          	addi	a0,s0,-2048 # 40010800 <_eusrstack+0x20008800>
    32dc:	470d                	li	a4,3
    32de:	b3c18593          	addi	a1,gp,-1220 # 200003cc <g>
    32e2:	c3d8                	sw	a4,4(a5)
    32e4:	dc5fd0ef          	jal	ra,10a8 <GPIO_Init>
    32e8:	80040513          	addi	a0,s0,-2048
    32ec:	6585                	lui	a1,0x1
    32ee:	e85fd0ef          	jal	ra,1172 <GPIO_SetBits>
    32f2:	de5ff0ef          	jal	ra,30d6 <sda_out>
    32f6:	65a1                	lui	a1,0x8
    32f8:	80040513          	addi	a0,s0,-2048
    32fc:	e77fd0ef          	jal	ra,1172 <GPIO_SetBits>
    3300:	dffff0ef          	jal	ra,30fe <i2c_start>
    3304:	04600513          	li	a0,70
    3308:	f19ff0ef          	jal	ra,3220 <i2c_write_byte>
    330c:	4505                	li	a0,1
    330e:	f13ff0ef          	jal	ra,3220 <i2c_write_byte>
    3312:	e2dff0ef          	jal	ra,313e <i2c_stop>
    3316:	4529                	li	a0,10
    3318:	2845                	jal	33c8 <Delay_Ms>
    331a:	de5ff0ef          	jal	ra,30fe <i2c_start>
    331e:	04600513          	li	a0,70
    3322:	effff0ef          	jal	ra,3220 <i2c_write_byte>
    3326:	4541                	li	a0,16
    3328:	ef9ff0ef          	jal	ra,3220 <i2c_write_byte>
    332c:	e13ff0ef          	jal	ra,313e <i2c_stop>
    3330:	0b400513          	li	a0,180
    3334:	2851                	jal	33c8 <Delay_Ms>
    3336:	0000a537          	lui	a0,0xa
    333a:	b3850513          	addi	a0,a0,-1224 # 9b38 <tfont32+0x47c>
    333e:	717020ef          	jal	ra,6254 <puts>
    3342:	ed3fc06f          	j	214 <__riscv_restore_0>

00003346 <BH1750_Read>:
    3346:	eabfc2ef          	jal	t0,1f0 <__riscv_save_0>
    334a:	1141                	addi	sp,sp,-16
    334c:	84aa                	mv	s1,a0
    334e:	db1ff0ef          	jal	ra,30fe <i2c_start>
    3352:	04700513          	li	a0,71
    3356:	ecbff0ef          	jal	ra,3220 <i2c_write_byte>
    335a:	e901                	bnez	a0,336a <BH1750_Read+0x24>
    335c:	c62a                	sw	a0,12(sp)
    335e:	de1ff0ef          	jal	ra,313e <i2c_stop>
    3362:	4532                	lw	a0,12(sp)
    3364:	0141                	addi	sp,sp,16
    3366:	eaffc06f          	j	214 <__riscv_restore_0>
    336a:	4505                	li	a0,1
    336c:	e09ff0ef          	jal	ra,3174 <i2c_read_byte>
    3370:	842a                	mv	s0,a0
    3372:	4501                	li	a0,0
    3374:	e01ff0ef          	jal	ra,3174 <i2c_read_byte>
    3378:	c62a                	sw	a0,12(sp)
    337a:	dc5ff0ef          	jal	ra,313e <i2c_stop>
    337e:	4532                	lw	a0,12(sp)
    3380:	0422                	slli	s0,s0,0x8
    3382:	8d41                	or	a0,a0,s0
    3384:	0542                	slli	a0,a0,0x10
    3386:	8141                	srli	a0,a0,0x10
    3388:	2d5020ef          	jal	ra,5e5c <__floatunsisf>
    338c:	0000a7b7          	lui	a5,0xa
    3390:	b4c7a583          	lw	a1,-1204(a5) # 9b4c <tfont32+0x490>
    3394:	4a2020ef          	jal	ra,5836 <__divsf3>
    3398:	c088                	sw	a0,0(s1)
    339a:	4505                	li	a0,1
    339c:	b7e1                	j	3364 <BH1750_Read+0x1e>

0000339e <Delay_Init>:
    339e:	200007b7          	lui	a5,0x20000
    33a2:	0907a783          	lw	a5,144(a5) # 20000090 <SystemCoreClock>
    33a6:	007a1737          	lui	a4,0x7a1
    33aa:	20070713          	addi	a4,a4,512 # 7a1200 <_data_lma+0x79731c>
    33ae:	02e7d7b3          	divu	a5,a5,a4
    33b2:	0ff7f793          	andi	a5,a5,255
    33b6:	84f18823          	sb	a5,-1968(gp) # 200000e0 <p_us>
    33ba:	3e800713          	li	a4,1000
    33be:	02e787b3          	mul	a5,a5,a4
    33c2:	84f19723          	sh	a5,-1970(gp) # 200000de <p_ms>
    33c6:	8082                	ret

000033c8 <Delay_Ms>:
    33c8:	e000f7b7          	lui	a5,0xe000f
    33cc:	43d8                	lw	a4,4(a5)
    33ce:	4681                	li	a3,0
    33d0:	9b79                	andi	a4,a4,-2
    33d2:	c3d8                	sw	a4,4(a5)
    33d4:	84e1d703          	lhu	a4,-1970(gp) # 200000de <p_ms>
    33d8:	02a70633          	mul	a2,a4,a0
    33dc:	cb90                	sw	a2,16(a5)
    33de:	cbd4                	sw	a3,20(a5)
    33e0:	4398                	lw	a4,0(a5)
    33e2:	01076713          	ori	a4,a4,16
    33e6:	c398                	sw	a4,0(a5)
    33e8:	4398                	lw	a4,0(a5)
    33ea:	02176713          	ori	a4,a4,33
    33ee:	c398                	sw	a4,0(a5)
    33f0:	43d8                	lw	a4,4(a5)
    33f2:	8b05                	andi	a4,a4,1
    33f4:	df75                	beqz	a4,33f0 <Delay_Ms+0x28>
    33f6:	4398                	lw	a4,0(a5)
    33f8:	9b79                	andi	a4,a4,-2
    33fa:	c398                	sw	a4,0(a5)
    33fc:	8082                	ret

000033fe <USART_Printf_Init>:
    33fe:	df3fc2ef          	jal	t0,1f0 <__riscv_save_0>
    3402:	842a                	mv	s0,a0
    3404:	6511                	lui	a0,0x4
    3406:	1101                	addi	sp,sp,-32
    3408:	4585                	li	a1,1
    340a:	0511                	addi	a0,a0,4
    340c:	910fe0ef          	jal	ra,151c <RCC_APB2PeriphClockCmd>
    3410:	20000793          	li	a5,512
    3414:	827c                	sh	a5,4(sp)
    3416:	40011537          	lui	a0,0x40011
    341a:	478d                	li	a5,3
    341c:	c43e                	sw	a5,8(sp)
    341e:	004c                	addi	a1,sp,4
    3420:	47e1                	li	a5,24
    3422:	80050513          	addi	a0,a0,-2048 # 40010800 <_eusrstack+0x20008800>
    3426:	c63e                	sw	a5,12(sp)
    3428:	c81fd0ef          	jal	ra,10a8 <GPIO_Init>
    342c:	c822                	sw	s0,16(sp)
    342e:	40014437          	lui	s0,0x40014
    3432:	000807b7          	lui	a5,0x80
    3436:	080c                	addi	a1,sp,16
    3438:	80040513          	addi	a0,s0,-2048 # 40013800 <_eusrstack+0x2000b800>
    343c:	cc3e                	sw	a5,24(sp)
    343e:	ca02                	sw	zero,20(sp)
    3440:	00011e23          	sh	zero,28(sp)
    3444:	97efe0ef          	jal	ra,15c2 <USART_Init>
    3448:	4585                	li	a1,1
    344a:	80040513          	addi	a0,s0,-2048
    344e:	a10fe0ef          	jal	ra,165e <USART_Cmd>
    3452:	6105                	addi	sp,sp,32
    3454:	dc1fc06f          	j	214 <__riscv_restore_0>

00003458 <_write>:
    3458:	d7ffc2ef          	jal	t0,1d6 <__riscv_save_4>
    345c:	400144b7          	lui	s1,0x40014
    3460:	89ae                	mv	s3,a1
    3462:	8932                	mv	s2,a2
    3464:	4401                	li	s0,0
    3466:	80048493          	addi	s1,s1,-2048 # 40013800 <_eusrstack+0x2000b800>
    346a:	01244563          	blt	s0,s2,3474 <_write+0x1c>
    346e:	854a                	mv	a0,s2
    3470:	d9bfc06f          	j	20a <__riscv_restore_4>
    3474:	04000593          	li	a1,64
    3478:	8526                	mv	a0,s1
    347a:	a40fe0ef          	jal	ra,16ba <USART_GetFlagStatus>
    347e:	d97d                	beqz	a0,3474 <_write+0x1c>
    3480:	008987b3          	add	a5,s3,s0
    3484:	00078583          	lb	a1,0(a5) # 80000 <_data_lma+0x7611c>
    3488:	8526                	mv	a0,s1
    348a:	0405                	addi	s0,s0,1
    348c:	05c2                	slli	a1,a1,0x10
    348e:	81c1                	srli	a1,a1,0x10
    3490:	a1afe0ef          	jal	ra,16aa <USART_SendData>
    3494:	bfd9                	j	346a <_write+0x12>

00003496 <_sbrk>:
    3496:	80c18713          	addi	a4,gp,-2036 # 2000009c <curbrk.5273>
    349a:	431c                	lw	a5,0(a4)
    349c:	b4c18693          	addi	a3,gp,-1204 # 200003dc <_ebss>
    34a0:	953e                	add	a0,a0,a5
    34a2:	00d56b63          	bltu	a0,a3,34b8 <_sbrk+0x22>
    34a6:	200086b7          	lui	a3,0x20008
    34aa:	80068693          	addi	a3,a3,-2048 # 20007800 <_heap_end>
    34ae:	00a6e563          	bltu	a3,a0,34b8 <_sbrk+0x22>
    34b2:	c308                	sw	a0,0(a4)
    34b4:	853e                	mv	a0,a5
    34b6:	8082                	ret
    34b8:	57fd                	li	a5,-1
    34ba:	bfed                	j	34b4 <_sbrk+0x1e>

000034bc <exp>:
    34bc:	715d                	addi	sp,sp,-80
    34be:	c4a2                	sw	s0,72(sp)
    34c0:	c2a6                	sw	s1,68(sp)
    34c2:	c0ca                	sw	s2,64(sp)
    34c4:	de4e                	sw	s3,60(sp)
    34c6:	dc52                	sw	s4,56(sp)
    34c8:	c686                	sw	ra,76(sp)
    34ca:	81018a13          	addi	s4,gp,-2032 # 200000a0 <__fdlib_version>
    34ce:	842a                	mv	s0,a0
    34d0:	84ae                	mv	s1,a1
    34d2:	20fd                	jal	35c0 <__ieee754_exp>
    34d4:	000a2703          	lw	a4,0(s4)
    34d8:	57fd                	li	a5,-1
    34da:	892a                	mv	s2,a0
    34dc:	89ae                	mv	s3,a1
    34de:	02f70e63          	beq	a4,a5,351a <exp+0x5e>
    34e2:	8522                	mv	a0,s0
    34e4:	85a6                	mv	a1,s1
    34e6:	2975                	jal	39a2 <finite>
    34e8:	c90d                	beqz	a0,351a <exp+0x5e>
    34ea:	00006797          	auipc	a5,0x6
    34ee:	66678793          	addi	a5,a5,1638 # 9b50 <tfont32+0x494>
    34f2:	4390                	lw	a2,0(a5)
    34f4:	43d4                	lw	a3,4(a5)
    34f6:	8522                	mv	a0,s0
    34f8:	85a6                	mv	a1,s1
    34fa:	19e010ef          	jal	ra,4698 <__gedf2>
    34fe:	08a04463          	bgtz	a0,3586 <exp+0xca>
    3502:	00006797          	auipc	a5,0x6
    3506:	66678793          	addi	a5,a5,1638 # 9b68 <tfont32+0x4ac>
    350a:	4390                	lw	a2,0(a5)
    350c:	43d4                	lw	a3,4(a5)
    350e:	8522                	mv	a0,s0
    3510:	85a6                	mv	a1,s1
    3512:	234010ef          	jal	ra,4746 <__ledf2>
    3516:	00054c63          	bltz	a0,352e <exp+0x72>
    351a:	40b6                	lw	ra,76(sp)
    351c:	4426                	lw	s0,72(sp)
    351e:	854a                	mv	a0,s2
    3520:	85ce                	mv	a1,s3
    3522:	4496                	lw	s1,68(sp)
    3524:	4906                	lw	s2,64(sp)
    3526:	59f2                	lw	s3,60(sp)
    3528:	5a62                	lw	s4,56(sp)
    352a:	6161                	addi	sp,sp,80
    352c:	8082                	ret
    352e:	4791                	li	a5,4
    3530:	000a2703          	lw	a4,0(s4)
    3534:	c43e                	sw	a5,8(sp)
    3536:	00006797          	auipc	a5,0x6
    353a:	63a78793          	addi	a5,a5,1594 # 9b70 <tfont32+0x4b4>
    353e:	c63e                	sw	a5,12(sp)
    3540:	d402                	sw	zero,40(sp)
    3542:	cc22                	sw	s0,24(sp)
    3544:	ce26                	sw	s1,28(sp)
    3546:	c822                	sw	s0,16(sp)
    3548:	ca26                	sw	s1,20(sp)
    354a:	d002                	sw	zero,32(sp)
    354c:	d202                	sw	zero,36(sp)
    354e:	4789                	li	a5,2
    3550:	02f70563          	beq	a4,a5,357a <exp+0xbe>
    3554:	0028                	addi	a0,sp,8
    3556:	29a9                	jal	39b0 <matherr>
    3558:	c10d                	beqz	a0,357a <exp+0xbe>
    355a:	57a2                	lw	a5,40(sp)
    355c:	efa9                	bnez	a5,35b6 <exp+0xfa>
    355e:	5902                	lw	s2,32(sp)
    3560:	5992                	lw	s3,36(sp)
    3562:	bf65                	j	351a <exp+0x5e>
    3564:	00006697          	auipc	a3,0x6
    3568:	5fc68693          	addi	a3,a3,1532 # 9b60 <tfont32+0x4a4>
    356c:	4290                	lw	a2,0(a3)
    356e:	42d4                	lw	a3,4(a3)
    3570:	4709                	li	a4,2
    3572:	d032                	sw	a2,32(sp)
    3574:	d236                	sw	a3,36(sp)
    3576:	fce79fe3          	bne	a5,a4,3554 <exp+0x98>
    357a:	2cb020ef          	jal	ra,6044 <__errno>
    357e:	02200793          	li	a5,34
    3582:	c11c                	sw	a5,0(a0)
    3584:	bfd9                	j	355a <exp+0x9e>
    3586:	470d                	li	a4,3
    3588:	000a2783          	lw	a5,0(s4)
    358c:	c43a                	sw	a4,8(sp)
    358e:	00006717          	auipc	a4,0x6
    3592:	5e270713          	addi	a4,a4,1506 # 9b70 <tfont32+0x4b4>
    3596:	c63a                	sw	a4,12(sp)
    3598:	d402                	sw	zero,40(sp)
    359a:	cc22                	sw	s0,24(sp)
    359c:	ce26                	sw	s1,28(sp)
    359e:	c822                	sw	s0,16(sp)
    35a0:	ca26                	sw	s1,20(sp)
    35a2:	f3e9                	bnez	a5,3564 <exp+0xa8>
    35a4:	00006797          	auipc	a5,0x6
    35a8:	5b478793          	addi	a5,a5,1460 # 9b58 <tfont32+0x49c>
    35ac:	4398                	lw	a4,0(a5)
    35ae:	43dc                	lw	a5,4(a5)
    35b0:	d03a                	sw	a4,32(sp)
    35b2:	d23e                	sw	a5,36(sp)
    35b4:	b745                	j	3554 <exp+0x98>
    35b6:	28f020ef          	jal	ra,6044 <__errno>
    35ba:	57a2                	lw	a5,40(sp)
    35bc:	c11c                	sw	a5,0(a0)
    35be:	b745                	j	355e <exp+0xa2>

000035c0 <__ieee754_exp>:
    35c0:	7179                	addi	sp,sp,-48
    35c2:	00159793          	slli	a5,a1,0x1
    35c6:	40863737          	lui	a4,0x40863
    35ca:	d422                	sw	s0,40(sp)
    35cc:	d226                	sw	s1,36(sp)
    35ce:	d04a                	sw	s2,32(sp)
    35d0:	d606                	sw	ra,44(sp)
    35d2:	ce4e                	sw	s3,28(sp)
    35d4:	cc52                	sw	s4,24(sp)
    35d6:	ca56                	sw	s5,20(sp)
    35d8:	c85a                	sw	s6,16(sp)
    35da:	c65e                	sw	s7,12(sp)
    35dc:	c462                	sw	s8,8(sp)
    35de:	c26a                	sw	s10,4(sp)
    35e0:	c06e                	sw	s11,0(sp)
    35e2:	8385                	srli	a5,a5,0x1
    35e4:	e4170713          	addi	a4,a4,-447 # 40862e41 <_eusrstack+0x2085ae41>
    35e8:	842e                	mv	s0,a1
    35ea:	84aa                	mv	s1,a0
    35ec:	01f5d913          	srli	s2,a1,0x1f
    35f0:	02f77363          	bgeu	a4,a5,3616 <__ieee754_exp+0x56>
    35f4:	7ff00737          	lui	a4,0x7ff00
    35f8:	10e7ea63          	bltu	a5,a4,370c <__ieee754_exp+0x14c>
    35fc:	00c59693          	slli	a3,a1,0xc
    3600:	82b1                	srli	a3,a3,0xc
    3602:	8ec9                	or	a3,a3,a0
    3604:	34069663          	bnez	a3,3950 <__ieee754_exp+0x390>
    3608:	4781                	li	a5,0
    360a:	4701                	li	a4,0
    360c:	2e091563          	bnez	s2,38f6 <__ieee754_exp+0x336>
    3610:	87aa                	mv	a5,a0
    3612:	872e                	mv	a4,a1
    3614:	a4cd                	j	38f6 <__ieee754_exp+0x336>
    3616:	3fd63737          	lui	a4,0x3fd63
    361a:	e4270713          	addi	a4,a4,-446 # 3fd62e42 <_eusrstack+0x1fd5ae42>
    361e:	18f76963          	bltu	a4,a5,37b0 <__ieee754_exp+0x1f0>
    3622:	3e300737          	lui	a4,0x3e300
    3626:	00006a17          	auipc	s4,0x6
    362a:	59aa0a13          	addi	s4,s4,1434 # 9bc0 <tfont32+0x504>
    362e:	2ee7e463          	bltu	a5,a4,3916 <__ieee754_exp+0x356>
    3632:	8626                	mv	a2,s1
    3634:	86a2                	mv	a3,s0
    3636:	8526                	mv	a0,s1
    3638:	85a2                	mv	a1,s0
    363a:	1c2010ef          	jal	ra,47fc <__muldf3>
    363e:	00006797          	auipc	a5,0x6
    3642:	55a78793          	addi	a5,a5,1370 # 9b98 <tfont32+0x4dc>
    3646:	4390                	lw	a2,0(a5)
    3648:	43d4                	lw	a3,4(a5)
    364a:	892a                	mv	s2,a0
    364c:	89ae                	mv	s3,a1
    364e:	1ae010ef          	jal	ra,47fc <__muldf3>
    3652:	00006797          	auipc	a5,0x6
    3656:	54e78793          	addi	a5,a5,1358 # 9ba0 <tfont32+0x4e4>
    365a:	4390                	lw	a2,0(a5)
    365c:	43d4                	lw	a3,4(a5)
    365e:	656010ef          	jal	ra,4cb4 <__subdf3>
    3662:	864a                	mv	a2,s2
    3664:	86ce                	mv	a3,s3
    3666:	196010ef          	jal	ra,47fc <__muldf3>
    366a:	00006797          	auipc	a5,0x6
    366e:	53e78793          	addi	a5,a5,1342 # 9ba8 <tfont32+0x4ec>
    3672:	4390                	lw	a2,0(a5)
    3674:	43d4                	lw	a3,4(a5)
    3676:	2e3d                	jal	39b4 <__adddf3>
    3678:	864a                	mv	a2,s2
    367a:	86ce                	mv	a3,s3
    367c:	180010ef          	jal	ra,47fc <__muldf3>
    3680:	00006797          	auipc	a5,0x6
    3684:	53078793          	addi	a5,a5,1328 # 9bb0 <tfont32+0x4f4>
    3688:	4390                	lw	a2,0(a5)
    368a:	43d4                	lw	a3,4(a5)
    368c:	628010ef          	jal	ra,4cb4 <__subdf3>
    3690:	864a                	mv	a2,s2
    3692:	86ce                	mv	a3,s3
    3694:	168010ef          	jal	ra,47fc <__muldf3>
    3698:	00006797          	auipc	a5,0x6
    369c:	52078793          	addi	a5,a5,1312 # 9bb8 <tfont32+0x4fc>
    36a0:	4390                	lw	a2,0(a5)
    36a2:	43d4                	lw	a3,4(a5)
    36a4:	2e01                	jal	39b4 <__adddf3>
    36a6:	864a                	mv	a2,s2
    36a8:	86ce                	mv	a3,s3
    36aa:	152010ef          	jal	ra,47fc <__muldf3>
    36ae:	862a                	mv	a2,a0
    36b0:	86ae                	mv	a3,a1
    36b2:	8526                	mv	a0,s1
    36b4:	85a2                	mv	a1,s0
    36b6:	5fe010ef          	jal	ra,4cb4 <__subdf3>
    36ba:	892a                	mv	s2,a0
    36bc:	89ae                	mv	s3,a1
    36be:	864a                	mv	a2,s2
    36c0:	86ce                	mv	a3,s3
    36c2:	8526                	mv	a0,s1
    36c4:	85a2                	mv	a1,s0
    36c6:	136010ef          	jal	ra,47fc <__muldf3>
    36ca:	00006797          	auipc	a5,0x6
    36ce:	4fe78793          	addi	a5,a5,1278 # 9bc8 <tfont32+0x50c>
    36d2:	4390                	lw	a2,0(a5)
    36d4:	43d4                	lw	a3,4(a5)
    36d6:	8b2a                	mv	s6,a0
    36d8:	8bae                	mv	s7,a1
    36da:	854a                	mv	a0,s2
    36dc:	85ce                	mv	a1,s3
    36de:	5d6010ef          	jal	ra,4cb4 <__subdf3>
    36e2:	862a                	mv	a2,a0
    36e4:	86ae                	mv	a3,a1
    36e6:	855a                	mv	a0,s6
    36e8:	85de                	mv	a1,s7
    36ea:	1fb000ef          	jal	ra,40e4 <__divdf3>
    36ee:	8626                	mv	a2,s1
    36f0:	86a2                	mv	a3,s0
    36f2:	5c2010ef          	jal	ra,4cb4 <__subdf3>
    36f6:	862a                	mv	a2,a0
    36f8:	86ae                	mv	a3,a1
    36fa:	000a2503          	lw	a0,0(s4)
    36fe:	004a2583          	lw	a1,4(s4)
    3702:	5b2010ef          	jal	ra,4cb4 <__subdf3>
    3706:	87aa                	mv	a5,a0
    3708:	872e                	mv	a4,a1
    370a:	a2f5                	j	38f6 <__ieee754_exp+0x336>
    370c:	00006797          	auipc	a5,0x6
    3710:	44478793          	addi	a5,a5,1092 # 9b50 <tfont32+0x494>
    3714:	4390                	lw	a2,0(a5)
    3716:	43d4                	lw	a3,4(a5)
    3718:	781000ef          	jal	ra,4698 <__gedf2>
    371c:	24a04063          	bgtz	a0,395c <__ieee754_exp+0x39c>
    3720:	00006797          	auipc	a5,0x6
    3724:	44878793          	addi	a5,a5,1096 # 9b68 <tfont32+0x4ac>
    3728:	4390                	lw	a2,0(a5)
    372a:	43d4                	lw	a3,4(a5)
    372c:	8526                	mv	a0,s1
    372e:	85a2                	mv	a1,s0
    3730:	016010ef          	jal	ra,4746 <__ledf2>
    3734:	4781                	li	a5,0
    3736:	4701                	li	a4,0
    3738:	1a054f63          	bltz	a0,38f6 <__ieee754_exp+0x336>
    373c:	00006797          	auipc	a5,0x6
    3740:	44478793          	addi	a5,a5,1092 # 9b80 <tfont32+0x4c4>
    3744:	4390                	lw	a2,0(a5)
    3746:	43d4                	lw	a3,4(a5)
    3748:	00391c13          	slli	s8,s2,0x3
    374c:	8526                	mv	a0,s1
    374e:	00006917          	auipc	s2,0x6
    3752:	48a90913          	addi	s2,s2,1162 # 9bd8 <halF>
    3756:	85a2                	mv	a1,s0
    3758:	9c4a                	add	s8,s8,s2
    375a:	0a2010ef          	jal	ra,47fc <__muldf3>
    375e:	000c2603          	lw	a2,0(s8)
    3762:	004c2683          	lw	a3,4(s8)
    3766:	24b9                	jal	39b4 <__adddf3>
    3768:	48b010ef          	jal	ra,53f2 <__fixdfsi>
    376c:	8c2a                	mv	s8,a0
    376e:	4ed010ef          	jal	ra,545a <__floatsidf>
    3772:	00006797          	auipc	a5,0x6
    3776:	41678793          	addi	a5,a5,1046 # 9b88 <tfont32+0x4cc>
    377a:	4390                	lw	a2,0(a5)
    377c:	43d4                	lw	a3,4(a5)
    377e:	892a                	mv	s2,a0
    3780:	89ae                	mv	s3,a1
    3782:	07a010ef          	jal	ra,47fc <__muldf3>
    3786:	862a                	mv	a2,a0
    3788:	86ae                	mv	a3,a1
    378a:	8526                	mv	a0,s1
    378c:	85a2                	mv	a1,s0
    378e:	526010ef          	jal	ra,4cb4 <__subdf3>
    3792:	00006797          	auipc	a5,0x6
    3796:	3fe78793          	addi	a5,a5,1022 # 9b90 <tfont32+0x4d4>
    379a:	4390                	lw	a2,0(a5)
    379c:	43d4                	lw	a3,4(a5)
    379e:	8a2a                	mv	s4,a0
    37a0:	8aae                	mv	s5,a1
    37a2:	854a                	mv	a0,s2
    37a4:	85ce                	mv	a1,s3
    37a6:	056010ef          	jal	ra,47fc <__muldf3>
    37aa:	8b2a                	mv	s6,a0
    37ac:	8bae                	mv	s7,a1
    37ae:	a091                	j	37f2 <__ieee754_exp+0x232>
    37b0:	3ff0a737          	lui	a4,0x3ff0a
    37b4:	2b170713          	addi	a4,a4,689 # 3ff0a2b1 <_eusrstack+0x1ff022b1>
    37b8:	f8f762e3          	bltu	a4,a5,373c <__ieee754_exp+0x17c>
    37bc:	00391413          	slli	s0,s2,0x3
    37c0:	00006717          	auipc	a4,0x6
    37c4:	42870713          	addi	a4,a4,1064 # 9be8 <ln2HI>
    37c8:	9722                	add	a4,a4,s0
    37ca:	4310                	lw	a2,0(a4)
    37cc:	4354                	lw	a3,4(a4)
    37ce:	4c05                	li	s8,1
    37d0:	412c0c33          	sub	s8,s8,s2
    37d4:	4e0010ef          	jal	ra,4cb4 <__subdf3>
    37d8:	00006797          	auipc	a5,0x6
    37dc:	42078793          	addi	a5,a5,1056 # 9bf8 <ln2LO>
    37e0:	97a2                	add	a5,a5,s0
    37e2:	0007ab03          	lw	s6,0(a5)
    37e6:	0047ab83          	lw	s7,4(a5)
    37ea:	8a2a                	mv	s4,a0
    37ec:	8aae                	mv	s5,a1
    37ee:	412c0c33          	sub	s8,s8,s2
    37f2:	865a                	mv	a2,s6
    37f4:	86de                	mv	a3,s7
    37f6:	8552                	mv	a0,s4
    37f8:	85d6                	mv	a1,s5
    37fa:	4ba010ef          	jal	ra,4cb4 <__subdf3>
    37fe:	862a                	mv	a2,a0
    3800:	86ae                	mv	a3,a1
    3802:	84aa                	mv	s1,a0
    3804:	842e                	mv	s0,a1
    3806:	7f7000ef          	jal	ra,47fc <__muldf3>
    380a:	00006797          	auipc	a5,0x6
    380e:	38e78793          	addi	a5,a5,910 # 9b98 <tfont32+0x4dc>
    3812:	4390                	lw	a2,0(a5)
    3814:	43d4                	lw	a3,4(a5)
    3816:	892a                	mv	s2,a0
    3818:	89ae                	mv	s3,a1
    381a:	7e3000ef          	jal	ra,47fc <__muldf3>
    381e:	00006797          	auipc	a5,0x6
    3822:	38278793          	addi	a5,a5,898 # 9ba0 <tfont32+0x4e4>
    3826:	4390                	lw	a2,0(a5)
    3828:	43d4                	lw	a3,4(a5)
    382a:	48a010ef          	jal	ra,4cb4 <__subdf3>
    382e:	864a                	mv	a2,s2
    3830:	86ce                	mv	a3,s3
    3832:	7cb000ef          	jal	ra,47fc <__muldf3>
    3836:	00006797          	auipc	a5,0x6
    383a:	37278793          	addi	a5,a5,882 # 9ba8 <tfont32+0x4ec>
    383e:	4390                	lw	a2,0(a5)
    3840:	43d4                	lw	a3,4(a5)
    3842:	2a8d                	jal	39b4 <__adddf3>
    3844:	864a                	mv	a2,s2
    3846:	86ce                	mv	a3,s3
    3848:	7b5000ef          	jal	ra,47fc <__muldf3>
    384c:	00006797          	auipc	a5,0x6
    3850:	36478793          	addi	a5,a5,868 # 9bb0 <tfont32+0x4f4>
    3854:	4390                	lw	a2,0(a5)
    3856:	43d4                	lw	a3,4(a5)
    3858:	45c010ef          	jal	ra,4cb4 <__subdf3>
    385c:	864a                	mv	a2,s2
    385e:	86ce                	mv	a3,s3
    3860:	79d000ef          	jal	ra,47fc <__muldf3>
    3864:	00006797          	auipc	a5,0x6
    3868:	35478793          	addi	a5,a5,852 # 9bb8 <tfont32+0x4fc>
    386c:	4390                	lw	a2,0(a5)
    386e:	43d4                	lw	a3,4(a5)
    3870:	2291                	jal	39b4 <__adddf3>
    3872:	864a                	mv	a2,s2
    3874:	86ce                	mv	a3,s3
    3876:	787000ef          	jal	ra,47fc <__muldf3>
    387a:	862a                	mv	a2,a0
    387c:	86ae                	mv	a3,a1
    387e:	8526                	mv	a0,s1
    3880:	85a2                	mv	a1,s0
    3882:	432010ef          	jal	ra,4cb4 <__subdf3>
    3886:	862a                	mv	a2,a0
    3888:	86ae                	mv	a3,a1
    388a:	892a                	mv	s2,a0
    388c:	89ae                	mv	s3,a1
    388e:	8526                	mv	a0,s1
    3890:	85a2                	mv	a1,s0
    3892:	76b000ef          	jal	ra,47fc <__muldf3>
    3896:	8d2a                	mv	s10,a0
    3898:	8dae                	mv	s11,a1
    389a:	0e0c0f63          	beqz	s8,3998 <__ieee754_exp+0x3d8>
    389e:	00006797          	auipc	a5,0x6
    38a2:	32a78793          	addi	a5,a5,810 # 9bc8 <tfont32+0x50c>
    38a6:	4388                	lw	a0,0(a5)
    38a8:	43cc                	lw	a1,4(a5)
    38aa:	864a                	mv	a2,s2
    38ac:	86ce                	mv	a3,s3
    38ae:	406010ef          	jal	ra,4cb4 <__subdf3>
    38b2:	862a                	mv	a2,a0
    38b4:	86ae                	mv	a3,a1
    38b6:	856a                	mv	a0,s10
    38b8:	85ee                	mv	a1,s11
    38ba:	02b000ef          	jal	ra,40e4 <__divdf3>
    38be:	862a                	mv	a2,a0
    38c0:	86ae                	mv	a3,a1
    38c2:	855a                	mv	a0,s6
    38c4:	85de                	mv	a1,s7
    38c6:	3ee010ef          	jal	ra,4cb4 <__subdf3>
    38ca:	8652                	mv	a2,s4
    38cc:	86d6                	mv	a3,s5
    38ce:	3e6010ef          	jal	ra,4cb4 <__subdf3>
    38d2:	00006797          	auipc	a5,0x6
    38d6:	2ee78793          	addi	a5,a5,750 # 9bc0 <tfont32+0x504>
    38da:	862a                	mv	a2,a0
    38dc:	86ae                	mv	a3,a1
    38de:	4388                	lw	a0,0(a5)
    38e0:	43cc                	lw	a1,4(a5)
    38e2:	3d2010ef          	jal	ra,4cb4 <__subdf3>
    38e6:	c0300793          	li	a5,-1021
    38ea:	08fc4663          	blt	s8,a5,3976 <__ieee754_exp+0x3b6>
    38ee:	0c52                	slli	s8,s8,0x14
    38f0:	00bc0733          	add	a4,s8,a1
    38f4:	87aa                	mv	a5,a0
    38f6:	50b2                	lw	ra,44(sp)
    38f8:	5422                	lw	s0,40(sp)
    38fa:	5492                	lw	s1,36(sp)
    38fc:	5902                	lw	s2,32(sp)
    38fe:	49f2                	lw	s3,28(sp)
    3900:	4a62                	lw	s4,24(sp)
    3902:	4ad2                	lw	s5,20(sp)
    3904:	4b42                	lw	s6,16(sp)
    3906:	4bb2                	lw	s7,12(sp)
    3908:	4c22                	lw	s8,8(sp)
    390a:	4d12                	lw	s10,4(sp)
    390c:	4d82                	lw	s11,0(sp)
    390e:	853e                	mv	a0,a5
    3910:	85ba                	mv	a1,a4
    3912:	6145                	addi	sp,sp,48
    3914:	8082                	ret
    3916:	00006797          	auipc	a5,0x6
    391a:	26278793          	addi	a5,a5,610 # 9b78 <tfont32+0x4bc>
    391e:	4390                	lw	a2,0(a5)
    3920:	43d4                	lw	a3,4(a5)
    3922:	00006a17          	auipc	s4,0x6
    3926:	29ea0a13          	addi	s4,s4,670 # 9bc0 <tfont32+0x504>
    392a:	2069                	jal	39b4 <__adddf3>
    392c:	000a2903          	lw	s2,0(s4)
    3930:	004a2983          	lw	s3,4(s4)
    3934:	864a                	mv	a2,s2
    3936:	86ce                	mv	a3,s3
    3938:	561000ef          	jal	ra,4698 <__gedf2>
    393c:	cea05be3          	blez	a0,3632 <__ieee754_exp+0x72>
    3940:	8526                	mv	a0,s1
    3942:	85a2                	mv	a1,s0
    3944:	864a                	mv	a2,s2
    3946:	86ce                	mv	a3,s3
    3948:	20b5                	jal	39b4 <__adddf3>
    394a:	87aa                	mv	a5,a0
    394c:	872e                	mv	a4,a1
    394e:	b765                	j	38f6 <__ieee754_exp+0x336>
    3950:	862a                	mv	a2,a0
    3952:	86ae                	mv	a3,a1
    3954:	2085                	jal	39b4 <__adddf3>
    3956:	87aa                	mv	a5,a0
    3958:	872e                	mv	a4,a1
    395a:	bf71                	j	38f6 <__ieee754_exp+0x336>
    395c:	00006797          	auipc	a5,0x6
    3960:	21c78793          	addi	a5,a5,540 # 9b78 <tfont32+0x4bc>
    3964:	4390                	lw	a2,0(a5)
    3966:	43d4                	lw	a3,4(a5)
    3968:	8532                	mv	a0,a2
    396a:	85b6                	mv	a1,a3
    396c:	691000ef          	jal	ra,47fc <__muldf3>
    3970:	87aa                	mv	a5,a0
    3972:	872e                	mv	a4,a1
    3974:	b749                	j	38f6 <__ieee754_exp+0x336>
    3976:	3e8c0693          	addi	a3,s8,1000
    397a:	00006717          	auipc	a4,0x6
    397e:	25670713          	addi	a4,a4,598 # 9bd0 <tfont32+0x514>
    3982:	06d2                	slli	a3,a3,0x14
    3984:	95b6                	add	a1,a1,a3
    3986:	4310                	lw	a2,0(a4)
    3988:	4354                	lw	a3,4(a4)
    398a:	87aa                	mv	a5,a0
    398c:	853e                	mv	a0,a5
    398e:	66f000ef          	jal	ra,47fc <__muldf3>
    3992:	87aa                	mv	a5,a0
    3994:	872e                	mv	a4,a1
    3996:	b785                	j	38f6 <__ieee754_exp+0x336>
    3998:	00006a17          	auipc	s4,0x6
    399c:	228a0a13          	addi	s4,s4,552 # 9bc0 <tfont32+0x504>
    39a0:	bb39                	j	36be <__ieee754_exp+0xfe>

000039a2 <finite>:
    39a2:	0586                	slli	a1,a1,0x1
    39a4:	8185                	srli	a1,a1,0x1
    39a6:	80100537          	lui	a0,0x80100
    39aa:	952e                	add	a0,a0,a1
    39ac:	817d                	srli	a0,a0,0x1f
    39ae:	8082                	ret

000039b0 <matherr>:
    39b0:	4501                	li	a0,0
    39b2:	8082                	ret

000039b4 <__adddf3>:
    39b4:	00100837          	lui	a6,0x100
    39b8:	1101                	addi	sp,sp,-32
    39ba:	187d                	addi	a6,a6,-1
    39bc:	00b87733          	and	a4,a6,a1
    39c0:	ca26                	sw	s1,20(sp)
    39c2:	00d87833          	and	a6,a6,a3
    39c6:	0145d493          	srli	s1,a1,0x14
    39ca:	0146d313          	srli	t1,a3,0x14
    39ce:	00371e13          	slli	t3,a4,0x3
    39d2:	c64e                	sw	s3,12(sp)
    39d4:	01d55713          	srli	a4,a0,0x1d
    39d8:	080e                	slli	a6,a6,0x3
    39da:	01d65793          	srli	a5,a2,0x1d
    39de:	7ff4f493          	andi	s1,s1,2047
    39e2:	7ff37313          	andi	t1,t1,2047
    39e6:	ce06                	sw	ra,28(sp)
    39e8:	cc22                	sw	s0,24(sp)
    39ea:	c84a                	sw	s2,16(sp)
    39ec:	01f5d993          	srli	s3,a1,0x1f
    39f0:	01f6de93          	srli	t4,a3,0x1f
    39f4:	01c76733          	or	a4,a4,t3
    39f8:	00351f13          	slli	t5,a0,0x3
    39fc:	0107e833          	or	a6,a5,a6
    3a00:	00361f93          	slli	t6,a2,0x3
    3a04:	40648e33          	sub	t3,s1,t1
    3a08:	19d98063          	beq	s3,t4,3b88 <__adddf3+0x1d4>
    3a0c:	13c05663          	blez	t3,3b38 <__adddf3+0x184>
    3a10:	1c030463          	beqz	t1,3bd8 <__adddf3+0x224>
    3a14:	008006b7          	lui	a3,0x800
    3a18:	7ff00793          	li	a5,2047
    3a1c:	00d86833          	or	a6,a6,a3
    3a20:	36f48f63          	beq	s1,a5,3d9e <__adddf3+0x3ea>
    3a24:	03800793          	li	a5,56
    3a28:	35c7c063          	blt	a5,t3,3d68 <__adddf3+0x3b4>
    3a2c:	47fd                	li	a5,31
    3a2e:	47c7cd63          	blt	a5,t3,3ea8 <__adddf3+0x4f4>
    3a32:	02000513          	li	a0,32
    3a36:	41c50533          	sub	a0,a0,t3
    3a3a:	01cfd7b3          	srl	a5,t6,t3
    3a3e:	00a816b3          	sll	a3,a6,a0
    3a42:	00af9933          	sll	s2,t6,a0
    3a46:	8edd                	or	a3,a3,a5
    3a48:	01203933          	snez	s2,s2
    3a4c:	01c857b3          	srl	a5,a6,t3
    3a50:	0126e933          	or	s2,a3,s2
    3a54:	8f1d                	sub	a4,a4,a5
    3a56:	412f0933          	sub	s2,t5,s2
    3a5a:	012f37b3          	sltu	a5,t5,s2
    3a5e:	40f70633          	sub	a2,a4,a5
    3a62:	00861793          	slli	a5,a2,0x8
    3a66:	2407d463          	bgez	a5,3cae <__adddf3+0x2fa>
    3a6a:	00800737          	lui	a4,0x800
    3a6e:	177d                	addi	a4,a4,-1
    3a70:	00e67433          	and	s0,a2,a4
    3a74:	2c040c63          	beqz	s0,3d4c <__adddf3+0x398>
    3a78:	8522                	mv	a0,s0
    3a7a:	55c020ef          	jal	ra,5fd6 <__clzsi2>
    3a7e:	ff850713          	addi	a4,a0,-8 # 800ffff8 <_eusrstack+0x600f7ff8>
    3a82:	02000793          	li	a5,32
    3a86:	8f99                	sub	a5,a5,a4
    3a88:	00f957b3          	srl	a5,s2,a5
    3a8c:	00e41633          	sll	a2,s0,a4
    3a90:	8fd1                	or	a5,a5,a2
    3a92:	00e91933          	sll	s2,s2,a4
    3a96:	2a974163          	blt	a4,s1,3d38 <__adddf3+0x384>
    3a9a:	40970533          	sub	a0,a4,s1
    3a9e:	00150613          	addi	a2,a0,1
    3aa2:	477d                	li	a4,31
    3aa4:	38c74d63          	blt	a4,a2,3e3e <__adddf3+0x48a>
    3aa8:	02000713          	li	a4,32
    3aac:	8f11                	sub	a4,a4,a2
    3aae:	00c956b3          	srl	a3,s2,a2
    3ab2:	00e91933          	sll	s2,s2,a4
    3ab6:	00e79733          	sll	a4,a5,a4
    3aba:	8f55                	or	a4,a4,a3
    3abc:	01203933          	snez	s2,s2
    3ac0:	01276933          	or	s2,a4,s2
    3ac4:	00c7d633          	srl	a2,a5,a2
    3ac8:	4481                	li	s1,0
    3aca:	00797793          	andi	a5,s2,7
    3ace:	cf81                	beqz	a5,3ae6 <__adddf3+0x132>
    3ad0:	00f97713          	andi	a4,s2,15
    3ad4:	4791                	li	a5,4
    3ad6:	00f70863          	beq	a4,a5,3ae6 <__adddf3+0x132>
    3ada:	00490713          	addi	a4,s2,4
    3ade:	01273933          	sltu	s2,a4,s2
    3ae2:	964a                	add	a2,a2,s2
    3ae4:	893a                	mv	s2,a4
    3ae6:	00861793          	slli	a5,a2,0x8
    3aea:	1c07d663          	bgez	a5,3cb6 <__adddf3+0x302>
    3aee:	00148513          	addi	a0,s1,1
    3af2:	7ff00793          	li	a5,2047
    3af6:	85ce                	mv	a1,s3
    3af8:	20f50463          	beq	a0,a5,3d00 <__adddf3+0x34c>
    3afc:	ff8007b7          	lui	a5,0xff800
    3b00:	17fd                	addi	a5,a5,-1
    3b02:	8ff1                	and	a5,a5,a2
    3b04:	01d79893          	slli	a7,a5,0x1d
    3b08:	00395913          	srli	s2,s2,0x3
    3b0c:	07a6                	slli	a5,a5,0x9
    3b0e:	0128e8b3          	or	a7,a7,s2
    3b12:	83b1                	srli	a5,a5,0xc
    3b14:	7ff57513          	andi	a0,a0,2047
    3b18:	00c79693          	slli	a3,a5,0xc
    3b1c:	0552                	slli	a0,a0,0x14
    3b1e:	40f2                	lw	ra,28(sp)
    3b20:	4462                	lw	s0,24(sp)
    3b22:	82b1                	srli	a3,a3,0xc
    3b24:	05fe                	slli	a1,a1,0x1f
    3b26:	8ec9                	or	a3,a3,a0
    3b28:	8ecd                	or	a3,a3,a1
    3b2a:	44d2                	lw	s1,20(sp)
    3b2c:	4942                	lw	s2,16(sp)
    3b2e:	49b2                	lw	s3,12(sp)
    3b30:	8546                	mv	a0,a7
    3b32:	85b6                	mv	a1,a3
    3b34:	6105                	addi	sp,sp,32
    3b36:	8082                	ret
    3b38:	0a0e1e63          	bnez	t3,3bf4 <__adddf3+0x240>
    3b3c:	00148313          	addi	t1,s1,1
    3b40:	7fe37313          	andi	t1,t1,2046
    3b44:	22031763          	bnez	t1,3d72 <__adddf3+0x3be>
    3b48:	01e767b3          	or	a5,a4,t5
    3b4c:	01f868b3          	or	a7,a6,t6
    3b50:	1a049d63          	bnez	s1,3d0a <__adddf3+0x356>
    3b54:	40078763          	beqz	a5,3f62 <__adddf3+0x5ae>
    3b58:	44088663          	beqz	a7,3fa4 <__adddf3+0x5f0>
    3b5c:	41ff0933          	sub	s2,t5,t6
    3b60:	410707b3          	sub	a5,a4,a6
    3b64:	012f3633          	sltu	a2,t5,s2
    3b68:	40c78633          	sub	a2,a5,a2
    3b6c:	00861793          	slli	a5,a2,0x8
    3b70:	4c07d663          	bgez	a5,403c <__adddf3+0x688>
    3b74:	41ef8933          	sub	s2,t6,t5
    3b78:	40e807b3          	sub	a5,a6,a4
    3b7c:	012fb633          	sltu	a2,t6,s2
    3b80:	40c78633          	sub	a2,a5,a2
    3b84:	89f6                	mv	s3,t4
    3b86:	b791                	j	3aca <__adddf3+0x116>
    3b88:	0fc05063          	blez	t3,3c68 <__adddf3+0x2b4>
    3b8c:	0c030063          	beqz	t1,3c4c <__adddf3+0x298>
    3b90:	008006b7          	lui	a3,0x800
    3b94:	7ff00793          	li	a5,2047
    3b98:	00d86833          	or	a6,a6,a3
    3b9c:	3af48a63          	beq	s1,a5,3f50 <__adddf3+0x59c>
    3ba0:	03800793          	li	a5,56
    3ba4:	13c7cb63          	blt	a5,t3,3cda <__adddf3+0x326>
    3ba8:	47fd                	li	a5,31
    3baa:	35c7df63          	bge	a5,t3,3f08 <__adddf3+0x554>
    3bae:	fe0e0913          	addi	s2,t3,-32
    3bb2:	02000793          	li	a5,32
    3bb6:	012856b3          	srl	a3,a6,s2
    3bba:	00fe0a63          	beq	t3,a5,3bce <__adddf3+0x21a>
    3bbe:	04000913          	li	s2,64
    3bc2:	41c90933          	sub	s2,s2,t3
    3bc6:	01281933          	sll	s2,a6,s2
    3bca:	012fefb3          	or	t6,t6,s2
    3bce:	01f03933          	snez	s2,t6
    3bd2:	00d96933          	or	s2,s2,a3
    3bd6:	a231                	j	3ce2 <__adddf3+0x32e>
    3bd8:	01f867b3          	or	a5,a6,t6
    3bdc:	1c078a63          	beqz	a5,3db0 <__adddf3+0x3fc>
    3be0:	fffe0793          	addi	a5,t3,-1
    3be4:	38078c63          	beqz	a5,3f7c <__adddf3+0x5c8>
    3be8:	7ff00693          	li	a3,2047
    3bec:	1ade0963          	beq	t3,a3,3d9e <__adddf3+0x3ea>
    3bf0:	8e3e                	mv	t3,a5
    3bf2:	bd0d                	j	3a24 <__adddf3+0x70>
    3bf4:	409305b3          	sub	a1,t1,s1
    3bf8:	22049163          	bnez	s1,3e1a <__adddf3+0x466>
    3bfc:	01e767b3          	or	a5,a4,t5
    3c00:	32078763          	beqz	a5,3f2e <__adddf3+0x57a>
    3c04:	fff58793          	addi	a5,a1,-1 # 7fff <asc2_1206+0x2b3>
    3c08:	44078163          	beqz	a5,404a <__adddf3+0x696>
    3c0c:	7ff00693          	li	a3,2047
    3c10:	20d58c63          	beq	a1,a3,3e28 <__adddf3+0x474>
    3c14:	85be                	mv	a1,a5
    3c16:	03800793          	li	a5,56
    3c1a:	2ab7cc63          	blt	a5,a1,3ed2 <__adddf3+0x51e>
    3c1e:	47fd                	li	a5,31
    3c20:	3cb7cf63          	blt	a5,a1,3ffe <__adddf3+0x64a>
    3c24:	02000793          	li	a5,32
    3c28:	8f8d                	sub	a5,a5,a1
    3c2a:	00f71933          	sll	s2,a4,a5
    3c2e:	00bf56b3          	srl	a3,t5,a1
    3c32:	00ff17b3          	sll	a5,t5,a5
    3c36:	00d96933          	or	s2,s2,a3
    3c3a:	00f037b3          	snez	a5,a5
    3c3e:	00b75733          	srl	a4,a4,a1
    3c42:	00f96933          	or	s2,s2,a5
    3c46:	40e80833          	sub	a6,a6,a4
    3c4a:	ac41                	j	3eda <__adddf3+0x526>
    3c4c:	01f867b3          	or	a5,a6,t6
    3c50:	34078063          	beqz	a5,3f90 <__adddf3+0x5dc>
    3c54:	fffe0793          	addi	a5,t3,-1
    3c58:	20078a63          	beqz	a5,3e6c <__adddf3+0x4b8>
    3c5c:	7ff00693          	li	a3,2047
    3c60:	2ede0863          	beq	t3,a3,3f50 <__adddf3+0x59c>
    3c64:	8e3e                	mv	t3,a5
    3c66:	bf2d                	j	3ba0 <__adddf3+0x1ec>
    3c68:	140e1e63          	bnez	t3,3dc4 <__adddf3+0x410>
    3c6c:	00148693          	addi	a3,s1,1
    3c70:	7fe6f793          	andi	a5,a3,2046
    3c74:	34079163          	bnez	a5,3fb6 <__adddf3+0x602>
    3c78:	01e767b3          	or	a5,a4,t5
    3c7c:	2c049563          	bnez	s1,3f46 <__adddf3+0x592>
    3c80:	3e078063          	beqz	a5,4060 <__adddf3+0x6ac>
    3c84:	01f867b3          	or	a5,a6,t6
    3c88:	30078e63          	beqz	a5,3fa4 <__adddf3+0x5f0>
    3c8c:	01ff0933          	add	s2,t5,t6
    3c90:	010707b3          	add	a5,a4,a6
    3c94:	01e93f33          	sltu	t5,s2,t5
    3c98:	01e78633          	add	a2,a5,t5
    3c9c:	00861793          	slli	a5,a2,0x8
    3ca0:	0007d763          	bgez	a5,3cae <__adddf3+0x2fa>
    3ca4:	ff8007b7          	lui	a5,0xff800
    3ca8:	17fd                	addi	a5,a5,-1
    3caa:	8e7d                	and	a2,a2,a5
    3cac:	4485                	li	s1,1
    3cae:	00797793          	andi	a5,s2,7
    3cb2:	e0079fe3          	bnez	a5,3ad0 <__adddf3+0x11c>
    3cb6:	01d61793          	slli	a5,a2,0x1d
    3cba:	00395893          	srli	a7,s2,0x3
    3cbe:	00f8e8b3          	or	a7,a7,a5
    3cc2:	00365793          	srli	a5,a2,0x3
    3cc6:	7ff00713          	li	a4,2047
    3cca:	04e48d63          	beq	s1,a4,3d24 <__adddf3+0x370>
    3cce:	07b2                	slli	a5,a5,0xc
    3cd0:	83b1                	srli	a5,a5,0xc
    3cd2:	7ff4f513          	andi	a0,s1,2047
    3cd6:	85ce                	mv	a1,s3
    3cd8:	b581                	j	3b18 <__adddf3+0x164>
    3cda:	01f86933          	or	s2,a6,t6
    3cde:	01203933          	snez	s2,s2
    3ce2:	997a                	add	s2,s2,t5
    3ce4:	01e937b3          	sltu	a5,s2,t5
    3ce8:	00e78633          	add	a2,a5,a4
    3cec:	00861793          	slli	a5,a2,0x8
    3cf0:	fa07dfe3          	bgez	a5,3cae <__adddf3+0x2fa>
    3cf4:	0485                	addi	s1,s1,1
    3cf6:	7ff00793          	li	a5,2047
    3cfa:	18f49663          	bne	s1,a5,3e86 <__adddf3+0x4d2>
    3cfe:	85ce                	mv	a1,s3
    3d00:	7ff00513          	li	a0,2047
    3d04:	4781                	li	a5,0
    3d06:	4881                	li	a7,0
    3d08:	bd01                	j	3b18 <__adddf3+0x164>
    3d0a:	ebc1                	bnez	a5,3d9a <__adddf3+0x3e6>
    3d0c:	3a088463          	beqz	a7,40b4 <__adddf3+0x700>
    3d10:	00361693          	slli	a3,a2,0x3
    3d14:	01d81793          	slli	a5,a6,0x1d
    3d18:	828d                	srli	a3,a3,0x3
    3d1a:	00d7e8b3          	or	a7,a5,a3
    3d1e:	89f6                	mv	s3,t4
    3d20:	00385793          	srli	a5,a6,0x3
    3d24:	00f8e7b3          	or	a5,a7,a5
    3d28:	dbf9                	beqz	a5,3cfe <__adddf3+0x34a>
    3d2a:	4581                	li	a1,0
    3d2c:	7ff00513          	li	a0,2047
    3d30:	000807b7          	lui	a5,0x80
    3d34:	4881                	li	a7,0
    3d36:	b3cd                	j	3b18 <__adddf3+0x164>
    3d38:	ff800637          	lui	a2,0xff800
    3d3c:	167d                	addi	a2,a2,-1
    3d3e:	8e7d                	and	a2,a2,a5
    3d40:	00797793          	andi	a5,s2,7
    3d44:	8c99                	sub	s1,s1,a4
    3d46:	d80795e3          	bnez	a5,3ad0 <__adddf3+0x11c>
    3d4a:	b7b5                	j	3cb6 <__adddf3+0x302>
    3d4c:	854a                	mv	a0,s2
    3d4e:	288020ef          	jal	ra,5fd6 <__clzsi2>
    3d52:	01850713          	addi	a4,a0,24
    3d56:	47fd                	li	a5,31
    3d58:	d2e7d5e3          	bge	a5,a4,3a82 <__adddf3+0xce>
    3d5c:	ff850613          	addi	a2,a0,-8
    3d60:	00c917b3          	sll	a5,s2,a2
    3d64:	4901                	li	s2,0
    3d66:	bb05                	j	3a96 <__adddf3+0xe2>
    3d68:	01f86933          	or	s2,a6,t6
    3d6c:	01203933          	snez	s2,s2
    3d70:	b1dd                	j	3a56 <__adddf3+0xa2>
    3d72:	41ff0933          	sub	s2,t5,t6
    3d76:	41070633          	sub	a2,a4,a6
    3d7a:	012f3433          	sltu	s0,t5,s2
    3d7e:	40860433          	sub	s0,a2,s0
    3d82:	00841793          	slli	a5,s0,0x8
    3d86:	2407cd63          	bltz	a5,3fe0 <__adddf3+0x62c>
    3d8a:	008968b3          	or	a7,s2,s0
    3d8e:	ce0893e3          	bnez	a7,3a74 <__adddf3+0xc0>
    3d92:	4781                	li	a5,0
    3d94:	4981                	li	s3,0
    3d96:	4481                	li	s1,0
    3d98:	bf1d                	j	3cce <__adddf3+0x31a>
    3d9a:	f80898e3          	bnez	a7,3d2a <__adddf3+0x376>
    3d9e:	050e                	slli	a0,a0,0x3
    3da0:	01d71793          	slli	a5,a4,0x1d
    3da4:	810d                	srli	a0,a0,0x3
    3da6:	00a7e8b3          	or	a7,a5,a0
    3daa:	00375793          	srli	a5,a4,0x3
    3dae:	bf9d                	j	3d24 <__adddf3+0x370>
    3db0:	050e                	slli	a0,a0,0x3
    3db2:	01d71793          	slli	a5,a4,0x1d
    3db6:	810d                	srli	a0,a0,0x3
    3db8:	00a7e8b3          	or	a7,a5,a0
    3dbc:	84f2                	mv	s1,t3
    3dbe:	00375793          	srli	a5,a4,0x3
    3dc2:	b711                	j	3cc6 <__adddf3+0x312>
    3dc4:	40930533          	sub	a0,t1,s1
    3dc8:	12048263          	beqz	s1,3eec <__adddf3+0x538>
    3dcc:	008006b7          	lui	a3,0x800
    3dd0:	7ff00793          	li	a5,2047
    3dd4:	8f55                	or	a4,a4,a3
    3dd6:	2ef30d63          	beq	t1,a5,40d0 <__adddf3+0x71c>
    3dda:	03800793          	li	a5,56
    3dde:	20a7cb63          	blt	a5,a0,3ff4 <__adddf3+0x640>
    3de2:	47fd                	li	a5,31
    3de4:	2aa7c363          	blt	a5,a0,408a <__adddf3+0x6d6>
    3de8:	02000793          	li	a5,32
    3dec:	8f89                	sub	a5,a5,a0
    3dee:	00f71933          	sll	s2,a4,a5
    3df2:	00af56b3          	srl	a3,t5,a0
    3df6:	00ff17b3          	sll	a5,t5,a5
    3dfa:	00d96933          	or	s2,s2,a3
    3dfe:	00f037b3          	snez	a5,a5
    3e02:	00a75733          	srl	a4,a4,a0
    3e06:	00f96933          	or	s2,s2,a5
    3e0a:	983a                	add	a6,a6,a4
    3e0c:	997e                	add	s2,s2,t6
    3e0e:	01f937b3          	sltu	a5,s2,t6
    3e12:	01078633          	add	a2,a5,a6
    3e16:	849a                	mv	s1,t1
    3e18:	bdd1                	j	3cec <__adddf3+0x338>
    3e1a:	008006b7          	lui	a3,0x800
    3e1e:	7ff00793          	li	a5,2047
    3e22:	8f55                	or	a4,a4,a3
    3e24:	def319e3          	bne	t1,a5,3c16 <__adddf3+0x262>
    3e28:	00361793          	slli	a5,a2,0x3
    3e2c:	838d                	srli	a5,a5,0x3
    3e2e:	01d81893          	slli	a7,a6,0x1d
    3e32:	0117e8b3          	or	a7,a5,a7
    3e36:	89f6                	mv	s3,t4
    3e38:	00385793          	srli	a5,a6,0x3
    3e3c:	b5e5                	j	3d24 <__adddf3+0x370>
    3e3e:	fe150713          	addi	a4,a0,-31
    3e42:	02000693          	li	a3,32
    3e46:	00e7d733          	srl	a4,a5,a4
    3e4a:	00d60a63          	beq	a2,a3,3e5e <__adddf3+0x4aa>
    3e4e:	04000693          	li	a3,64
    3e52:	40c68633          	sub	a2,a3,a2
    3e56:	00c79633          	sll	a2,a5,a2
    3e5a:	00c96933          	or	s2,s2,a2
    3e5e:	01203933          	snez	s2,s2
    3e62:	00e96933          	or	s2,s2,a4
    3e66:	4601                	li	a2,0
    3e68:	4481                	li	s1,0
    3e6a:	b591                	j	3cae <__adddf3+0x2fa>
    3e6c:	01ff0933          	add	s2,t5,t6
    3e70:	010707b3          	add	a5,a4,a6
    3e74:	01e93633          	sltu	a2,s2,t5
    3e78:	963e                	add	a2,a2,a5
    3e7a:	00861793          	slli	a5,a2,0x8
    3e7e:	4485                	li	s1,1
    3e80:	e207d7e3          	bgez	a5,3cae <__adddf3+0x2fa>
    3e84:	4489                	li	s1,2
    3e86:	ff8007b7          	lui	a5,0xff800
    3e8a:	17fd                	addi	a5,a5,-1
    3e8c:	8ff1                	and	a5,a5,a2
    3e8e:	00195713          	srli	a4,s2,0x1
    3e92:	00197913          	andi	s2,s2,1
    3e96:	01276933          	or	s2,a4,s2
    3e9a:	01f79893          	slli	a7,a5,0x1f
    3e9e:	0128e933          	or	s2,a7,s2
    3ea2:	0017d613          	srli	a2,a5,0x1
    3ea6:	b115                	j	3aca <__adddf3+0x116>
    3ea8:	fe0e0913          	addi	s2,t3,-32
    3eac:	02000793          	li	a5,32
    3eb0:	012856b3          	srl	a3,a6,s2
    3eb4:	00fe0a63          	beq	t3,a5,3ec8 <__adddf3+0x514>
    3eb8:	04000913          	li	s2,64
    3ebc:	41c90933          	sub	s2,s2,t3
    3ec0:	01281933          	sll	s2,a6,s2
    3ec4:	012fefb3          	or	t6,t6,s2
    3ec8:	01f03933          	snez	s2,t6
    3ecc:	00d96933          	or	s2,s2,a3
    3ed0:	b659                	j	3a56 <__adddf3+0xa2>
    3ed2:	01e76933          	or	s2,a4,t5
    3ed6:	01203933          	snez	s2,s2
    3eda:	412f8933          	sub	s2,t6,s2
    3ede:	012fb7b3          	sltu	a5,t6,s2
    3ee2:	40f80633          	sub	a2,a6,a5
    3ee6:	849a                	mv	s1,t1
    3ee8:	89f6                	mv	s3,t4
    3eea:	bea5                	j	3a62 <__adddf3+0xae>
    3eec:	01e767b3          	or	a5,a4,t5
    3ef0:	18078263          	beqz	a5,4074 <__adddf3+0x6c0>
    3ef4:	fff50793          	addi	a5,a0,-1
    3ef8:	1c078463          	beqz	a5,40c0 <__adddf3+0x70c>
    3efc:	7ff00693          	li	a3,2047
    3f00:	12d50463          	beq	a0,a3,4028 <__adddf3+0x674>
    3f04:	853e                	mv	a0,a5
    3f06:	bdd1                	j	3dda <__adddf3+0x426>
    3f08:	02000793          	li	a5,32
    3f0c:	41c787b3          	sub	a5,a5,t3
    3f10:	00f816b3          	sll	a3,a6,a5
    3f14:	00ff9933          	sll	s2,t6,a5
    3f18:	01cfd633          	srl	a2,t6,t3
    3f1c:	8ed1                	or	a3,a3,a2
    3f1e:	01203933          	snez	s2,s2
    3f22:	01c857b3          	srl	a5,a6,t3
    3f26:	0126e933          	or	s2,a3,s2
    3f2a:	973e                	add	a4,a4,a5
    3f2c:	bb5d                	j	3ce2 <__adddf3+0x32e>
    3f2e:	00361793          	slli	a5,a2,0x3
    3f32:	838d                	srli	a5,a5,0x3
    3f34:	01d81893          	slli	a7,a6,0x1d
    3f38:	0117e8b3          	or	a7,a5,a7
    3f3c:	84ae                	mv	s1,a1
    3f3e:	00385793          	srli	a5,a6,0x3
    3f42:	89f6                	mv	s3,t4
    3f44:	b349                	j	3cc6 <__adddf3+0x312>
    3f46:	c3ed                	beqz	a5,4028 <__adddf3+0x674>
    3f48:	01f86933          	or	s2,a6,t6
    3f4c:	dc091fe3          	bnez	s2,3d2a <__adddf3+0x376>
    3f50:	050e                	slli	a0,a0,0x3
    3f52:	01d71793          	slli	a5,a4,0x1d
    3f56:	810d                	srli	a0,a0,0x3
    3f58:	00f568b3          	or	a7,a0,a5
    3f5c:	00375793          	srli	a5,a4,0x3
    3f60:	b3d1                	j	3d24 <__adddf3+0x370>
    3f62:	0e088163          	beqz	a7,4044 <__adddf3+0x690>
    3f66:	00361693          	slli	a3,a2,0x3
    3f6a:	01d81793          	slli	a5,a6,0x1d
    3f6e:	828d                	srli	a3,a3,0x3
    3f70:	00d7e8b3          	or	a7,a5,a3
    3f74:	89f6                	mv	s3,t4
    3f76:	00385793          	srli	a5,a6,0x3
    3f7a:	bb91                	j	3cce <__adddf3+0x31a>
    3f7c:	41ff0933          	sub	s2,t5,t6
    3f80:	410707b3          	sub	a5,a4,a6
    3f84:	012f3f33          	sltu	t5,t5,s2
    3f88:	41e78633          	sub	a2,a5,t5
    3f8c:	4485                	li	s1,1
    3f8e:	bcd1                	j	3a62 <__adddf3+0xae>
    3f90:	050e                	slli	a0,a0,0x3
    3f92:	01d71793          	slli	a5,a4,0x1d
    3f96:	810d                	srli	a0,a0,0x3
    3f98:	00f568b3          	or	a7,a0,a5
    3f9c:	84f2                	mv	s1,t3
    3f9e:	00375793          	srli	a5,a4,0x3
    3fa2:	b315                	j	3cc6 <__adddf3+0x312>
    3fa4:	050e                	slli	a0,a0,0x3
    3fa6:	01d71793          	slli	a5,a4,0x1d
    3faa:	810d                	srli	a0,a0,0x3
    3fac:	00a7e8b3          	or	a7,a5,a0
    3fb0:	00375793          	srli	a5,a4,0x3
    3fb4:	bb29                	j	3cce <__adddf3+0x31a>
    3fb6:	7ff00793          	li	a5,2047
    3fba:	d4f682e3          	beq	a3,a5,3cfe <__adddf3+0x34a>
    3fbe:	01ff0933          	add	s2,t5,t6
    3fc2:	01e93633          	sltu	a2,s2,t5
    3fc6:	010707b3          	add	a5,a4,a6
    3fca:	97b2                	add	a5,a5,a2
    3fcc:	01f79893          	slli	a7,a5,0x1f
    3fd0:	00195913          	srli	s2,s2,0x1
    3fd4:	0128e933          	or	s2,a7,s2
    3fd8:	0017d613          	srli	a2,a5,0x1
    3fdc:	84b6                	mv	s1,a3
    3fde:	b9c1                	j	3cae <__adddf3+0x2fa>
    3fe0:	41ef8933          	sub	s2,t6,t5
    3fe4:	40e80733          	sub	a4,a6,a4
    3fe8:	012fb633          	sltu	a2,t6,s2
    3fec:	40c70433          	sub	s0,a4,a2
    3ff0:	89f6                	mv	s3,t4
    3ff2:	b449                	j	3a74 <__adddf3+0xc0>
    3ff4:	01e76933          	or	s2,a4,t5
    3ff8:	01203933          	snez	s2,s2
    3ffc:	bd01                	j	3e0c <__adddf3+0x458>
    3ffe:	fe058793          	addi	a5,a1,-32
    4002:	02000693          	li	a3,32
    4006:	00f757b3          	srl	a5,a4,a5
    400a:	00d58a63          	beq	a1,a3,401e <__adddf3+0x66a>
    400e:	04000693          	li	a3,64
    4012:	40b685b3          	sub	a1,a3,a1
    4016:	00b71733          	sll	a4,a4,a1
    401a:	00ef6f33          	or	t5,t5,a4
    401e:	01e03933          	snez	s2,t5
    4022:	00f96933          	or	s2,s2,a5
    4026:	bd55                	j	3eda <__adddf3+0x526>
    4028:	00361793          	slli	a5,a2,0x3
    402c:	838d                	srli	a5,a5,0x3
    402e:	01d81893          	slli	a7,a6,0x1d
    4032:	0117e8b3          	or	a7,a5,a7
    4036:	00385793          	srli	a5,a6,0x3
    403a:	b1ed                	j	3d24 <__adddf3+0x370>
    403c:	00c968b3          	or	a7,s2,a2
    4040:	c60897e3          	bnez	a7,3cae <__adddf3+0x2fa>
    4044:	4781                	li	a5,0
    4046:	4981                	li	s3,0
    4048:	b159                	j	3cce <__adddf3+0x31a>
    404a:	41ef8933          	sub	s2,t6,t5
    404e:	40e807b3          	sub	a5,a6,a4
    4052:	012fb633          	sltu	a2,t6,s2
    4056:	40c78633          	sub	a2,a5,a2
    405a:	89f6                	mv	s3,t4
    405c:	4485                	li	s1,1
    405e:	b411                	j	3a62 <__adddf3+0xae>
    4060:	00361693          	slli	a3,a2,0x3
    4064:	01d81793          	slli	a5,a6,0x1d
    4068:	828d                	srli	a3,a3,0x3
    406a:	00d7e8b3          	or	a7,a5,a3
    406e:	00385793          	srli	a5,a6,0x3
    4072:	b9b1                	j	3cce <__adddf3+0x31a>
    4074:	00361693          	slli	a3,a2,0x3
    4078:	01d81793          	slli	a5,a6,0x1d
    407c:	828d                	srli	a3,a3,0x3
    407e:	00d7e8b3          	or	a7,a5,a3
    4082:	84aa                	mv	s1,a0
    4084:	00385793          	srli	a5,a6,0x3
    4088:	b93d                	j	3cc6 <__adddf3+0x312>
    408a:	fe050793          	addi	a5,a0,-32
    408e:	02000693          	li	a3,32
    4092:	00f757b3          	srl	a5,a4,a5
    4096:	00d50a63          	beq	a0,a3,40aa <__adddf3+0x6f6>
    409a:	04000693          	li	a3,64
    409e:	40a68533          	sub	a0,a3,a0
    40a2:	00a71733          	sll	a4,a4,a0
    40a6:	00ef6f33          	or	t5,t5,a4
    40aa:	01e03933          	snez	s2,t5
    40ae:	00f96933          	or	s2,s2,a5
    40b2:	bba9                	j	3e0c <__adddf3+0x458>
    40b4:	4581                	li	a1,0
    40b6:	7ff00513          	li	a0,2047
    40ba:	000807b7          	lui	a5,0x80
    40be:	bca9                	j	3b18 <__adddf3+0x164>
    40c0:	01ff0933          	add	s2,t5,t6
    40c4:	010707b3          	add	a5,a4,a6
    40c8:	01f93633          	sltu	a2,s2,t6
    40cc:	963e                	add	a2,a2,a5
    40ce:	b375                	j	3e7a <__adddf3+0x4c6>
    40d0:	00361693          	slli	a3,a2,0x3
    40d4:	01d81793          	slli	a5,a6,0x1d
    40d8:	828d                	srli	a3,a3,0x3
    40da:	00d7e8b3          	or	a7,a5,a3
    40de:	00385793          	srli	a5,a6,0x3
    40e2:	b189                	j	3d24 <__adddf3+0x370>

000040e4 <__divdf3>:
    40e4:	7139                	addi	sp,sp,-64
    40e6:	0145d793          	srli	a5,a1,0x14
    40ea:	dc22                	sw	s0,56(sp)
    40ec:	d84a                	sw	s2,48(sp)
    40ee:	d256                	sw	s5,36(sp)
    40f0:	892a                	mv	s2,a0
    40f2:	00c59413          	slli	s0,a1,0xc
    40f6:	de06                	sw	ra,60(sp)
    40f8:	da26                	sw	s1,52(sp)
    40fa:	d64e                	sw	s3,44(sp)
    40fc:	d452                	sw	s4,40(sp)
    40fe:	d05a                	sw	s6,32(sp)
    4100:	ce5e                	sw	s7,28(sp)
    4102:	7ff7f513          	andi	a0,a5,2047
    4106:	8031                	srli	s0,s0,0xc
    4108:	01f5da93          	srli	s5,a1,0x1f
    410c:	10050b63          	beqz	a0,4222 <__divdf3+0x13e>
    4110:	7ff00793          	li	a5,2047
    4114:	14f50b63          	beq	a0,a5,426a <__divdf3+0x186>
    4118:	01d95a13          	srli	s4,s2,0x1d
    411c:	040e                	slli	s0,s0,0x3
    411e:	008a6433          	or	s0,s4,s0
    4122:	00800a37          	lui	s4,0x800
    4126:	01446a33          	or	s4,s0,s4
    412a:	00391b13          	slli	s6,s2,0x3
    412e:	c0150493          	addi	s1,a0,-1023
    4132:	4401                	li	s0,0
    4134:	4b81                	li	s7,0
    4136:	0146d813          	srli	a6,a3,0x14
    413a:	00c69913          	slli	s2,a3,0xc
    413e:	7ff87813          	andi	a6,a6,2047
    4142:	88b2                	mv	a7,a2
    4144:	00c95913          	srli	s2,s2,0xc
    4148:	01f6d993          	srli	s3,a3,0x1f
    414c:	08080e63          	beqz	a6,41e8 <__divdf3+0x104>
    4150:	7ff00793          	li	a5,2047
    4154:	04f80063          	beq	a6,a5,4194 <__divdf3+0xb0>
    4158:	01d65713          	srli	a4,a2,0x1d
    415c:	090e                	slli	s2,s2,0x3
    415e:	01276933          	or	s2,a4,s2
    4162:	c0180813          	addi	a6,a6,-1023 # ffc01 <_data_lma+0xf5d1d>
    4166:	008007b7          	lui	a5,0x800
    416a:	00f96733          	or	a4,s2,a5
    416e:	00361893          	slli	a7,a2,0x3
    4172:	410484b3          	sub	s1,s1,a6
    4176:	4581                	li	a1,0
    4178:	47bd                	li	a5,15
    417a:	013ac833          	xor	a6,s5,s3
    417e:	1a87e463          	bltu	a5,s0,4326 <__divdf3+0x242>
    4182:	00006797          	auipc	a5,0x6
    4186:	a8678793          	addi	a5,a5,-1402 # 9c08 <ln2LO+0x10>
    418a:	040a                	slli	s0,s0,0x2
    418c:	943e                	add	s0,s0,a5
    418e:	4010                	lw	a2,0(s0)
    4190:	963e                	add	a2,a2,a5
    4192:	8602                	jr	a2
    4194:	00c96733          	or	a4,s2,a2
    4198:	80148493          	addi	s1,s1,-2047
    419c:	10071263          	bnez	a4,42a0 <__divdf3+0x1bc>
    41a0:	00246413          	ori	s0,s0,2
    41a4:	4881                	li	a7,0
    41a6:	4589                	li	a1,2
    41a8:	bfc1                	j	4178 <__divdf3+0x94>
    41aa:	7ff00613          	li	a2,2047
    41ae:	4781                	li	a5,0
    41b0:	4701                	li	a4,0
    41b2:	07b2                	slli	a5,a5,0xc
    41b4:	50f2                	lw	ra,60(sp)
    41b6:	5462                	lw	s0,56(sp)
    41b8:	0652                	slli	a2,a2,0x14
    41ba:	83b1                	srli	a5,a5,0xc
    41bc:	087e                	slli	a6,a6,0x1f
    41be:	8fd1                	or	a5,a5,a2
    41c0:	0107e7b3          	or	a5,a5,a6
    41c4:	54d2                	lw	s1,52(sp)
    41c6:	5942                	lw	s2,48(sp)
    41c8:	59b2                	lw	s3,44(sp)
    41ca:	5a22                	lw	s4,40(sp)
    41cc:	5a92                	lw	s5,36(sp)
    41ce:	5b02                	lw	s6,32(sp)
    41d0:	4bf2                	lw	s7,28(sp)
    41d2:	853a                	mv	a0,a4
    41d4:	85be                	mv	a1,a5
    41d6:	6121                	addi	sp,sp,64
    41d8:	8082                	ret
    41da:	4801                	li	a6,0
    41dc:	7ff00613          	li	a2,2047
    41e0:	000807b7          	lui	a5,0x80
    41e4:	4701                	li	a4,0
    41e6:	b7f1                	j	41b2 <__divdf3+0xce>
    41e8:	00c96733          	or	a4,s2,a2
    41ec:	c74d                	beqz	a4,4296 <__divdf3+0x1b2>
    41ee:	30090863          	beqz	s2,44fe <__divdf3+0x41a>
    41f2:	854a                	mv	a0,s2
    41f4:	c432                	sw	a2,8(sp)
    41f6:	5e1010ef          	jal	ra,5fd6 <__clzsi2>
    41fa:	4622                	lw	a2,8(sp)
    41fc:	ff550713          	addi	a4,a0,-11
    4200:	47f5                	li	a5,29
    4202:	ff850693          	addi	a3,a0,-8
    4206:	8f99                	sub	a5,a5,a4
    4208:	00d91933          	sll	s2,s2,a3
    420c:	00f657b3          	srl	a5,a2,a5
    4210:	0127e733          	or	a4,a5,s2
    4214:	00d618b3          	sll	a7,a2,a3
    4218:	9526                	add	a0,a0,s1
    421a:	3f350493          	addi	s1,a0,1011
    421e:	4581                	li	a1,0
    4220:	bfa1                	j	4178 <__divdf3+0x94>
    4222:	01246a33          	or	s4,s0,s2
    4226:	060a0363          	beqz	s4,428c <__divdf3+0x1a8>
    422a:	c636                	sw	a3,12(sp)
    422c:	c432                	sw	a2,8(sp)
    422e:	2a040663          	beqz	s0,44da <__divdf3+0x3f6>
    4232:	8522                	mv	a0,s0
    4234:	5a3010ef          	jal	ra,5fd6 <__clzsi2>
    4238:	4622                	lw	a2,8(sp)
    423a:	46b2                	lw	a3,12(sp)
    423c:	84aa                	mv	s1,a0
    423e:	ff550713          	addi	a4,a0,-11
    4242:	4a75                	li	s4,29
    4244:	ff848b13          	addi	s6,s1,-8
    4248:	40ea0a33          	sub	s4,s4,a4
    424c:	01641433          	sll	s0,s0,s6
    4250:	01495a33          	srl	s4,s2,s4
    4254:	008a6a33          	or	s4,s4,s0
    4258:	01691b33          	sll	s6,s2,s6
    425c:	c0d00513          	li	a0,-1011
    4260:	409504b3          	sub	s1,a0,s1
    4264:	4401                	li	s0,0
    4266:	4b81                	li	s7,0
    4268:	b5f9                	j	4136 <__divdf3+0x52>
    426a:	01246a33          	or	s4,s0,s2
    426e:	000a1863          	bnez	s4,427e <__divdf3+0x19a>
    4272:	4421                	li	s0,8
    4274:	4b01                	li	s6,0
    4276:	7ff00493          	li	s1,2047
    427a:	4b89                	li	s7,2
    427c:	bd6d                	j	4136 <__divdf3+0x52>
    427e:	8a22                	mv	s4,s0
    4280:	8b4a                	mv	s6,s2
    4282:	4431                	li	s0,12
    4284:	7ff00493          	li	s1,2047
    4288:	4b8d                	li	s7,3
    428a:	b575                	j	4136 <__divdf3+0x52>
    428c:	4411                	li	s0,4
    428e:	4b01                	li	s6,0
    4290:	4481                	li	s1,0
    4292:	4b85                	li	s7,1
    4294:	b54d                	j	4136 <__divdf3+0x52>
    4296:	00146413          	ori	s0,s0,1
    429a:	4881                	li	a7,0
    429c:	4585                	li	a1,1
    429e:	bde9                	j	4178 <__divdf3+0x94>
    42a0:	00346413          	ori	s0,s0,3
    42a4:	874a                	mv	a4,s2
    42a6:	458d                	li	a1,3
    42a8:	bdc1                	j	4178 <__divdf3+0x94>
    42aa:	2e050a63          	beqz	a0,459e <__divdf3+0x4ba>
    42ae:	4785                	li	a5,1
    42b0:	8f89                	sub	a5,a5,a0
    42b2:	03800693          	li	a3,56
    42b6:	32f6dd63          	bge	a3,a5,45f0 <__divdf3+0x50c>
    42ba:	4601                	li	a2,0
    42bc:	4781                	li	a5,0
    42be:	4701                	li	a4,0
    42c0:	bdcd                	j	41b2 <__divdf3+0xce>
    42c2:	86ce                	mv	a3,s3
    42c4:	4789                	li	a5,2
    42c6:	3af58d63          	beq	a1,a5,4680 <__divdf3+0x59c>
    42ca:	478d                	li	a5,3
    42cc:	f0f587e3          	beq	a1,a5,41da <__divdf3+0xf6>
    42d0:	4785                	li	a5,1
    42d2:	8836                	mv	a6,a3
    42d4:	fef583e3          	beq	a1,a5,42ba <__divdf3+0x1d6>
    42d8:	3ff48513          	addi	a0,s1,1023
    42dc:	fca057e3          	blez	a0,42aa <__divdf3+0x1c6>
    42e0:	0078f793          	andi	a5,a7,7
    42e4:	28079663          	bnez	a5,4570 <__divdf3+0x48c>
    42e8:	0038d693          	srli	a3,a7,0x3
    42ec:	00771793          	slli	a5,a4,0x7
    42f0:	0007d863          	bgez	a5,4300 <__divdf3+0x21c>
    42f4:	ff0007b7          	lui	a5,0xff000
    42f8:	17fd                	addi	a5,a5,-1
    42fa:	8f7d                	and	a4,a4,a5
    42fc:	40048513          	addi	a0,s1,1024
    4300:	7fe00793          	li	a5,2046
    4304:	eaa7c3e3          	blt	a5,a0,41aa <__divdf3+0xc6>
    4308:	01d71613          	slli	a2,a4,0x1d
    430c:	00971793          	slli	a5,a4,0x9
    4310:	83b1                	srli	a5,a5,0xc
    4312:	00d66733          	or	a4,a2,a3
    4316:	7ff57613          	andi	a2,a0,2047
    431a:	bd61                	j	41b2 <__divdf3+0xce>
    431c:	86d6                	mv	a3,s5
    431e:	8752                	mv	a4,s4
    4320:	88da                	mv	a7,s6
    4322:	85de                	mv	a1,s7
    4324:	b745                	j	42c4 <__divdf3+0x1e0>
    4326:	23476163          	bltu	a4,s4,4548 <__divdf3+0x464>
    432a:	20ea0d63          	beq	s4,a4,4544 <__divdf3+0x460>
    432e:	86da                	mv	a3,s6
    4330:	14fd                	addi	s1,s1,-1
    4332:	8452                	mv	s0,s4
    4334:	4b01                	li	s6,0
    4336:	00871793          	slli	a5,a4,0x8
    433a:	0188d313          	srli	t1,a7,0x18
    433e:	00f36333          	or	t1,t1,a5
    4342:	01035e93          	srli	t4,t1,0x10
    4346:	03d457b3          	divu	a5,s0,t4
    434a:	01031f13          	slli	t5,t1,0x10
    434e:	010f5f13          	srli	t5,t5,0x10
    4352:	0106d593          	srli	a1,a3,0x10
    4356:	00889e13          	slli	t3,a7,0x8
    435a:	03d47433          	remu	s0,s0,t4
    435e:	02ff0733          	mul	a4,t5,a5
    4362:	0442                	slli	s0,s0,0x10
    4364:	8dc1                	or	a1,a1,s0
    4366:	00e5fb63          	bgeu	a1,a4,437c <__divdf3+0x298>
    436a:	959a                	add	a1,a1,t1
    436c:	fff78613          	addi	a2,a5,-1 # feffffff <_eusrstack+0xdeff7fff>
    4370:	2665ee63          	bltu	a1,t1,45ec <__divdf3+0x508>
    4374:	26e5fc63          	bgeu	a1,a4,45ec <__divdf3+0x508>
    4378:	17f9                	addi	a5,a5,-2
    437a:	959a                	add	a1,a1,t1
    437c:	8d99                	sub	a1,a1,a4
    437e:	03d5d733          	divu	a4,a1,t4
    4382:	06c2                	slli	a3,a3,0x10
    4384:	82c1                	srli	a3,a3,0x10
    4386:	03d5f5b3          	remu	a1,a1,t4
    438a:	02ef0633          	mul	a2,t5,a4
    438e:	05c2                	slli	a1,a1,0x10
    4390:	8dd5                	or	a1,a1,a3
    4392:	00c5fb63          	bgeu	a1,a2,43a8 <__divdf3+0x2c4>
    4396:	959a                	add	a1,a1,t1
    4398:	fff70693          	addi	a3,a4,-1 # 7fffff <_data_lma+0x7f611b>
    439c:	2465e663          	bltu	a1,t1,45e8 <__divdf3+0x504>
    43a0:	24c5f463          	bgeu	a1,a2,45e8 <__divdf3+0x504>
    43a4:	1779                	addi	a4,a4,-2
    43a6:	959a                	add	a1,a1,t1
    43a8:	07c2                	slli	a5,a5,0x10
    43aa:	6441                	lui	s0,0x10
    43ac:	8f5d                	or	a4,a4,a5
    43ae:	fff40793          	addi	a5,s0,-1 # ffff <_data_lma+0x611b>
    43b2:	00f77533          	and	a0,a4,a5
    43b6:	01075893          	srli	a7,a4,0x10
    43ba:	010e5f93          	srli	t6,t3,0x10
    43be:	00fe77b3          	and	a5,t3,a5
    43c2:	02f502b3          	mul	t0,a0,a5
    43c6:	40c586b3          	sub	a3,a1,a2
    43ca:	02f883b3          	mul	t2,a7,a5
    43ce:	0102d593          	srli	a1,t0,0x10
    43d2:	02af8633          	mul	a2,t6,a0
    43d6:	961e                	add	a2,a2,t2
    43d8:	962e                	add	a2,a2,a1
    43da:	03f88533          	mul	a0,a7,t6
    43de:	00767363          	bgeu	a2,t2,43e4 <__divdf3+0x300>
    43e2:	9522                	add	a0,a0,s0
    43e4:	68c1                	lui	a7,0x10
    43e6:	18fd                	addi	a7,a7,-1
    43e8:	01065593          	srli	a1,a2,0x10
    43ec:	01167633          	and	a2,a2,a7
    43f0:	0642                	slli	a2,a2,0x10
    43f2:	0112f8b3          	and	a7,t0,a7
    43f6:	95aa                	add	a1,a1,a0
    43f8:	9646                	add	a2,a2,a7
    43fa:	12b6e663          	bltu	a3,a1,4526 <__divdf3+0x442>
    43fe:	12b68263          	beq	a3,a1,4522 <__divdf3+0x43e>
    4402:	40cb0633          	sub	a2,s6,a2
    4406:	8e8d                	sub	a3,a3,a1
    4408:	00cb3b33          	sltu	s6,s6,a2
    440c:	41668b33          	sub	s6,a3,s6
    4410:	3ff48513          	addi	a0,s1,1023
    4414:	17630c63          	beq	t1,s6,458c <__divdf3+0x4a8>
    4418:	03db58b3          	divu	a7,s6,t4
    441c:	01065593          	srli	a1,a2,0x10
    4420:	03db7b33          	remu	s6,s6,t4
    4424:	031f06b3          	mul	a3,t5,a7
    4428:	0b42                	slli	s6,s6,0x10
    442a:	0165eb33          	or	s6,a1,s6
    442e:	00db7b63          	bgeu	s6,a3,4444 <__divdf3+0x360>
    4432:	9b1a                	add	s6,s6,t1
    4434:	fff88593          	addi	a1,a7,-1 # ffff <_data_lma+0x611b>
    4438:	206b6d63          	bltu	s6,t1,4652 <__divdf3+0x56e>
    443c:	20db7b63          	bgeu	s6,a3,4652 <__divdf3+0x56e>
    4440:	18f9                	addi	a7,a7,-2
    4442:	9b1a                	add	s6,s6,t1
    4444:	40db0b33          	sub	s6,s6,a3
    4448:	03db56b3          	divu	a3,s6,t4
    444c:	0642                	slli	a2,a2,0x10
    444e:	8241                	srli	a2,a2,0x10
    4450:	03db7b33          	remu	s6,s6,t4
    4454:	02df0f33          	mul	t5,t5,a3
    4458:	0b42                	slli	s6,s6,0x10
    445a:	01666633          	or	a2,a2,s6
    445e:	01e67b63          	bgeu	a2,t5,4474 <__divdf3+0x390>
    4462:	961a                	add	a2,a2,t1
    4464:	fff68593          	addi	a1,a3,-1 # 7fffff <_data_lma+0x7f611b>
    4468:	1e666763          	bltu	a2,t1,4656 <__divdf3+0x572>
    446c:	1fe67563          	bgeu	a2,t5,4656 <__divdf3+0x572>
    4470:	16f9                	addi	a3,a3,-2
    4472:	961a                	add	a2,a2,t1
    4474:	08c2                	slli	a7,a7,0x10
    4476:	00d8e8b3          	or	a7,a7,a3
    447a:	01089593          	slli	a1,a7,0x10
    447e:	0108d293          	srli	t0,a7,0x10
    4482:	81c1                	srli	a1,a1,0x10
    4484:	02f58eb3          	mul	t4,a1,a5
    4488:	41e60633          	sub	a2,a2,t5
    448c:	02bf85b3          	mul	a1,t6,a1
    4490:	010ed693          	srli	a3,t4,0x10
    4494:	02f287b3          	mul	a5,t0,a5
    4498:	95be                	add	a1,a1,a5
    449a:	96ae                	add	a3,a3,a1
    449c:	025f8fb3          	mul	t6,t6,t0
    44a0:	00f6f463          	bgeu	a3,a5,44a8 <__divdf3+0x3c4>
    44a4:	67c1                	lui	a5,0x10
    44a6:	9fbe                	add	t6,t6,a5
    44a8:	65c1                	lui	a1,0x10
    44aa:	15fd                	addi	a1,a1,-1
    44ac:	0106d793          	srli	a5,a3,0x10
    44b0:	8eed                	and	a3,a3,a1
    44b2:	06c2                	slli	a3,a3,0x10
    44b4:	00befeb3          	and	t4,t4,a1
    44b8:	9fbe                	add	t6,t6,a5
    44ba:	96f6                	add	a3,a3,t4
    44bc:	09f67f63          	bgeu	a2,t6,455a <__divdf3+0x476>
    44c0:	961a                	add	a2,a2,t1
    44c2:	fff88793          	addi	a5,a7,-1
    44c6:	1a666963          	bltu	a2,t1,4678 <__divdf3+0x594>
    44ca:	19f66863          	bltu	a2,t6,465a <__divdf3+0x576>
    44ce:	1bf60f63          	beq	a2,t6,468c <__divdf3+0x5a8>
    44d2:	88be                	mv	a7,a5
    44d4:	0018e893          	ori	a7,a7,1
    44d8:	b511                	j	42dc <__divdf3+0x1f8>
    44da:	854a                	mv	a0,s2
    44dc:	2fb010ef          	jal	ra,5fd6 <__clzsi2>
    44e0:	01550713          	addi	a4,a0,21
    44e4:	45f1                	li	a1,28
    44e6:	02050493          	addi	s1,a0,32
    44ea:	4622                	lw	a2,8(sp)
    44ec:	46b2                	lw	a3,12(sp)
    44ee:	d4e5dae3          	bge	a1,a4,4242 <__divdf3+0x15e>
    44f2:	ff850413          	addi	s0,a0,-8
    44f6:	00891a33          	sll	s4,s2,s0
    44fa:	4b01                	li	s6,0
    44fc:	b385                	j	425c <__divdf3+0x178>
    44fe:	8532                	mv	a0,a2
    4500:	c432                	sw	a2,8(sp)
    4502:	2d5010ef          	jal	ra,5fd6 <__clzsi2>
    4506:	01550713          	addi	a4,a0,21
    450a:	46f1                	li	a3,28
    450c:	87aa                	mv	a5,a0
    450e:	4622                	lw	a2,8(sp)
    4510:	02050513          	addi	a0,a0,32
    4514:	cee6d6e3          	bge	a3,a4,4200 <__divdf3+0x11c>
    4518:	17e1                	addi	a5,a5,-8
    451a:	00f61733          	sll	a4,a2,a5
    451e:	4881                	li	a7,0
    4520:	b9e5                	j	4218 <__divdf3+0x134>
    4522:	eecb70e3          	bgeu	s6,a2,4402 <__divdf3+0x31e>
    4526:	9b72                	add	s6,s6,t3
    4528:	01cb3533          	sltu	a0,s6,t3
    452c:	951a                	add	a0,a0,t1
    452e:	96aa                	add	a3,a3,a0
    4530:	fff70513          	addi	a0,a4,-1
    4534:	02d37863          	bgeu	t1,a3,4564 <__divdf3+0x480>
    4538:	10b6e663          	bltu	a3,a1,4644 <__divdf3+0x560>
    453c:	10d58263          	beq	a1,a3,4640 <__divdf3+0x55c>
    4540:	872a                	mv	a4,a0
    4542:	b5c1                	j	4402 <__divdf3+0x31e>
    4544:	df1b65e3          	bltu	s6,a7,432e <__divdf3+0x24a>
    4548:	001b5593          	srli	a1,s6,0x1
    454c:	01fa1693          	slli	a3,s4,0x1f
    4550:	001a5413          	srli	s0,s4,0x1
    4554:	8ecd                	or	a3,a3,a1
    4556:	0b7e                	slli	s6,s6,0x1f
    4558:	bbf9                	j	4336 <__divdf3+0x252>
    455a:	f7f61de3          	bne	a2,t6,44d4 <__divdf3+0x3f0>
    455e:	d6068fe3          	beqz	a3,42dc <__divdf3+0x1f8>
    4562:	bfb9                	j	44c0 <__divdf3+0x3dc>
    4564:	fcd31ee3          	bne	t1,a3,4540 <__divdf3+0x45c>
    4568:	fdcb78e3          	bgeu	s6,t3,4538 <__divdf3+0x454>
    456c:	872a                	mv	a4,a0
    456e:	bd51                	j	4402 <__divdf3+0x31e>
    4570:	00f8f793          	andi	a5,a7,15
    4574:	4691                	li	a3,4
    4576:	d6d789e3          	beq	a5,a3,42e8 <__divdf3+0x204>
    457a:	ffc8b793          	sltiu	a5,a7,-4
    457e:	00488693          	addi	a3,a7,4
    4582:	0017c793          	xori	a5,a5,1
    4586:	828d                	srli	a3,a3,0x3
    4588:	973e                	add	a4,a4,a5
    458a:	b38d                	j	42ec <__divdf3+0x208>
    458c:	4681                	li	a3,0
    458e:	4785                	li	a5,1
    4590:	fea04ce3          	bgtz	a0,4588 <__divdf3+0x4a4>
    4594:	58fd                	li	a7,-1
    4596:	d0051ce3          	bnez	a0,42ae <__divdf3+0x1ca>
    459a:	c0100493          	li	s1,-1023
    459e:	4785                	li	a5,1
    45a0:	41e48513          	addi	a0,s1,1054
    45a4:	00a716b3          	sll	a3,a4,a0
    45a8:	00f8d633          	srl	a2,a7,a5
    45ac:	00a89533          	sll	a0,a7,a0
    45b0:	8ed1                	or	a3,a3,a2
    45b2:	00a03533          	snez	a0,a0
    45b6:	8ec9                	or	a3,a3,a0
    45b8:	0076f613          	andi	a2,a3,7
    45bc:	00f75733          	srl	a4,a4,a5
    45c0:	ce01                	beqz	a2,45d8 <__divdf3+0x4f4>
    45c2:	00f6f793          	andi	a5,a3,15
    45c6:	4611                	li	a2,4
    45c8:	00c78863          	beq	a5,a2,45d8 <__divdf3+0x4f4>
    45cc:	00468793          	addi	a5,a3,4
    45d0:	00d7b6b3          	sltu	a3,a5,a3
    45d4:	9736                	add	a4,a4,a3
    45d6:	86be                	mv	a3,a5
    45d8:	00871793          	slli	a5,a4,0x8
    45dc:	0407d863          	bgez	a5,462c <__divdf3+0x548>
    45e0:	4605                	li	a2,1
    45e2:	4781                	li	a5,0
    45e4:	4701                	li	a4,0
    45e6:	b6f1                	j	41b2 <__divdf3+0xce>
    45e8:	8736                	mv	a4,a3
    45ea:	bb7d                	j	43a8 <__divdf3+0x2c4>
    45ec:	87b2                	mv	a5,a2
    45ee:	b379                	j	437c <__divdf3+0x298>
    45f0:	46fd                	li	a3,31
    45f2:	faf6d7e3          	bge	a3,a5,45a0 <__divdf3+0x4bc>
    45f6:	5605                	li	a2,-31
    45f8:	8e09                	sub	a2,a2,a0
    45fa:	02000693          	li	a3,32
    45fe:	00c75633          	srl	a2,a4,a2
    4602:	00d78863          	beq	a5,a3,4612 <__divdf3+0x52e>
    4606:	43e48793          	addi	a5,s1,1086
    460a:	00f717b3          	sll	a5,a4,a5
    460e:	00f8e8b3          	or	a7,a7,a5
    4612:	011036b3          	snez	a3,a7
    4616:	8ed1                	or	a3,a3,a2
    4618:	0076f613          	andi	a2,a3,7
    461c:	4781                	li	a5,0
    461e:	ce01                	beqz	a2,4636 <__divdf3+0x552>
    4620:	00f6f793          	andi	a5,a3,15
    4624:	4611                	li	a2,4
    4626:	4701                	li	a4,0
    4628:	fac792e3          	bne	a5,a2,45cc <__divdf3+0x4e8>
    462c:	00971793          	slli	a5,a4,0x9
    4630:	01d71613          	slli	a2,a4,0x1d
    4634:	83b1                	srli	a5,a5,0xc
    4636:	0036d713          	srli	a4,a3,0x3
    463a:	8f51                	or	a4,a4,a2
    463c:	4601                	li	a2,0
    463e:	be95                	j	41b2 <__divdf3+0xce>
    4640:	f0cb70e3          	bgeu	s6,a2,4540 <__divdf3+0x45c>
    4644:	9b72                	add	s6,s6,t3
    4646:	01cb3533          	sltu	a0,s6,t3
    464a:	951a                	add	a0,a0,t1
    464c:	1779                	addi	a4,a4,-2
    464e:	96aa                	add	a3,a3,a0
    4650:	bb4d                	j	4402 <__divdf3+0x31e>
    4652:	88ae                	mv	a7,a1
    4654:	bbc5                	j	4444 <__divdf3+0x360>
    4656:	86ae                	mv	a3,a1
    4658:	bd31                	j	4474 <__divdf3+0x390>
    465a:	001e1793          	slli	a5,t3,0x1
    465e:	01c7be33          	sltu	t3,a5,t3
    4662:	9372                	add	t1,t1,t3
    4664:	961a                	add	a2,a2,t1
    4666:	18f9                	addi	a7,a7,-2
    4668:	8e3e                	mv	t3,a5
    466a:	e7f615e3          	bne	a2,t6,44d4 <__divdf3+0x3f0>
    466e:	c6de07e3          	beq	t3,a3,42dc <__divdf3+0x1f8>
    4672:	0018e893          	ori	a7,a7,1
    4676:	b19d                	j	42dc <__divdf3+0x1f8>
    4678:	88be                	mv	a7,a5
    467a:	fff60ae3          	beq	a2,t6,466e <__divdf3+0x58a>
    467e:	bd99                	j	44d4 <__divdf3+0x3f0>
    4680:	8836                	mv	a6,a3
    4682:	7ff00613          	li	a2,2047
    4686:	4781                	li	a5,0
    4688:	4701                	li	a4,0
    468a:	b625                	j	41b2 <__divdf3+0xce>
    468c:	fcde67e3          	bltu	t3,a3,465a <__divdf3+0x576>
    4690:	88be                	mv	a7,a5
    4692:	fede10e3          	bne	t3,a3,4672 <__divdf3+0x58e>
    4696:	b199                	j	42dc <__divdf3+0x1f8>

00004698 <__gedf2>:
    4698:	0145d713          	srli	a4,a1,0x14
    469c:	001007b7          	lui	a5,0x100
    46a0:	17fd                	addi	a5,a5,-1
    46a2:	0146d813          	srli	a6,a3,0x14
    46a6:	7ff77713          	andi	a4,a4,2047
    46aa:	7ff00893          	li	a7,2047
    46ae:	00b7f333          	and	t1,a5,a1
    46b2:	8e2a                	mv	t3,a0
    46b4:	8ff5                	and	a5,a5,a3
    46b6:	81fd                	srli	a1,a1,0x1f
    46b8:	8eb2                	mv	t4,a2
    46ba:	7ff87813          	andi	a6,a6,2047
    46be:	82fd                	srli	a3,a3,0x1f
    46c0:	03170863          	beq	a4,a7,46f0 <__gedf2+0x58>
    46c4:	03180063          	beq	a6,a7,46e4 <__gedf2+0x4c>
    46c8:	eb0d                	bnez	a4,46fa <__gedf2+0x62>
    46ca:	00a368b3          	or	a7,t1,a0
    46ce:	00081463          	bnez	a6,46d6 <__gedf2+0x3e>
    46d2:	8e5d                	or	a2,a2,a5
    46d4:	ca29                	beqz	a2,4726 <__gedf2+0x8e>
    46d6:	04088563          	beqz	a7,4720 <__gedf2+0x88>
    46da:	02d58863          	beq	a1,a3,470a <__gedf2+0x72>
    46de:	4505                	li	a0,1
    46e0:	ed95                	bnez	a1,471c <__gedf2+0x84>
    46e2:	8082                	ret
    46e4:	00c7e8b3          	or	a7,a5,a2
    46e8:	fe0880e3          	beqz	a7,46c8 <__gedf2+0x30>
    46ec:	5579                	li	a0,-2
    46ee:	8082                	ret
    46f0:	00a36533          	or	a0,t1,a0
    46f4:	fd65                	bnez	a0,46ec <__gedf2+0x54>
    46f6:	02e80c63          	beq	a6,a4,472e <__gedf2+0x96>
    46fa:	00081463          	bnez	a6,4702 <__gedf2+0x6a>
    46fe:	8e5d                	or	a2,a2,a5
    4700:	de79                	beqz	a2,46de <__gedf2+0x46>
    4702:	fcd59ee3          	bne	a1,a3,46de <__gedf2+0x46>
    4706:	fce84ce3          	blt	a6,a4,46de <__gedf2+0x46>
    470a:	01074863          	blt	a4,a6,471a <__gedf2+0x82>
    470e:	fc67e8e3          	bltu	a5,t1,46de <__gedf2+0x46>
    4712:	02f30363          	beq	t1,a5,4738 <__gedf2+0xa0>
    4716:	00f37f63          	bgeu	t1,a5,4734 <__gedf2+0x9c>
    471a:	e581                	bnez	a1,4722 <__gedf2+0x8a>
    471c:	557d                	li	a0,-1
    471e:	8082                	ret
    4720:	def5                	beqz	a3,471c <__gedf2+0x84>
    4722:	4505                	li	a0,1
    4724:	8082                	ret
    4726:	4501                	li	a0,0
    4728:	fa089be3          	bnez	a7,46de <__gedf2+0x46>
    472c:	8082                	ret
    472e:	8e5d                	or	a2,a2,a5
    4730:	da69                	beqz	a2,4702 <__gedf2+0x6a>
    4732:	bf6d                	j	46ec <__gedf2+0x54>
    4734:	4501                	li	a0,0
    4736:	8082                	ret
    4738:	fbcee3e3          	bltu	t4,t3,46de <__gedf2+0x46>
    473c:	4501                	li	a0,0
    473e:	fbde72e3          	bgeu	t3,t4,46e2 <__gedf2+0x4a>
    4742:	f1e5                	bnez	a1,4722 <__gedf2+0x8a>
    4744:	bfe1                	j	471c <__gedf2+0x84>

00004746 <__ledf2>:
    4746:	0145d713          	srli	a4,a1,0x14
    474a:	001007b7          	lui	a5,0x100
    474e:	17fd                	addi	a5,a5,-1
    4750:	0146d813          	srli	a6,a3,0x14
    4754:	7ff77713          	andi	a4,a4,2047
    4758:	7ff00893          	li	a7,2047
    475c:	00b7fe33          	and	t3,a5,a1
    4760:	8eaa                	mv	t4,a0
    4762:	8ff5                	and	a5,a5,a3
    4764:	81fd                	srli	a1,a1,0x1f
    4766:	8f32                	mv	t5,a2
    4768:	7ff87813          	andi	a6,a6,2047
    476c:	82fd                	srli	a3,a3,0x1f
    476e:	03170e63          	beq	a4,a7,47aa <__ledf2+0x64>
    4772:	01180d63          	beq	a6,a7,478c <__ledf2+0x46>
    4776:	e329                	bnez	a4,47b8 <__ledf2+0x72>
    4778:	00ae68b3          	or	a7,t3,a0
    477c:	00081f63          	bnez	a6,479a <__ledf2+0x54>
    4780:	8e5d                	or	a2,a2,a5
    4782:	ee01                	bnez	a2,479a <__ledf2+0x54>
    4784:	4301                	li	t1,0
    4786:	04088c63          	beqz	a7,47de <__ledf2+0x98>
    478a:	a821                	j	47a2 <__ledf2+0x5c>
    478c:	00c7e8b3          	or	a7,a5,a2
    4790:	4309                	li	t1,2
    4792:	04089663          	bnez	a7,47de <__ledf2+0x98>
    4796:	d36d                	beqz	a4,4778 <__ledf2+0x32>
    4798:	a005                	j	47b8 <__ledf2+0x72>
    479a:	04088463          	beqz	a7,47e2 <__ledf2+0x9c>
    479e:	02d58563          	beq	a1,a3,47c8 <__ledf2+0x82>
    47a2:	4305                	li	t1,1
    47a4:	cd8d                	beqz	a1,47de <__ledf2+0x98>
    47a6:	537d                	li	t1,-1
    47a8:	a81d                	j	47de <__ledf2+0x98>
    47aa:	00ae68b3          	or	a7,t3,a0
    47ae:	4309                	li	t1,2
    47b0:	02089763          	bnez	a7,47de <__ledf2+0x98>
    47b4:	02e80a63          	beq	a6,a4,47e8 <__ledf2+0xa2>
    47b8:	00081463          	bnez	a6,47c0 <__ledf2+0x7a>
    47bc:	8e5d                	or	a2,a2,a5
    47be:	d275                	beqz	a2,47a2 <__ledf2+0x5c>
    47c0:	fed591e3          	bne	a1,a3,47a2 <__ledf2+0x5c>
    47c4:	fce84fe3          	blt	a6,a4,47a2 <__ledf2+0x5c>
    47c8:	01074963          	blt	a4,a6,47da <__ledf2+0x94>
    47cc:	fdc7ebe3          	bltu	a5,t3,47a2 <__ledf2+0x5c>
    47d0:	00fe0f63          	beq	t3,a5,47ee <__ledf2+0xa8>
    47d4:	4301                	li	t1,0
    47d6:	00fe7463          	bgeu	t3,a5,47de <__ledf2+0x98>
    47da:	d5f1                	beqz	a1,47a6 <__ledf2+0x60>
    47dc:	4305                	li	t1,1
    47de:	851a                	mv	a0,t1
    47e0:	8082                	ret
    47e2:	feed                	bnez	a3,47dc <__ledf2+0x96>
    47e4:	537d                	li	t1,-1
    47e6:	bfe5                	j	47de <__ledf2+0x98>
    47e8:	8e5d                	or	a2,a2,a5
    47ea:	da79                	beqz	a2,47c0 <__ledf2+0x7a>
    47ec:	bfcd                	j	47de <__ledf2+0x98>
    47ee:	fbdf6ae3          	bltu	t5,t4,47a2 <__ledf2+0x5c>
    47f2:	4301                	li	t1,0
    47f4:	ffeef5e3          	bgeu	t4,t5,47de <__ledf2+0x98>
    47f8:	f1f5                	bnez	a1,47dc <__ledf2+0x96>
    47fa:	b775                	j	47a6 <__ledf2+0x60>

000047fc <__muldf3>:
    47fc:	7139                	addi	sp,sp,-64
    47fe:	d84a                	sw	s2,48(sp)
    4800:	0145d913          	srli	s2,a1,0x14
    4804:	d64e                	sw	s3,44(sp)
    4806:	d452                	sw	s4,40(sp)
    4808:	d256                	sw	s5,36(sp)
    480a:	00c59993          	slli	s3,a1,0xc
    480e:	de06                	sw	ra,60(sp)
    4810:	dc22                	sw	s0,56(sp)
    4812:	da26                	sw	s1,52(sp)
    4814:	d05a                	sw	s6,32(sp)
    4816:	ce5e                	sw	s7,28(sp)
    4818:	7ff97913          	andi	s2,s2,2047
    481c:	8a2a                	mv	s4,a0
    481e:	00c9d993          	srli	s3,s3,0xc
    4822:	01f5da93          	srli	s5,a1,0x1f
    4826:	0e090d63          	beqz	s2,4920 <__muldf3+0x124>
    482a:	7ff00793          	li	a5,2047
    482e:	18f90663          	beq	s2,a5,49ba <__muldf3+0x1be>
    4832:	01d55413          	srli	s0,a0,0x1d
    4836:	098e                	slli	s3,s3,0x3
    4838:	013469b3          	or	s3,s0,s3
    483c:	00800437          	lui	s0,0x800
    4840:	0089e433          	or	s0,s3,s0
    4844:	00351493          	slli	s1,a0,0x3
    4848:	c0190913          	addi	s2,s2,-1023
    484c:	4981                	li	s3,0
    484e:	4b81                	li	s7,0
    4850:	0146d713          	srli	a4,a3,0x14
    4854:	00c69a13          	slli	s4,a3,0xc
    4858:	7ff77713          	andi	a4,a4,2047
    485c:	85b2                	mv	a1,a2
    485e:	00ca5a13          	srli	s4,s4,0xc
    4862:	01f6db13          	srli	s6,a3,0x1f
    4866:	10070b63          	beqz	a4,497c <__muldf3+0x180>
    486a:	7ff00793          	li	a5,2047
    486e:	04f70363          	beq	a4,a5,48b4 <__muldf3+0xb8>
    4872:	01d65793          	srli	a5,a2,0x1d
    4876:	0a0e                	slli	s4,s4,0x3
    4878:	0147ea33          	or	s4,a5,s4
    487c:	c0170713          	addi	a4,a4,-1023
    4880:	008007b7          	lui	a5,0x800
    4884:	00fa67b3          	or	a5,s4,a5
    4888:	00361593          	slli	a1,a2,0x3
    488c:	993a                	add	s2,s2,a4
    488e:	4881                	li	a7,0
    4890:	016ac733          	xor	a4,s5,s6
    4894:	46bd                	li	a3,15
    4896:	853a                	mv	a0,a4
    4898:	00190813          	addi	a6,s2,1
    489c:	1736e863          	bltu	a3,s3,4a0c <__muldf3+0x210>
    48a0:	00005617          	auipc	a2,0x5
    48a4:	3a860613          	addi	a2,a2,936 # 9c48 <ln2LO+0x50>
    48a8:	098a                	slli	s3,s3,0x2
    48aa:	99b2                	add	s3,s3,a2
    48ac:	0009a683          	lw	a3,0(s3)
    48b0:	96b2                	add	a3,a3,a2
    48b2:	8682                	jr	a3
    48b4:	00ca67b3          	or	a5,s4,a2
    48b8:	7ff90913          	addi	s2,s2,2047
    48bc:	12079963          	bnez	a5,49ee <__muldf3+0x1f2>
    48c0:	0029e993          	ori	s3,s3,2
    48c4:	4581                	li	a1,0
    48c6:	4889                	li	a7,2
    48c8:	b7e1                	j	4890 <__muldf3+0x94>
    48ca:	4701                	li	a4,0
    48cc:	7ff00793          	li	a5,2047
    48d0:	00080437          	lui	s0,0x80
    48d4:	4481                	li	s1,0
    48d6:	0432                	slli	s0,s0,0xc
    48d8:	07d2                	slli	a5,a5,0x14
    48da:	8031                	srli	s0,s0,0xc
    48dc:	077e                	slli	a4,a4,0x1f
    48de:	8c5d                	or	s0,s0,a5
    48e0:	8c59                	or	s0,s0,a4
    48e2:	85a2                	mv	a1,s0
    48e4:	50f2                	lw	ra,60(sp)
    48e6:	5462                	lw	s0,56(sp)
    48e8:	8526                	mv	a0,s1
    48ea:	5942                	lw	s2,48(sp)
    48ec:	54d2                	lw	s1,52(sp)
    48ee:	59b2                	lw	s3,44(sp)
    48f0:	5a22                	lw	s4,40(sp)
    48f2:	5a92                	lw	s5,36(sp)
    48f4:	5b02                	lw	s6,32(sp)
    48f6:	4bf2                	lw	s7,28(sp)
    48f8:	6121                	addi	sp,sp,64
    48fa:	8082                	ret
    48fc:	855a                	mv	a0,s6
    48fe:	843e                	mv	s0,a5
    4900:	84ae                	mv	s1,a1
    4902:	8bc6                	mv	s7,a7
    4904:	4789                	li	a5,2
    4906:	0efb8d63          	beq	s7,a5,4a00 <__muldf3+0x204>
    490a:	478d                	li	a5,3
    490c:	fafb8fe3          	beq	s7,a5,48ca <__muldf3+0xce>
    4910:	4785                	li	a5,1
    4912:	872a                	mv	a4,a0
    4914:	38fb9e63          	bne	s7,a5,4cb0 <__muldf3+0x4b4>
    4918:	4781                	li	a5,0
    491a:	4401                	li	s0,0
    491c:	4481                	li	s1,0
    491e:	bf65                	j	48d6 <__muldf3+0xda>
    4920:	00a9e433          	or	s0,s3,a0
    4924:	c061                	beqz	s0,49e4 <__muldf3+0x1e8>
    4926:	c636                	sw	a3,12(sp)
    4928:	c432                	sw	a2,8(sp)
    492a:	2a098c63          	beqz	s3,4be2 <__muldf3+0x3e6>
    492e:	854e                	mv	a0,s3
    4930:	6a6010ef          	jal	ra,5fd6 <__clzsi2>
    4934:	4622                	lw	a2,8(sp)
    4936:	46b2                	lw	a3,12(sp)
    4938:	87aa                	mv	a5,a0
    493a:	ff550713          	addi	a4,a0,-11
    493e:	4475                	li	s0,29
    4940:	ff878493          	addi	s1,a5,-8 # 7ffff8 <_data_lma+0x7f6114>
    4944:	8c19                	sub	s0,s0,a4
    4946:	009999b3          	sll	s3,s3,s1
    494a:	008a5433          	srl	s0,s4,s0
    494e:	01346433          	or	s0,s0,s3
    4952:	009a14b3          	sll	s1,s4,s1
    4956:	0146d713          	srli	a4,a3,0x14
    495a:	c0d00913          	li	s2,-1011
    495e:	00c69a13          	slli	s4,a3,0xc
    4962:	7ff77713          	andi	a4,a4,2047
    4966:	40f90933          	sub	s2,s2,a5
    496a:	4981                	li	s3,0
    496c:	4b81                	li	s7,0
    496e:	85b2                	mv	a1,a2
    4970:	00ca5a13          	srli	s4,s4,0xc
    4974:	01f6db13          	srli	s6,a3,0x1f
    4978:	ee0719e3          	bnez	a4,486a <__muldf3+0x6e>
    497c:	00ca67b3          	or	a5,s4,a2
    4980:	c7b1                	beqz	a5,49cc <__muldf3+0x1d0>
    4982:	220a0f63          	beqz	s4,4bc0 <__muldf3+0x3c4>
    4986:	8552                	mv	a0,s4
    4988:	c432                	sw	a2,8(sp)
    498a:	64c010ef          	jal	ra,5fd6 <__clzsi2>
    498e:	4622                	lw	a2,8(sp)
    4990:	872a                	mv	a4,a0
    4992:	ff550693          	addi	a3,a0,-11
    4996:	47f5                	li	a5,29
    4998:	ff870593          	addi	a1,a4,-8
    499c:	8f95                	sub	a5,a5,a3
    499e:	00ba1a33          	sll	s4,s4,a1
    49a2:	00f657b3          	srl	a5,a2,a5
    49a6:	0147e7b3          	or	a5,a5,s4
    49aa:	00b615b3          	sll	a1,a2,a1
    49ae:	40e90933          	sub	s2,s2,a4
    49b2:	c0d90913          	addi	s2,s2,-1011
    49b6:	4881                	li	a7,0
    49b8:	bde1                	j	4890 <__muldf3+0x94>
    49ba:	00a9e433          	or	s0,s3,a0
    49be:	ec01                	bnez	s0,49d6 <__muldf3+0x1da>
    49c0:	49a1                	li	s3,8
    49c2:	4481                	li	s1,0
    49c4:	7ff00913          	li	s2,2047
    49c8:	4b89                	li	s7,2
    49ca:	b559                	j	4850 <__muldf3+0x54>
    49cc:	0019e993          	ori	s3,s3,1
    49d0:	4581                	li	a1,0
    49d2:	4885                	li	a7,1
    49d4:	bd75                	j	4890 <__muldf3+0x94>
    49d6:	844e                	mv	s0,s3
    49d8:	84aa                	mv	s1,a0
    49da:	49b1                	li	s3,12
    49dc:	7ff00913          	li	s2,2047
    49e0:	4b8d                	li	s7,3
    49e2:	b5bd                	j	4850 <__muldf3+0x54>
    49e4:	4991                	li	s3,4
    49e6:	4481                	li	s1,0
    49e8:	4901                	li	s2,0
    49ea:	4b85                	li	s7,1
    49ec:	b595                	j	4850 <__muldf3+0x54>
    49ee:	0039e993          	ori	s3,s3,3
    49f2:	87d2                	mv	a5,s4
    49f4:	488d                	li	a7,3
    49f6:	bd69                	j	4890 <__muldf3+0x94>
    49f8:	4789                	li	a5,2
    49fa:	8556                	mv	a0,s5
    49fc:	f0fb97e3          	bne	s7,a5,490a <__muldf3+0x10e>
    4a00:	872a                	mv	a4,a0
    4a02:	7ff00793          	li	a5,2047
    4a06:	4401                	li	s0,0
    4a08:	4481                	li	s1,0
    4a0a:	b5f1                	j	48d6 <__muldf3+0xda>
    4a0c:	6ec1                	lui	t4,0x10
    4a0e:	fffe8613          	addi	a2,t4,-1 # ffff <_data_lma+0x611b>
    4a12:	0104d693          	srli	a3,s1,0x10
    4a16:	0105de13          	srli	t3,a1,0x10
    4a1a:	8cf1                	and	s1,s1,a2
    4a1c:	8df1                	and	a1,a1,a2
    4a1e:	02958633          	mul	a2,a1,s1
    4a22:	02b68333          	mul	t1,a3,a1
    4a26:	01065893          	srli	a7,a2,0x10
    4a2a:	029e0533          	mul	a0,t3,s1
    4a2e:	951a                	add	a0,a0,t1
    4a30:	98aa                	add	a7,a7,a0
    4a32:	03c682b3          	mul	t0,a3,t3
    4a36:	0068f363          	bgeu	a7,t1,4a3c <__muldf3+0x240>
    4a3a:	92f6                	add	t0,t0,t4
    4a3c:	6fc1                	lui	t6,0x10
    4a3e:	ffff8313          	addi	t1,t6,-1 # ffff <_data_lma+0x611b>
    4a42:	0067f533          	and	a0,a5,t1
    4a46:	0107d393          	srli	t2,a5,0x10
    4a4a:	0068f7b3          	and	a5,a7,t1
    4a4e:	07c2                	slli	a5,a5,0x10
    4a50:	00667333          	and	t1,a2,t1
    4a54:	933e                	add	t1,t1,a5
    4a56:	02950633          	mul	a2,a0,s1
    4a5a:	0108d893          	srli	a7,a7,0x10
    4a5e:	02a687b3          	mul	a5,a3,a0
    4a62:	01065f13          	srli	t5,a2,0x10
    4a66:	029384b3          	mul	s1,t2,s1
    4a6a:	94be                	add	s1,s1,a5
    4a6c:	94fa                	add	s1,s1,t5
    4a6e:	02768eb3          	mul	t4,a3,t2
    4a72:	00f4f363          	bgeu	s1,a5,4a78 <__muldf3+0x27c>
    4a76:	9efe                	add	t4,t4,t6
    4a78:	6a41                	lui	s4,0x10
    4a7a:	fffa0793          	addi	a5,s4,-1 # ffff <_data_lma+0x611b>
    4a7e:	01045f93          	srli	t6,s0,0x10
    4a82:	00f476b3          	and	a3,s0,a5
    4a86:	00f4f9b3          	and	s3,s1,a5
    4a8a:	8e7d                	and	a2,a2,a5
    4a8c:	80c1                	srli	s1,s1,0x10
    4a8e:	02d58433          	mul	s0,a1,a3
    4a92:	09c2                	slli	s3,s3,0x10
    4a94:	01d48f33          	add	t5,s1,t4
    4a98:	99b2                	add	s3,s3,a2
    4a9a:	98ce                	add	a7,a7,s3
    4a9c:	02de07b3          	mul	a5,t3,a3
    4aa0:	01045e93          	srli	t4,s0,0x10
    4aa4:	02bf85b3          	mul	a1,t6,a1
    4aa8:	97ae                	add	a5,a5,a1
    4aaa:	9ebe                	add	t4,t4,a5
    4aac:	03fe0e33          	mul	t3,t3,t6
    4ab0:	00bef363          	bgeu	t4,a1,4ab6 <__muldf3+0x2ba>
    4ab4:	9e52                	add	t3,t3,s4
    4ab6:	67c1                	lui	a5,0x10
    4ab8:	fff78593          	addi	a1,a5,-1 # ffff <_data_lma+0x611b>
    4abc:	00bef633          	and	a2,t4,a1
    4ac0:	8c6d                	and	s0,s0,a1
    4ac2:	0642                	slli	a2,a2,0x10
    4ac4:	9622                	add	a2,a2,s0
    4ac6:	010ede93          	srli	t4,t4,0x10
    4aca:	02d505b3          	mul	a1,a0,a3
    4ace:	9e76                	add	t3,t3,t4
    4ad0:	02af8533          	mul	a0,t6,a0
    4ad4:	0105d413          	srli	s0,a1,0x10
    4ad8:	02d386b3          	mul	a3,t2,a3
    4adc:	96aa                	add	a3,a3,a0
    4ade:	96a2                	add	a3,a3,s0
    4ae0:	03f38fb3          	mul	t6,t2,t6
    4ae4:	00a6f363          	bgeu	a3,a0,4aea <__muldf3+0x2ee>
    4ae8:	9fbe                	add	t6,t6,a5
    4aea:	6541                	lui	a0,0x10
    4aec:	157d                	addi	a0,a0,-1
    4aee:	00a6f7b3          	and	a5,a3,a0
    4af2:	07c2                	slli	a5,a5,0x10
    4af4:	8d6d                	and	a0,a0,a1
    4af6:	97aa                	add	a5,a5,a0
    4af8:	005885b3          	add	a1,a7,t0
    4afc:	0135b9b3          	sltu	s3,a1,s3
    4b00:	97fa                	add	a5,a5,t5
    4b02:	95b2                	add	a1,a1,a2
    4b04:	01378433          	add	s0,a5,s3
    4b08:	00c5b633          	sltu	a2,a1,a2
    4b0c:	01c40eb3          	add	t4,s0,t3
    4b10:	00ce8533          	add	a0,t4,a2
    4b14:	01343433          	sltu	s0,s0,s3
    4b18:	01e7b7b3          	sltu	a5,a5,t5
    4b1c:	8fc1                	or	a5,a5,s0
    4b1e:	01cebe33          	sltu	t3,t4,t3
    4b22:	0106d413          	srli	s0,a3,0x10
    4b26:	00c53633          	sltu	a2,a0,a2
    4b2a:	943e                	add	s0,s0,a5
    4b2c:	00ce6633          	or	a2,t3,a2
    4b30:	00959493          	slli	s1,a1,0x9
    4b34:	9432                	add	s0,s0,a2
    4b36:	947e                	add	s0,s0,t6
    4b38:	0064e4b3          	or	s1,s1,t1
    4b3c:	0426                	slli	s0,s0,0x9
    4b3e:	01755693          	srli	a3,a0,0x17
    4b42:	009034b3          	snez	s1,s1
    4b46:	81dd                	srli	a1,a1,0x17
    4b48:	00951793          	slli	a5,a0,0x9
    4b4c:	8ccd                	or	s1,s1,a1
    4b4e:	8c55                	or	s0,s0,a3
    4b50:	8cdd                	or	s1,s1,a5
    4b52:	00741793          	slli	a5,s0,0x7
    4b56:	0007db63          	bgez	a5,4b6c <__muldf3+0x370>
    4b5a:	0014d793          	srli	a5,s1,0x1
    4b5e:	8885                	andi	s1,s1,1
    4b60:	01f41693          	slli	a3,s0,0x1f
    4b64:	8cdd                	or	s1,s1,a5
    4b66:	8cd5                	or	s1,s1,a3
    4b68:	8005                	srli	s0,s0,0x1
    4b6a:	8942                	mv	s2,a6
    4b6c:	3ff90793          	addi	a5,s2,1023
    4b70:	08f05963          	blez	a5,4c02 <__muldf3+0x406>
    4b74:	0074f693          	andi	a3,s1,7
    4b78:	ce81                	beqz	a3,4b90 <__muldf3+0x394>
    4b7a:	00f4f693          	andi	a3,s1,15
    4b7e:	4611                	li	a2,4
    4b80:	00c68863          	beq	a3,a2,4b90 <__muldf3+0x394>
    4b84:	00448693          	addi	a3,s1,4
    4b88:	0096b4b3          	sltu	s1,a3,s1
    4b8c:	9426                	add	s0,s0,s1
    4b8e:	84b6                	mv	s1,a3
    4b90:	00741693          	slli	a3,s0,0x7
    4b94:	0006d863          	bgez	a3,4ba4 <__muldf3+0x3a8>
    4b98:	ff0007b7          	lui	a5,0xff000
    4b9c:	17fd                	addi	a5,a5,-1
    4b9e:	8c7d                	and	s0,s0,a5
    4ba0:	40090793          	addi	a5,s2,1024
    4ba4:	7fe00693          	li	a3,2046
    4ba8:	0ef6cf63          	blt	a3,a5,4ca6 <__muldf3+0x4aa>
    4bac:	0034d693          	srli	a3,s1,0x3
    4bb0:	01d41493          	slli	s1,s0,0x1d
    4bb4:	0426                	slli	s0,s0,0x9
    4bb6:	8cd5                	or	s1,s1,a3
    4bb8:	8031                	srli	s0,s0,0xc
    4bba:	7ff7f793          	andi	a5,a5,2047
    4bbe:	bb21                	j	48d6 <__muldf3+0xda>
    4bc0:	8532                	mv	a0,a2
    4bc2:	c432                	sw	a2,8(sp)
    4bc4:	412010ef          	jal	ra,5fd6 <__clzsi2>
    4bc8:	01550693          	addi	a3,a0,21 # 10015 <_data_lma+0x6131>
    4bcc:	47f1                	li	a5,28
    4bce:	02050713          	addi	a4,a0,32
    4bd2:	4622                	lw	a2,8(sp)
    4bd4:	dcd7d1e3          	bge	a5,a3,4996 <__muldf3+0x19a>
    4bd8:	1561                	addi	a0,a0,-8
    4bda:	00a617b3          	sll	a5,a2,a0
    4bde:	4581                	li	a1,0
    4be0:	b3f9                	j	49ae <__muldf3+0x1b2>
    4be2:	3f4010ef          	jal	ra,5fd6 <__clzsi2>
    4be6:	01550713          	addi	a4,a0,21
    4bea:	45f1                	li	a1,28
    4bec:	02050793          	addi	a5,a0,32
    4bf0:	4622                	lw	a2,8(sp)
    4bf2:	46b2                	lw	a3,12(sp)
    4bf4:	d4e5d5e3          	bge	a1,a4,493e <__muldf3+0x142>
    4bf8:	1561                	addi	a0,a0,-8
    4bfa:	00aa1433          	sll	s0,s4,a0
    4bfe:	4481                	li	s1,0
    4c00:	bb99                	j	4956 <__muldf3+0x15a>
    4c02:	4685                	li	a3,1
    4c04:	8e9d                	sub	a3,a3,a5
    4c06:	e7b1                	bnez	a5,4c52 <__muldf3+0x456>
    4c08:	41e90913          	addi	s2,s2,1054
    4c0c:	012497b3          	sll	a5,s1,s2
    4c10:	00d4d4b3          	srl	s1,s1,a3
    4c14:	01241933          	sll	s2,s0,s2
    4c18:	00f037b3          	snez	a5,a5
    4c1c:	009964b3          	or	s1,s2,s1
    4c20:	8cdd                	or	s1,s1,a5
    4c22:	0074f793          	andi	a5,s1,7
    4c26:	00d456b3          	srl	a3,s0,a3
    4c2a:	cf81                	beqz	a5,4c42 <__muldf3+0x446>
    4c2c:	00f4f793          	andi	a5,s1,15
    4c30:	4611                	li	a2,4
    4c32:	00c78863          	beq	a5,a2,4c42 <__muldf3+0x446>
    4c36:	00448793          	addi	a5,s1,4
    4c3a:	0097b4b3          	sltu	s1,a5,s1
    4c3e:	96a6                	add	a3,a3,s1
    4c40:	84be                	mv	s1,a5
    4c42:	00869793          	slli	a5,a3,0x8
    4c46:	0407d863          	bgez	a5,4c96 <__muldf3+0x49a>
    4c4a:	4785                	li	a5,1
    4c4c:	4401                	li	s0,0
    4c4e:	4481                	li	s1,0
    4c50:	b159                	j	48d6 <__muldf3+0xda>
    4c52:	03800613          	li	a2,56
    4c56:	ccd641e3          	blt	a2,a3,4918 <__muldf3+0x11c>
    4c5a:	467d                	li	a2,31
    4c5c:	fad656e3          	bge	a2,a3,4c08 <__muldf3+0x40c>
    4c60:	5605                	li	a2,-31
    4c62:	40f607b3          	sub	a5,a2,a5
    4c66:	02000593          	li	a1,32
    4c6a:	00f45633          	srl	a2,s0,a5
    4c6e:	00b68763          	beq	a3,a1,4c7c <__muldf3+0x480>
    4c72:	43e90913          	addi	s2,s2,1086
    4c76:	012417b3          	sll	a5,s0,s2
    4c7a:	8cdd                	or	s1,s1,a5
    4c7c:	009034b3          	snez	s1,s1
    4c80:	8cd1                	or	s1,s1,a2
    4c82:	0074f693          	andi	a3,s1,7
    4c86:	4401                	li	s0,0
    4c88:	ca99                	beqz	a3,4c9e <__muldf3+0x4a2>
    4c8a:	00f4f793          	andi	a5,s1,15
    4c8e:	4611                	li	a2,4
    4c90:	4681                	li	a3,0
    4c92:	fac792e3          	bne	a5,a2,4c36 <__muldf3+0x43a>
    4c96:	00969413          	slli	s0,a3,0x9
    4c9a:	8031                	srli	s0,s0,0xc
    4c9c:	06f6                	slli	a3,a3,0x1d
    4c9e:	808d                	srli	s1,s1,0x3
    4ca0:	8cd5                	or	s1,s1,a3
    4ca2:	4781                	li	a5,0
    4ca4:	b90d                	j	48d6 <__muldf3+0xda>
    4ca6:	7ff00793          	li	a5,2047
    4caa:	4401                	li	s0,0
    4cac:	4481                	li	s1,0
    4cae:	b125                	j	48d6 <__muldf3+0xda>
    4cb0:	8942                	mv	s2,a6
    4cb2:	bd6d                	j	4b6c <__muldf3+0x370>

00004cb4 <__subdf3>:
    4cb4:	00100737          	lui	a4,0x100
    4cb8:	177d                	addi	a4,a4,-1
    4cba:	1101                	addi	sp,sp,-32
    4cbc:	00b77333          	and	t1,a4,a1
    4cc0:	0146d893          	srli	a7,a3,0x14
    4cc4:	8f75                	and	a4,a4,a3
    4cc6:	01d65e93          	srli	t4,a2,0x1d
    4cca:	cc22                	sw	s0,24(sp)
    4ccc:	ca26                	sw	s1,20(sp)
    4cce:	030e                	slli	t1,t1,0x3
    4cd0:	0145d493          	srli	s1,a1,0x14
    4cd4:	01d55793          	srli	a5,a0,0x1d
    4cd8:	070e                	slli	a4,a4,0x3
    4cda:	ce06                	sw	ra,28(sp)
    4cdc:	c84a                	sw	s2,16(sp)
    4cde:	c64e                	sw	s3,12(sp)
    4ce0:	7ff8f893          	andi	a7,a7,2047
    4ce4:	7ff00e13          	li	t3,2047
    4ce8:	00eee733          	or	a4,t4,a4
    4cec:	7ff4f493          	andi	s1,s1,2047
    4cf0:	01f5d413          	srli	s0,a1,0x1f
    4cf4:	0067e333          	or	t1,a5,t1
    4cf8:	00351f13          	slli	t5,a0,0x3
    4cfc:	82fd                	srli	a3,a3,0x1f
    4cfe:	00361e93          	slli	t4,a2,0x3
    4d02:	19c88063          	beq	a7,t3,4e82 <__subdf3+0x1ce>
    4d06:	0016c693          	xori	a3,a3,1
    4d0a:	411485b3          	sub	a1,s1,a7
    4d0e:	12d40563          	beq	s0,a3,4e38 <__subdf3+0x184>
    4d12:	18b05163          	blez	a1,4e94 <__subdf3+0x1e0>
    4d16:	1a088b63          	beqz	a7,4ecc <__subdf3+0x218>
    4d1a:	008007b7          	lui	a5,0x800
    4d1e:	8f5d                	or	a4,a4,a5
    4d20:	59c48163          	beq	s1,t3,52a2 <__subdf3+0x5ee>
    4d24:	03800793          	li	a5,56
    4d28:	34b7c463          	blt	a5,a1,5070 <__subdf3+0x3bc>
    4d2c:	47fd                	li	a5,31
    4d2e:	48b7c563          	blt	a5,a1,51b8 <__subdf3+0x504>
    4d32:	02000793          	li	a5,32
    4d36:	8f8d                	sub	a5,a5,a1
    4d38:	00bed9b3          	srl	s3,t4,a1
    4d3c:	00f71833          	sll	a6,a4,a5
    4d40:	00fe9eb3          	sll	t4,t4,a5
    4d44:	01386833          	or	a6,a6,s3
    4d48:	00b75733          	srl	a4,a4,a1
    4d4c:	01d039b3          	snez	s3,t4
    4d50:	01386833          	or	a6,a6,s3
    4d54:	40e30333          	sub	t1,t1,a4
    4d58:	410f09b3          	sub	s3,t5,a6
    4d5c:	013f37b3          	sltu	a5,t5,s3
    4d60:	40f30633          	sub	a2,t1,a5
    4d64:	00861793          	slli	a5,a2,0x8
    4d68:	2407d363          	bgez	a5,4fae <__subdf3+0x2fa>
    4d6c:	00800937          	lui	s2,0x800
    4d70:	197d                	addi	s2,s2,-1
    4d72:	01267933          	and	s2,a2,s2
    4d76:	2c090f63          	beqz	s2,5054 <__subdf3+0x3a0>
    4d7a:	854a                	mv	a0,s2
    4d7c:	25a010ef          	jal	ra,5fd6 <__clzsi2>
    4d80:	ff850713          	addi	a4,a0,-8
    4d84:	02000793          	li	a5,32
    4d88:	8f99                	sub	a5,a5,a4
    4d8a:	00f9d7b3          	srl	a5,s3,a5
    4d8e:	00e91633          	sll	a2,s2,a4
    4d92:	8fd1                	or	a5,a5,a2
    4d94:	00e999b3          	sll	s3,s3,a4
    4d98:	2a974463          	blt	a4,s1,5040 <__subdf3+0x38c>
    4d9c:	8f05                	sub	a4,a4,s1
    4d9e:	00170613          	addi	a2,a4,1 # 100001 <_data_lma+0xf611d>
    4da2:	46fd                	li	a3,31
    4da4:	3ac6c563          	blt	a3,a2,514e <__subdf3+0x49a>
    4da8:	02000713          	li	a4,32
    4dac:	8f11                	sub	a4,a4,a2
    4dae:	00c9d6b3          	srl	a3,s3,a2
    4db2:	00e99833          	sll	a6,s3,a4
    4db6:	00e79733          	sll	a4,a5,a4
    4dba:	8f55                	or	a4,a4,a3
    4dbc:	01003833          	snez	a6,a6
    4dc0:	010769b3          	or	s3,a4,a6
    4dc4:	00c7d633          	srl	a2,a5,a2
    4dc8:	4481                	li	s1,0
    4dca:	0079f793          	andi	a5,s3,7
    4dce:	cf81                	beqz	a5,4de6 <__subdf3+0x132>
    4dd0:	00f9f693          	andi	a3,s3,15
    4dd4:	4791                	li	a5,4
    4dd6:	00f68863          	beq	a3,a5,4de6 <__subdf3+0x132>
    4dda:	00498693          	addi	a3,s3,4
    4dde:	0136b833          	sltu	a6,a3,s3
    4de2:	9642                	add	a2,a2,a6
    4de4:	89b6                	mv	s3,a3
    4de6:	00861793          	slli	a5,a2,0x8
    4dea:	1c07d663          	bgez	a5,4fb6 <__subdf3+0x302>
    4dee:	00148713          	addi	a4,s1,1
    4df2:	7ff00793          	li	a5,2047
    4df6:	8805                	andi	s0,s0,1
    4df8:	20f70663          	beq	a4,a5,5004 <__subdf3+0x350>
    4dfc:	ff8007b7          	lui	a5,0xff800
    4e00:	17fd                	addi	a5,a5,-1
    4e02:	8ff1                	and	a5,a5,a2
    4e04:	01d79813          	slli	a6,a5,0x1d
    4e08:	0039d993          	srli	s3,s3,0x3
    4e0c:	07a6                	slli	a5,a5,0x9
    4e0e:	01386833          	or	a6,a6,s3
    4e12:	83b1                	srli	a5,a5,0xc
    4e14:	7ff77713          	andi	a4,a4,2047
    4e18:	00c79693          	slli	a3,a5,0xc
    4e1c:	0752                	slli	a4,a4,0x14
    4e1e:	82b1                	srli	a3,a3,0xc
    4e20:	047e                	slli	s0,s0,0x1f
    4e22:	8ed9                	or	a3,a3,a4
    4e24:	8ec1                	or	a3,a3,s0
    4e26:	40f2                	lw	ra,28(sp)
    4e28:	4462                	lw	s0,24(sp)
    4e2a:	44d2                	lw	s1,20(sp)
    4e2c:	4942                	lw	s2,16(sp)
    4e2e:	49b2                	lw	s3,12(sp)
    4e30:	8542                	mv	a0,a6
    4e32:	85b6                	mv	a1,a3
    4e34:	6105                	addi	sp,sp,32
    4e36:	8082                	ret
    4e38:	0ab05663          	blez	a1,4ee4 <__subdf3+0x230>
    4e3c:	12088a63          	beqz	a7,4f70 <__subdf3+0x2bc>
    4e40:	008007b7          	lui	a5,0x800
    4e44:	8f5d                	or	a4,a4,a5
    4e46:	2dc48763          	beq	s1,t3,5114 <__subdf3+0x460>
    4e4a:	03800793          	li	a5,56
    4e4e:	18b7c763          	blt	a5,a1,4fdc <__subdf3+0x328>
    4e52:	47fd                	li	a5,31
    4e54:	3cb7d263          	bge	a5,a1,5218 <__subdf3+0x564>
    4e58:	fe058813          	addi	a6,a1,-32 # ffe0 <_data_lma+0x60fc>
    4e5c:	02000793          	li	a5,32
    4e60:	010759b3          	srl	s3,a4,a6
    4e64:	00f58a63          	beq	a1,a5,4e78 <__subdf3+0x1c4>
    4e68:	04000793          	li	a5,64
    4e6c:	40b785b3          	sub	a1,a5,a1
    4e70:	00b71733          	sll	a4,a4,a1
    4e74:	00eeeeb3          	or	t4,t4,a4
    4e78:	01d03833          	snez	a6,t4
    4e7c:	01386833          	or	a6,a6,s3
    4e80:	a295                	j	4fe4 <__subdf3+0x330>
    4e82:	01d767b3          	or	a5,a4,t4
    4e86:	80148593          	addi	a1,s1,-2047
    4e8a:	e399                	bnez	a5,4e90 <__subdf3+0x1dc>
    4e8c:	0016c693          	xori	a3,a3,1
    4e90:	04d40a63          	beq	s0,a3,4ee4 <__subdf3+0x230>
    4e94:	e1d1                	bnez	a1,4f18 <__subdf3+0x264>
    4e96:	00148793          	addi	a5,s1,1
    4e9a:	7fe7f793          	andi	a5,a5,2046
    4e9e:	1e079963          	bnez	a5,5090 <__subdf3+0x3dc>
    4ea2:	01e367b3          	or	a5,t1,t5
    4ea6:	01d76833          	or	a6,a4,t4
    4eaa:	16049263          	bnez	s1,500e <__subdf3+0x35a>
    4eae:	3c078263          	beqz	a5,5272 <__subdf3+0x5be>
    4eb2:	42081663          	bnez	a6,52de <__subdf3+0x62a>
    4eb6:	00351813          	slli	a6,a0,0x3
    4eba:	01d31693          	slli	a3,t1,0x1d
    4ebe:	00385813          	srli	a6,a6,0x3
    4ec2:	0106e833          	or	a6,a3,a6
    4ec6:	00335793          	srli	a5,t1,0x3
    4eca:	a219                	j	4fd0 <__subdf3+0x31c>
    4ecc:	01d767b3          	or	a5,a4,t4
    4ed0:	1a078563          	beqz	a5,507a <__subdf3+0x3c6>
    4ed4:	fff58793          	addi	a5,a1,-1
    4ed8:	3a078b63          	beqz	a5,528e <__subdf3+0x5da>
    4edc:	23c58c63          	beq	a1,t3,5114 <__subdf3+0x460>
    4ee0:	85be                	mv	a1,a5
    4ee2:	b589                	j	4d24 <__subdf3+0x70>
    4ee4:	1c059963          	bnez	a1,50b6 <__subdf3+0x402>
    4ee8:	00148693          	addi	a3,s1,1
    4eec:	7fe6f793          	andi	a5,a3,2046
    4ef0:	efc1                	bnez	a5,4f88 <__subdf3+0x2d4>
    4ef2:	01e367b3          	or	a5,t1,t5
    4ef6:	36049063          	bnez	s1,5256 <__subdf3+0x5a2>
    4efa:	44078d63          	beqz	a5,5354 <__subdf3+0x6a0>
    4efe:	01d767b3          	or	a5,a4,t4
    4f02:	46079463          	bnez	a5,536a <__subdf3+0x6b6>
    4f06:	050e                	slli	a0,a0,0x3
    4f08:	01d31813          	slli	a6,t1,0x1d
    4f0c:	810d                	srli	a0,a0,0x3
    4f0e:	00a86833          	or	a6,a6,a0
    4f12:	00335793          	srli	a5,t1,0x3
    4f16:	a86d                	j	4fd0 <__subdf3+0x31c>
    4f18:	409885b3          	sub	a1,a7,s1
    4f1c:	20049763          	bnez	s1,512a <__subdf3+0x476>
    4f20:	01e367b3          	or	a5,t1,t5
    4f24:	30078d63          	beqz	a5,523e <__subdf3+0x58a>
    4f28:	fff58793          	addi	a5,a1,-1
    4f2c:	40078963          	beqz	a5,533e <__subdf3+0x68a>
    4f30:	7ff00513          	li	a0,2047
    4f34:	20a58363          	beq	a1,a0,513a <__subdf3+0x486>
    4f38:	85be                	mv	a1,a5
    4f3a:	03800793          	li	a5,56
    4f3e:	2ab7c263          	blt	a5,a1,51e2 <__subdf3+0x52e>
    4f42:	47fd                	li	a5,31
    4f44:	3cb7c863          	blt	a5,a1,5314 <__subdf3+0x660>
    4f48:	02000793          	li	a5,32
    4f4c:	8f8d                	sub	a5,a5,a1
    4f4e:	00f31833          	sll	a6,t1,a5
    4f52:	00bf5633          	srl	a2,t5,a1
    4f56:	00ff17b3          	sll	a5,t5,a5
    4f5a:	00c86833          	or	a6,a6,a2
    4f5e:	00f039b3          	snez	s3,a5
    4f62:	00b35333          	srl	t1,t1,a1
    4f66:	01386833          	or	a6,a6,s3
    4f6a:	40670733          	sub	a4,a4,t1
    4f6e:	acb5                	j	51ea <__subdf3+0x536>
    4f70:	01d767b3          	or	a5,a4,t4
    4f74:	10078363          	beqz	a5,507a <__subdf3+0x3c6>
    4f78:	fff58793          	addi	a5,a1,-1
    4f7c:	1e078f63          	beqz	a5,517a <__subdf3+0x4c6>
    4f80:	2fc58063          	beq	a1,t3,5260 <__subdf3+0x5ac>
    4f84:	85be                	mv	a1,a5
    4f86:	b5d1                	j	4e4a <__subdf3+0x196>
    4f88:	7ff00793          	li	a5,2047
    4f8c:	06f68b63          	beq	a3,a5,5002 <__subdf3+0x34e>
    4f90:	9efa                	add	t4,t4,t5
    4f92:	01eeb633          	sltu	a2,t4,t5
    4f96:	00e307b3          	add	a5,t1,a4
    4f9a:	97b2                	add	a5,a5,a2
    4f9c:	01f79813          	slli	a6,a5,0x1f
    4fa0:	001ede93          	srli	t4,t4,0x1
    4fa4:	01d869b3          	or	s3,a6,t4
    4fa8:	0017d613          	srli	a2,a5,0x1
    4fac:	84b6                	mv	s1,a3
    4fae:	0079f793          	andi	a5,s3,7
    4fb2:	e0079fe3          	bnez	a5,4dd0 <__subdf3+0x11c>
    4fb6:	01d61793          	slli	a5,a2,0x1d
    4fba:	0039d813          	srli	a6,s3,0x3
    4fbe:	00f86833          	or	a6,a6,a5
    4fc2:	85a6                	mv	a1,s1
    4fc4:	00365793          	srli	a5,a2,0x3
    4fc8:	7ff00713          	li	a4,2047
    4fcc:	06e58063          	beq	a1,a4,502c <__subdf3+0x378>
    4fd0:	07b2                	slli	a5,a5,0xc
    4fd2:	83b1                	srli	a5,a5,0xc
    4fd4:	7ff5f713          	andi	a4,a1,2047
    4fd8:	8805                	andi	s0,s0,1
    4fda:	bd3d                	j	4e18 <__subdf3+0x164>
    4fdc:	01d76733          	or	a4,a4,t4
    4fe0:	00e03833          	snez	a6,a4
    4fe4:	01e809b3          	add	s3,a6,t5
    4fe8:	01e9b7b3          	sltu	a5,s3,t5
    4fec:	00678633          	add	a2,a5,t1
    4ff0:	00861793          	slli	a5,a2,0x8
    4ff4:	fa07dde3          	bgez	a5,4fae <__subdf3+0x2fa>
    4ff8:	0485                	addi	s1,s1,1
    4ffa:	7ff00793          	li	a5,2047
    4ffe:	18f49c63          	bne	s1,a5,5196 <__subdf3+0x4e2>
    5002:	8805                	andi	s0,s0,1
    5004:	7ff00713          	li	a4,2047
    5008:	4781                	li	a5,0
    500a:	4801                	li	a6,0
    500c:	b531                	j	4e18 <__subdf3+0x164>
    500e:	10079163          	bnez	a5,5110 <__subdf3+0x45c>
    5012:	3c080163          	beqz	a6,53d4 <__subdf3+0x720>
    5016:	00361813          	slli	a6,a2,0x3
    501a:	01d71793          	slli	a5,a4,0x1d
    501e:	00385813          	srli	a6,a6,0x3
    5022:	00f86833          	or	a6,a6,a5
    5026:	8436                	mv	s0,a3
    5028:	00375793          	srli	a5,a4,0x3
    502c:	00f867b3          	or	a5,a6,a5
    5030:	dbe9                	beqz	a5,5002 <__subdf3+0x34e>
    5032:	4401                	li	s0,0
    5034:	7ff00713          	li	a4,2047
    5038:	000807b7          	lui	a5,0x80
    503c:	4801                	li	a6,0
    503e:	bbe9                	j	4e18 <__subdf3+0x164>
    5040:	ff800637          	lui	a2,0xff800
    5044:	167d                	addi	a2,a2,-1
    5046:	8e7d                	and	a2,a2,a5
    5048:	0079f793          	andi	a5,s3,7
    504c:	8c99                	sub	s1,s1,a4
    504e:	d80791e3          	bnez	a5,4dd0 <__subdf3+0x11c>
    5052:	b795                	j	4fb6 <__subdf3+0x302>
    5054:	854e                	mv	a0,s3
    5056:	781000ef          	jal	ra,5fd6 <__clzsi2>
    505a:	01850713          	addi	a4,a0,24
    505e:	47fd                	li	a5,31
    5060:	d2e7d2e3          	bge	a5,a4,4d84 <__subdf3+0xd0>
    5064:	ff850613          	addi	a2,a0,-8
    5068:	00c997b3          	sll	a5,s3,a2
    506c:	4981                	li	s3,0
    506e:	b32d                	j	4d98 <__subdf3+0xe4>
    5070:	01d76833          	or	a6,a4,t4
    5074:	01003833          	snez	a6,a6
    5078:	b1c5                	j	4d58 <__subdf3+0xa4>
    507a:	00351813          	slli	a6,a0,0x3
    507e:	01d31793          	slli	a5,t1,0x1d
    5082:	00385813          	srli	a6,a6,0x3
    5086:	00f86833          	or	a6,a6,a5
    508a:	00335793          	srli	a5,t1,0x3
    508e:	bf2d                	j	4fc8 <__subdf3+0x314>
    5090:	41df09b3          	sub	s3,t5,t4
    5094:	40e30933          	sub	s2,t1,a4
    5098:	013f3633          	sltu	a2,t5,s3
    509c:	40c90933          	sub	s2,s2,a2
    50a0:	00891793          	slli	a5,s2,0x8
    50a4:	2007ca63          	bltz	a5,52b8 <__subdf3+0x604>
    50a8:	0129e833          	or	a6,s3,s2
    50ac:	cc0815e3          	bnez	a6,4d76 <__subdf3+0xc2>
    50b0:	4781                	li	a5,0
    50b2:	4401                	li	s0,0
    50b4:	bf31                	j	4fd0 <__subdf3+0x31c>
    50b6:	409885b3          	sub	a1,a7,s1
    50ba:	14048163          	beqz	s1,51fc <__subdf3+0x548>
    50be:	008006b7          	lui	a3,0x800
    50c2:	7ff00793          	li	a5,2047
    50c6:	00d36333          	or	t1,t1,a3
    50ca:	20f88163          	beq	a7,a5,52cc <__subdf3+0x618>
    50ce:	03800793          	li	a5,56
    50d2:	22b7cc63          	blt	a5,a1,530a <__subdf3+0x656>
    50d6:	47fd                	li	a5,31
    50d8:	2cb7c963          	blt	a5,a1,53aa <__subdf3+0x6f6>
    50dc:	02000793          	li	a5,32
    50e0:	8f8d                	sub	a5,a5,a1
    50e2:	00f31833          	sll	a6,t1,a5
    50e6:	00bf56b3          	srl	a3,t5,a1
    50ea:	00ff17b3          	sll	a5,t5,a5
    50ee:	00d86833          	or	a6,a6,a3
    50f2:	00f039b3          	snez	s3,a5
    50f6:	00b35333          	srl	t1,t1,a1
    50fa:	01386833          	or	a6,a6,s3
    50fe:	971a                	add	a4,a4,t1
    5100:	01d809b3          	add	s3,a6,t4
    5104:	01d9b7b3          	sltu	a5,s3,t4
    5108:	00e78633          	add	a2,a5,a4
    510c:	84c6                	mv	s1,a7
    510e:	b5cd                	j	4ff0 <__subdf3+0x33c>
    5110:	f20811e3          	bnez	a6,5032 <__subdf3+0x37e>
    5114:	00351813          	slli	a6,a0,0x3
    5118:	01d31793          	slli	a5,t1,0x1d
    511c:	00385813          	srli	a6,a6,0x3
    5120:	00f86833          	or	a6,a6,a5
    5124:	00335793          	srli	a5,t1,0x3
    5128:	b711                	j	502c <__subdf3+0x378>
    512a:	00800537          	lui	a0,0x800
    512e:	7ff00793          	li	a5,2047
    5132:	00a36333          	or	t1,t1,a0
    5136:	e0f892e3          	bne	a7,a5,4f3a <__subdf3+0x286>
    513a:	060e                	slli	a2,a2,0x3
    513c:	01d71813          	slli	a6,a4,0x1d
    5140:	820d                	srli	a2,a2,0x3
    5142:	00c86833          	or	a6,a6,a2
    5146:	00375793          	srli	a5,a4,0x3
    514a:	8436                	mv	s0,a3
    514c:	b5c5                	j	502c <__subdf3+0x378>
    514e:	1705                	addi	a4,a4,-31
    5150:	02000693          	li	a3,32
    5154:	00e7d733          	srl	a4,a5,a4
    5158:	00d60a63          	beq	a2,a3,516c <__subdf3+0x4b8>
    515c:	04000693          	li	a3,64
    5160:	40c68633          	sub	a2,a3,a2
    5164:	00c79633          	sll	a2,a5,a2
    5168:	00c9e9b3          	or	s3,s3,a2
    516c:	01303833          	snez	a6,s3
    5170:	00e869b3          	or	s3,a6,a4
    5174:	4601                	li	a2,0
    5176:	4481                	li	s1,0
    5178:	bd1d                	j	4fae <__subdf3+0x2fa>
    517a:	01df09b3          	add	s3,t5,t4
    517e:	00e307b3          	add	a5,t1,a4
    5182:	01e9bf33          	sltu	t5,s3,t5
    5186:	01e78633          	add	a2,a5,t5
    518a:	00861793          	slli	a5,a2,0x8
    518e:	4485                	li	s1,1
    5190:	e007dfe3          	bgez	a5,4fae <__subdf3+0x2fa>
    5194:	4489                	li	s1,2
    5196:	ff8007b7          	lui	a5,0xff800
    519a:	17fd                	addi	a5,a5,-1
    519c:	8ff1                	and	a5,a5,a2
    519e:	0019d713          	srli	a4,s3,0x1
    51a2:	0019f813          	andi	a6,s3,1
    51a6:	01076833          	or	a6,a4,a6
    51aa:	01f79993          	slli	s3,a5,0x1f
    51ae:	0109e9b3          	or	s3,s3,a6
    51b2:	0017d613          	srli	a2,a5,0x1
    51b6:	b911                	j	4dca <__subdf3+0x116>
    51b8:	fe058813          	addi	a6,a1,-32
    51bc:	02000793          	li	a5,32
    51c0:	010759b3          	srl	s3,a4,a6
    51c4:	00f58a63          	beq	a1,a5,51d8 <__subdf3+0x524>
    51c8:	04000793          	li	a5,64
    51cc:	40b785b3          	sub	a1,a5,a1
    51d0:	00b71733          	sll	a4,a4,a1
    51d4:	00eeeeb3          	or	t4,t4,a4
    51d8:	01d03833          	snez	a6,t4
    51dc:	01386833          	or	a6,a6,s3
    51e0:	bea5                	j	4d58 <__subdf3+0xa4>
    51e2:	01e36333          	or	t1,t1,t5
    51e6:	00603833          	snez	a6,t1
    51ea:	410e89b3          	sub	s3,t4,a6
    51ee:	013eb7b3          	sltu	a5,t4,s3
    51f2:	40f70633          	sub	a2,a4,a5
    51f6:	84c6                	mv	s1,a7
    51f8:	8436                	mv	s0,a3
    51fa:	b6ad                	j	4d64 <__subdf3+0xb0>
    51fc:	01e367b3          	or	a5,t1,t5
    5200:	18078763          	beqz	a5,538e <__subdf3+0x6da>
    5204:	fff58793          	addi	a5,a1,-1
    5208:	1c078c63          	beqz	a5,53e0 <__subdf3+0x72c>
    520c:	7ff00693          	li	a3,2047
    5210:	0ad58e63          	beq	a1,a3,52cc <__subdf3+0x618>
    5214:	85be                	mv	a1,a5
    5216:	bd65                	j	50ce <__subdf3+0x41a>
    5218:	02000793          	li	a5,32
    521c:	8f8d                	sub	a5,a5,a1
    521e:	00bed9b3          	srl	s3,t4,a1
    5222:	00f71833          	sll	a6,a4,a5
    5226:	00fe9eb3          	sll	t4,t4,a5
    522a:	01386833          	or	a6,a6,s3
    522e:	00b75733          	srl	a4,a4,a1
    5232:	01d039b3          	snez	s3,t4
    5236:	01386833          	or	a6,a6,s3
    523a:	933a                	add	t1,t1,a4
    523c:	b365                	j	4fe4 <__subdf3+0x330>
    523e:	00361813          	slli	a6,a2,0x3
    5242:	01d71793          	slli	a5,a4,0x1d
    5246:	00385813          	srli	a6,a6,0x3
    524a:	0107e833          	or	a6,a5,a6
    524e:	8436                	mv	s0,a3
    5250:	00375793          	srli	a5,a4,0x3
    5254:	bb95                	j	4fc8 <__subdf3+0x314>
    5256:	cbbd                	beqz	a5,52cc <__subdf3+0x618>
    5258:	01d76733          	or	a4,a4,t4
    525c:	dc071be3          	bnez	a4,5032 <__subdf3+0x37e>
    5260:	050e                	slli	a0,a0,0x3
    5262:	01d31813          	slli	a6,t1,0x1d
    5266:	810d                	srli	a0,a0,0x3
    5268:	00a86833          	or	a6,a6,a0
    526c:	00335793          	srli	a5,t1,0x3
    5270:	bb75                	j	502c <__subdf3+0x378>
    5272:	e2080fe3          	beqz	a6,50b0 <__subdf3+0x3fc>
    5276:	00361813          	slli	a6,a2,0x3
    527a:	01d71793          	slli	a5,a4,0x1d
    527e:	00385813          	srli	a6,a6,0x3
    5282:	00f86833          	or	a6,a6,a5
    5286:	8436                	mv	s0,a3
    5288:	00375793          	srli	a5,a4,0x3
    528c:	b391                	j	4fd0 <__subdf3+0x31c>
    528e:	41df09b3          	sub	s3,t5,t4
    5292:	40e307b3          	sub	a5,t1,a4
    5296:	013f3f33          	sltu	t5,t5,s3
    529a:	41e78633          	sub	a2,a5,t5
    529e:	4485                	li	s1,1
    52a0:	b4d1                	j	4d64 <__subdf3+0xb0>
    52a2:	00351813          	slli	a6,a0,0x3
    52a6:	01d31693          	slli	a3,t1,0x1d
    52aa:	00385813          	srli	a6,a6,0x3
    52ae:	0106e833          	or	a6,a3,a6
    52b2:	00335793          	srli	a5,t1,0x3
    52b6:	bb9d                	j	502c <__subdf3+0x378>
    52b8:	41ee89b3          	sub	s3,t4,t5
    52bc:	40670633          	sub	a2,a4,t1
    52c0:	013eb933          	sltu	s2,t4,s3
    52c4:	41260933          	sub	s2,a2,s2
    52c8:	8436                	mv	s0,a3
    52ca:	b475                	j	4d76 <__subdf3+0xc2>
    52cc:	060e                	slli	a2,a2,0x3
    52ce:	01d71813          	slli	a6,a4,0x1d
    52d2:	820d                	srli	a2,a2,0x3
    52d4:	00c86833          	or	a6,a6,a2
    52d8:	00375793          	srli	a5,a4,0x3
    52dc:	bb81                	j	502c <__subdf3+0x378>
    52de:	41df09b3          	sub	s3,t5,t4
    52e2:	40e307b3          	sub	a5,t1,a4
    52e6:	013f3633          	sltu	a2,t5,s3
    52ea:	40c78633          	sub	a2,a5,a2
    52ee:	00861793          	slli	a5,a2,0x8
    52f2:	0a07d763          	bgez	a5,53a0 <__subdf3+0x6ec>
    52f6:	41ee89b3          	sub	s3,t4,t5
    52fa:	406707b3          	sub	a5,a4,t1
    52fe:	013ebeb3          	sltu	t4,t4,s3
    5302:	41d78633          	sub	a2,a5,t4
    5306:	8436                	mv	s0,a3
    5308:	b4c9                	j	4dca <__subdf3+0x116>
    530a:	01e36333          	or	t1,t1,t5
    530e:	00603833          	snez	a6,t1
    5312:	b3fd                	j	5100 <__subdf3+0x44c>
    5314:	fe058813          	addi	a6,a1,-32
    5318:	02000793          	li	a5,32
    531c:	010359b3          	srl	s3,t1,a6
    5320:	00f58a63          	beq	a1,a5,5334 <__subdf3+0x680>
    5324:	04000793          	li	a5,64
    5328:	40b785b3          	sub	a1,a5,a1
    532c:	00b31333          	sll	t1,t1,a1
    5330:	006f6f33          	or	t5,t5,t1
    5334:	01e03833          	snez	a6,t5
    5338:	01386833          	or	a6,a6,s3
    533c:	b57d                	j	51ea <__subdf3+0x536>
    533e:	41ee89b3          	sub	s3,t4,t5
    5342:	406707b3          	sub	a5,a4,t1
    5346:	013ebeb3          	sltu	t4,t4,s3
    534a:	41d78633          	sub	a2,a5,t4
    534e:	8436                	mv	s0,a3
    5350:	4485                	li	s1,1
    5352:	bc09                	j	4d64 <__subdf3+0xb0>
    5354:	00361813          	slli	a6,a2,0x3
    5358:	01d71793          	slli	a5,a4,0x1d
    535c:	00385813          	srli	a6,a6,0x3
    5360:	00f86833          	or	a6,a6,a5
    5364:	00375793          	srli	a5,a4,0x3
    5368:	b1a5                	j	4fd0 <__subdf3+0x31c>
    536a:	01df09b3          	add	s3,t5,t4
    536e:	00e307b3          	add	a5,t1,a4
    5372:	01e9bf33          	sltu	t5,s3,t5
    5376:	01e78633          	add	a2,a5,t5
    537a:	00861793          	slli	a5,a2,0x8
    537e:	c207d8e3          	bgez	a5,4fae <__subdf3+0x2fa>
    5382:	ff8007b7          	lui	a5,0xff800
    5386:	17fd                	addi	a5,a5,-1
    5388:	8e7d                	and	a2,a2,a5
    538a:	4485                	li	s1,1
    538c:	b10d                	j	4fae <__subdf3+0x2fa>
    538e:	060e                	slli	a2,a2,0x3
    5390:	01d71813          	slli	a6,a4,0x1d
    5394:	820d                	srli	a2,a2,0x3
    5396:	00c86833          	or	a6,a6,a2
    539a:	00375793          	srli	a5,a4,0x3
    539e:	b12d                	j	4fc8 <__subdf3+0x314>
    53a0:	00c9e833          	or	a6,s3,a2
    53a4:	d00806e3          	beqz	a6,50b0 <__subdf3+0x3fc>
    53a8:	b119                	j	4fae <__subdf3+0x2fa>
    53aa:	fe058813          	addi	a6,a1,-32
    53ae:	02000793          	li	a5,32
    53b2:	010359b3          	srl	s3,t1,a6
    53b6:	00f58a63          	beq	a1,a5,53ca <__subdf3+0x716>
    53ba:	04000793          	li	a5,64
    53be:	40b785b3          	sub	a1,a5,a1
    53c2:	00b31333          	sll	t1,t1,a1
    53c6:	006f6f33          	or	t5,t5,t1
    53ca:	01e03833          	snez	a6,t5
    53ce:	01386833          	or	a6,a6,s3
    53d2:	b33d                	j	5100 <__subdf3+0x44c>
    53d4:	4401                	li	s0,0
    53d6:	7ff00713          	li	a4,2047
    53da:	000807b7          	lui	a5,0x80
    53de:	bc2d                	j	4e18 <__subdf3+0x164>
    53e0:	01df09b3          	add	s3,t5,t4
    53e4:	00e307b3          	add	a5,t1,a4
    53e8:	01d9beb3          	sltu	t4,s3,t4
    53ec:	01d78633          	add	a2,a5,t4
    53f0:	bb69                	j	518a <__subdf3+0x4d6>

000053f2 <__fixdfsi>:
    53f2:	0145d793          	srli	a5,a1,0x14
    53f6:	001006b7          	lui	a3,0x100
    53fa:	fff68713          	addi	a4,a3,-1 # fffff <_data_lma+0xf611b>
    53fe:	7ff7f793          	andi	a5,a5,2047
    5402:	3fe00613          	li	a2,1022
    5406:	8f6d                	and	a4,a4,a1
    5408:	81fd                	srli	a1,a1,0x1f
    540a:	00f65c63          	bge	a2,a5,5422 <__fixdfsi+0x30>
    540e:	41d00613          	li	a2,1053
    5412:	00f65a63          	bge	a2,a5,5426 <__fixdfsi+0x34>
    5416:	80000537          	lui	a0,0x80000
    541a:	fff54513          	not	a0,a0
    541e:	952e                	add	a0,a0,a1
    5420:	8082                	ret
    5422:	4501                	li	a0,0
    5424:	8082                	ret
    5426:	43300613          	li	a2,1075
    542a:	8e1d                	sub	a2,a2,a5
    542c:	487d                	li	a6,31
    542e:	8f55                	or	a4,a4,a3
    5430:	00c85d63          	bge	a6,a2,544a <__fixdfsi+0x58>
    5434:	41300693          	li	a3,1043
    5438:	40f687b3          	sub	a5,a3,a5
    543c:	00f757b3          	srl	a5,a4,a5
    5440:	40f00533          	neg	a0,a5
    5444:	f1e5                	bnez	a1,5424 <__fixdfsi+0x32>
    5446:	853e                	mv	a0,a5
    5448:	8082                	ret
    544a:	bed78793          	addi	a5,a5,-1043 # 7fbed <_data_lma+0x75d09>
    544e:	00f717b3          	sll	a5,a4,a5
    5452:	00c55533          	srl	a0,a0,a2
    5456:	8fc9                	or	a5,a5,a0
    5458:	b7e5                	j	5440 <__fixdfsi+0x4e>

0000545a <__floatsidf>:
    545a:	1141                	addi	sp,sp,-16
    545c:	c606                	sw	ra,12(sp)
    545e:	c422                	sw	s0,8(sp)
    5460:	c226                	sw	s1,4(sp)
    5462:	cd0d                	beqz	a0,549c <__floatsidf+0x42>
    5464:	41f55793          	srai	a5,a0,0x1f
    5468:	00a7c4b3          	xor	s1,a5,a0
    546c:	8c9d                	sub	s1,s1,a5
    546e:	842a                	mv	s0,a0
    5470:	8526                	mv	a0,s1
    5472:	365000ef          	jal	ra,5fd6 <__clzsi2>
    5476:	41e00693          	li	a3,1054
    547a:	8e89                	sub	a3,a3,a0
    547c:	47a9                	li	a5,10
    547e:	807d                	srli	s0,s0,0x1f
    5480:	7ff6f693          	andi	a3,a3,2047
    5484:	02a7cd63          	blt	a5,a0,54be <__floatsidf+0x64>
    5488:	472d                	li	a4,11
    548a:	8f09                	sub	a4,a4,a0
    548c:	00e4d7b3          	srl	a5,s1,a4
    5490:	0555                	addi	a0,a0,21
    5492:	07b2                	slli	a5,a5,0xc
    5494:	00a494b3          	sll	s1,s1,a0
    5498:	83b1                	srli	a5,a5,0xc
    549a:	a029                	j	54a4 <__floatsidf+0x4a>
    549c:	4401                	li	s0,0
    549e:	4681                	li	a3,0
    54a0:	4781                	li	a5,0
    54a2:	4481                	li	s1,0
    54a4:	07b2                	slli	a5,a5,0xc
    54a6:	06d2                	slli	a3,a3,0x14
    54a8:	83b1                	srli	a5,a5,0xc
    54aa:	047e                	slli	s0,s0,0x1f
    54ac:	8fd5                	or	a5,a5,a3
    54ae:	8fc1                	or	a5,a5,s0
    54b0:	40b2                	lw	ra,12(sp)
    54b2:	4422                	lw	s0,8(sp)
    54b4:	8526                	mv	a0,s1
    54b6:	85be                	mv	a1,a5
    54b8:	4492                	lw	s1,4(sp)
    54ba:	0141                	addi	sp,sp,16
    54bc:	8082                	ret
    54be:	1555                	addi	a0,a0,-11
    54c0:	00a497b3          	sll	a5,s1,a0
    54c4:	07b2                	slli	a5,a5,0xc
    54c6:	83b1                	srli	a5,a5,0xc
    54c8:	4481                	li	s1,0
    54ca:	bfe9                	j	54a4 <__floatsidf+0x4a>

000054cc <__addsf3>:
    54cc:	1141                	addi	sp,sp,-16
    54ce:	00800737          	lui	a4,0x800
    54d2:	177d                	addi	a4,a4,-1
    54d4:	0175d813          	srli	a6,a1,0x17
    54d8:	c226                	sw	s1,4(sp)
    54da:	01755493          	srli	s1,a0,0x17
    54de:	00a77333          	and	t1,a4,a0
    54e2:	0ff4f493          	andi	s1,s1,255
    54e6:	00b776b3          	and	a3,a4,a1
    54ea:	c04a                	sw	s2,0(sp)
    54ec:	0ff87813          	andi	a6,a6,255
    54f0:	01f55913          	srli	s2,a0,0x1f
    54f4:	c606                	sw	ra,12(sp)
    54f6:	c422                	sw	s0,8(sp)
    54f8:	81fd                	srli	a1,a1,0x1f
    54fa:	879a                	mv	a5,t1
    54fc:	8526                	mv	a0,s1
    54fe:	864a                	mv	a2,s2
    5500:	00331e13          	slli	t3,t1,0x3
    5504:	00369e93          	slli	t4,a3,0x3
    5508:	410488b3          	sub	a7,s1,a6
    550c:	0eb90a63          	beq	s2,a1,5600 <__addsf3+0x134>
    5510:	0d105063          	blez	a7,55d0 <__addsf3+0x104>
    5514:	14080463          	beqz	a6,565c <__addsf3+0x190>
    5518:	0ff00793          	li	a5,255
    551c:	14f48b63          	beq	s1,a5,5672 <__addsf3+0x1a6>
    5520:	040007b7          	lui	a5,0x4000
    5524:	00feeeb3          	or	t4,t4,a5
    5528:	47ed                	li	a5,27
    552a:	2917c163          	blt	a5,a7,57ac <__addsf3+0x2e0>
    552e:	02000793          	li	a5,32
    5532:	411787b3          	sub	a5,a5,a7
    5536:	00fe97b3          	sll	a5,t4,a5
    553a:	011ed8b3          	srl	a7,t4,a7
    553e:	00f037b3          	snez	a5,a5
    5542:	00f8e7b3          	or	a5,a7,a5
    5546:	40fe07b3          	sub	a5,t3,a5
    554a:	00579713          	slli	a4,a5,0x5
    554e:	18075e63          	bgez	a4,56ea <__addsf3+0x21e>
    5552:	04000437          	lui	s0,0x4000
    5556:	147d                	addi	s0,s0,-1
    5558:	8c7d                	and	s0,s0,a5
    555a:	8522                	mv	a0,s0
    555c:	27b000ef          	jal	ra,5fd6 <__clzsi2>
    5560:	156d                	addi	a0,a0,-5
    5562:	00a417b3          	sll	a5,s0,a0
    5566:	1a954863          	blt	a0,s1,5716 <__addsf3+0x24a>
    556a:	8d05                	sub	a0,a0,s1
    556c:	00150413          	addi	s0,a0,1 # 80000001 <_eusrstack+0x5fff8001>
    5570:	02000713          	li	a4,32
    5574:	8f01                	sub	a4,a4,s0
    5576:	00e79733          	sll	a4,a5,a4
    557a:	00e03733          	snez	a4,a4
    557e:	0087d7b3          	srl	a5,a5,s0
    5582:	8fd9                	or	a5,a5,a4
    5584:	4481                	li	s1,0
    5586:	0077f713          	andi	a4,a5,7
    558a:	c719                	beqz	a4,5598 <__addsf3+0xcc>
    558c:	00f7f713          	andi	a4,a5,15
    5590:	4691                	li	a3,4
    5592:	00d70363          	beq	a4,a3,5598 <__addsf3+0xcc>
    5596:	0791                	addi	a5,a5,4
    5598:	00579713          	slli	a4,a5,0x5
    559c:	14075b63          	bgez	a4,56f2 <__addsf3+0x226>
    55a0:	0485                	addi	s1,s1,1
    55a2:	0ff00713          	li	a4,255
    55a6:	864a                	mv	a2,s2
    55a8:	16e48363          	beq	s1,a4,570e <__addsf3+0x242>
    55ac:	079a                	slli	a5,a5,0x6
    55ae:	83a5                	srli	a5,a5,0x9
    55b0:	0ff4f513          	andi	a0,s1,255
    55b4:	40b2                	lw	ra,12(sp)
    55b6:	4422                	lw	s0,8(sp)
    55b8:	07a6                	slli	a5,a5,0x9
    55ba:	01751493          	slli	s1,a0,0x17
    55be:	0097d513          	srli	a0,a5,0x9
    55c2:	8d45                	or	a0,a0,s1
    55c4:	067e                	slli	a2,a2,0x1f
    55c6:	4492                	lw	s1,4(sp)
    55c8:	4902                	lw	s2,0(sp)
    55ca:	8d51                	or	a0,a0,a2
    55cc:	0141                	addi	sp,sp,16
    55ce:	8082                	ret
    55d0:	0a089963          	bnez	a7,5682 <__addsf3+0x1b6>
    55d4:	00148713          	addi	a4,s1,1
    55d8:	0fe77713          	andi	a4,a4,254
    55dc:	14071763          	bnez	a4,572a <__addsf3+0x25e>
    55e0:	22049063          	bnez	s1,5800 <__addsf3+0x334>
    55e4:	1e0e0d63          	beqz	t3,57de <__addsf3+0x312>
    55e8:	fc0e86e3          	beqz	t4,55b4 <__addsf3+0xe8>
    55ec:	41de07b3          	sub	a5,t3,t4
    55f0:	00579713          	slli	a4,a5,0x5
    55f4:	22075063          	bgez	a4,5814 <__addsf3+0x348>
    55f8:	41ce87b3          	sub	a5,t4,t3
    55fc:	892e                	mv	s2,a1
    55fe:	b761                	j	5586 <__addsf3+0xba>
    5600:	0b105c63          	blez	a7,56b8 <__addsf3+0x1ec>
    5604:	08080e63          	beqz	a6,56a0 <__addsf3+0x1d4>
    5608:	0ff00793          	li	a5,255
    560c:	06f48363          	beq	s1,a5,5672 <__addsf3+0x1a6>
    5610:	040007b7          	lui	a5,0x4000
    5614:	00feeeb3          	or	t4,t4,a5
    5618:	47ed                	li	a5,27
    561a:	1f17c963          	blt	a5,a7,580c <__addsf3+0x340>
    561e:	02000793          	li	a5,32
    5622:	411787b3          	sub	a5,a5,a7
    5626:	00fe97b3          	sll	a5,t4,a5
    562a:	011ed8b3          	srl	a7,t4,a7
    562e:	00f037b3          	snez	a5,a5
    5632:	00f8e7b3          	or	a5,a7,a5
    5636:	97f2                	add	a5,a5,t3
    5638:	00579713          	slli	a4,a5,0x5
    563c:	0a075763          	bgez	a4,56ea <__addsf3+0x21e>
    5640:	0485                	addi	s1,s1,1
    5642:	0ff00713          	li	a4,255
    5646:	0ce48463          	beq	s1,a4,570e <__addsf3+0x242>
    564a:	7e0006b7          	lui	a3,0x7e000
    564e:	0017d713          	srli	a4,a5,0x1
    5652:	16fd                	addi	a3,a3,-1
    5654:	8b85                	andi	a5,a5,1
    5656:	8f75                	and	a4,a4,a3
    5658:	8fd9                	or	a5,a5,a4
    565a:	b735                	j	5586 <__addsf3+0xba>
    565c:	080e8d63          	beqz	t4,56f6 <__addsf3+0x22a>
    5660:	18fd                	addi	a7,a7,-1
    5662:	41de07b3          	sub	a5,t3,t4
    5666:	ee0882e3          	beqz	a7,554a <__addsf3+0x7e>
    566a:	0ff00793          	li	a5,255
    566e:	eaf49de3          	bne	s1,a5,5528 <__addsf3+0x5c>
    5672:	08030d63          	beqz	t1,570c <__addsf3+0x240>
    5676:	4601                	li	a2,0
    5678:	0ff00513          	li	a0,255
    567c:	004007b7          	lui	a5,0x400
    5680:	bf15                	j	55b4 <__addsf3+0xe8>
    5682:	40980733          	sub	a4,a6,s1
    5686:	e8ed                	bnez	s1,5778 <__addsf3+0x2ac>
    5688:	140e0263          	beqz	t3,57cc <__addsf3+0x300>
    568c:	177d                	addi	a4,a4,-1
    568e:	18070863          	beqz	a4,581e <__addsf3+0x352>
    5692:	0ff00793          	li	a5,255
    5696:	0ef81963          	bne	a6,a5,5788 <__addsf3+0x2bc>
    569a:	892e                	mv	s2,a1
    569c:	8336                	mv	t1,a3
    569e:	bfd1                	j	5672 <__addsf3+0x1a6>
    56a0:	040e8b63          	beqz	t4,56f6 <__addsf3+0x22a>
    56a4:	18fd                	addi	a7,a7,-1
    56a6:	01de07b3          	add	a5,t3,t4
    56aa:	f80887e3          	beqz	a7,5638 <__addsf3+0x16c>
    56ae:	0ff00793          	li	a5,255
    56b2:	f6f493e3          	bne	s1,a5,5618 <__addsf3+0x14c>
    56b6:	bf75                	j	5672 <__addsf3+0x1a6>
    56b8:	08089563          	bnez	a7,5742 <__addsf3+0x276>
    56bc:	0485                	addi	s1,s1,1
    56be:	0fe4f713          	andi	a4,s1,254
    56c2:	12071363          	bnez	a4,57e8 <__addsf3+0x31c>
    56c6:	10051763          	bnez	a0,57d4 <__addsf3+0x308>
    56ca:	140e0f63          	beqz	t3,5828 <__addsf3+0x35c>
    56ce:	ee0e83e3          	beqz	t4,55b4 <__addsf3+0xe8>
    56d2:	01de07b3          	add	a5,t3,t4
    56d6:	00579713          	slli	a4,a5,0x5
    56da:	4481                	li	s1,0
    56dc:	00075763          	bgez	a4,56ea <__addsf3+0x21e>
    56e0:	fc000737          	lui	a4,0xfc000
    56e4:	177d                	addi	a4,a4,-1
    56e6:	8ff9                	and	a5,a5,a4
    56e8:	4485                	li	s1,1
    56ea:	0077f713          	andi	a4,a5,7
    56ee:	e8071fe3          	bnez	a4,558c <__addsf3+0xc0>
    56f2:	0037d313          	srli	t1,a5,0x3
    56f6:	0ff00793          	li	a5,255
    56fa:	f6f48ce3          	beq	s1,a5,5672 <__addsf3+0x1a6>
    56fe:	00931793          	slli	a5,t1,0x9
    5702:	83a5                	srli	a5,a5,0x9
    5704:	0ff4f513          	andi	a0,s1,255
    5708:	864a                	mv	a2,s2
    570a:	b56d                	j	55b4 <__addsf3+0xe8>
    570c:	864a                	mv	a2,s2
    570e:	0ff00513          	li	a0,255
    5712:	4781                	li	a5,0
    5714:	b545                	j	55b4 <__addsf3+0xe8>
    5716:	fc000737          	lui	a4,0xfc000
    571a:	177d                	addi	a4,a4,-1
    571c:	8ff9                	and	a5,a5,a4
    571e:	0077f713          	andi	a4,a5,7
    5722:	8c89                	sub	s1,s1,a0
    5724:	e60714e3          	bnez	a4,558c <__addsf3+0xc0>
    5728:	b7e9                	j	56f2 <__addsf3+0x226>
    572a:	41de0433          	sub	s0,t3,t4
    572e:	00541793          	slli	a5,s0,0x5
    5732:	0c07c363          	bltz	a5,57f8 <__addsf3+0x32c>
    5736:	e20412e3          	bnez	s0,555a <__addsf3+0x8e>
    573a:	4601                	li	a2,0
    573c:	4501                	li	a0,0
    573e:	4781                	li	a5,0
    5740:	bd95                	j	55b4 <__addsf3+0xe8>
    5742:	40980733          	sub	a4,a6,s1
    5746:	c4ad                	beqz	s1,57b0 <__addsf3+0x2e4>
    5748:	0ff00793          	li	a5,255
    574c:	f4f808e3          	beq	a6,a5,569c <__addsf3+0x1d0>
    5750:	040007b7          	lui	a5,0x4000
    5754:	00fe6e33          	or	t3,t3,a5
    5758:	47ed                	li	a5,27
    575a:	0ce7cc63          	blt	a5,a4,5832 <__addsf3+0x366>
    575e:	02000793          	li	a5,32
    5762:	8f99                	sub	a5,a5,a4
    5764:	00fe17b3          	sll	a5,t3,a5
    5768:	00ee5733          	srl	a4,t3,a4
    576c:	00f037b3          	snez	a5,a5
    5770:	8fd9                	or	a5,a5,a4
    5772:	97f6                	add	a5,a5,t4
    5774:	84c2                	mv	s1,a6
    5776:	b5c9                	j	5638 <__addsf3+0x16c>
    5778:	0ff00793          	li	a5,255
    577c:	f0f80fe3          	beq	a6,a5,569a <__addsf3+0x1ce>
    5780:	040007b7          	lui	a5,0x4000
    5784:	00fe6e33          	or	t3,t3,a5
    5788:	47ed                	li	a5,27
    578a:	08e7c363          	blt	a5,a4,5810 <__addsf3+0x344>
    578e:	02000693          	li	a3,32
    5792:	8e99                	sub	a3,a3,a4
    5794:	00de16b3          	sll	a3,t3,a3
    5798:	00ee57b3          	srl	a5,t3,a4
    579c:	00d03733          	snez	a4,a3
    57a0:	8fd9                	or	a5,a5,a4
    57a2:	40fe87b3          	sub	a5,t4,a5
    57a6:	84c2                	mv	s1,a6
    57a8:	892e                	mv	s2,a1
    57aa:	b345                	j	554a <__addsf3+0x7e>
    57ac:	4785                	li	a5,1
    57ae:	bb61                	j	5546 <__addsf3+0x7a>
    57b0:	060e0e63          	beqz	t3,582c <__addsf3+0x360>
    57b4:	177d                	addi	a4,a4,-1
    57b6:	01de07b3          	add	a5,t3,t4
    57ba:	84c2                	mv	s1,a6
    57bc:	e6070ee3          	beqz	a4,5638 <__addsf3+0x16c>
    57c0:	0ff00793          	li	a5,255
    57c4:	f8f81ae3          	bne	a6,a5,5758 <__addsf3+0x28c>
    57c8:	8336                	mv	t1,a3
    57ca:	b565                	j	5672 <__addsf3+0x1a6>
    57cc:	8336                	mv	t1,a3
    57ce:	84c2                	mv	s1,a6
    57d0:	892e                	mv	s2,a1
    57d2:	b715                	j	56f6 <__addsf3+0x22a>
    57d4:	ec0e04e3          	beqz	t3,569c <__addsf3+0x1d0>
    57d8:	e80e8de3          	beqz	t4,5672 <__addsf3+0x1a6>
    57dc:	bd69                	j	5676 <__addsf3+0x1aa>
    57de:	020e8d63          	beqz	t4,5818 <__addsf3+0x34c>
    57e2:	862e                	mv	a2,a1
    57e4:	87b6                	mv	a5,a3
    57e6:	b3f9                	j	55b4 <__addsf3+0xe8>
    57e8:	0ff00793          	li	a5,255
    57ec:	f2f481e3          	beq	s1,a5,570e <__addsf3+0x242>
    57f0:	01de07b3          	add	a5,t3,t4
    57f4:	8385                	srli	a5,a5,0x1
    57f6:	bdd5                	j	56ea <__addsf3+0x21e>
    57f8:	41ce8433          	sub	s0,t4,t3
    57fc:	892e                	mv	s2,a1
    57fe:	bbb1                	j	555a <__addsf3+0x8e>
    5800:	fc0e1ce3          	bnez	t3,57d8 <__addsf3+0x30c>
    5804:	e60e89e3          	beqz	t4,5676 <__addsf3+0x1aa>
    5808:	892e                	mv	s2,a1
    580a:	bd49                	j	569c <__addsf3+0x1d0>
    580c:	4785                	li	a5,1
    580e:	b525                	j	5636 <__addsf3+0x16a>
    5810:	4785                	li	a5,1
    5812:	bf41                	j	57a2 <__addsf3+0x2d6>
    5814:	ec079be3          	bnez	a5,56ea <__addsf3+0x21e>
    5818:	4601                	li	a2,0
    581a:	4781                	li	a5,0
    581c:	bb61                	j	55b4 <__addsf3+0xe8>
    581e:	41ce87b3          	sub	a5,t4,t3
    5822:	84c2                	mv	s1,a6
    5824:	892e                	mv	s2,a1
    5826:	b315                	j	554a <__addsf3+0x7e>
    5828:	87b6                	mv	a5,a3
    582a:	b369                	j	55b4 <__addsf3+0xe8>
    582c:	8336                	mv	t1,a3
    582e:	84c2                	mv	s1,a6
    5830:	b5d9                	j	56f6 <__addsf3+0x22a>
    5832:	4785                	li	a5,1
    5834:	bf3d                	j	5772 <__addsf3+0x2a6>

00005836 <__divsf3>:
    5836:	7139                	addi	sp,sp,-64
    5838:	01755793          	srli	a5,a0,0x17
    583c:	d84a                	sw	s2,48(sp)
    583e:	d256                	sw	s5,36(sp)
    5840:	ce5e                	sw	s7,28(sp)
    5842:	00951a93          	slli	s5,a0,0x9
    5846:	01f55913          	srli	s2,a0,0x1f
    584a:	de06                	sw	ra,60(sp)
    584c:	dc22                	sw	s0,56(sp)
    584e:	da26                	sw	s1,52(sp)
    5850:	d64e                	sw	s3,44(sp)
    5852:	d452                	sw	s4,40(sp)
    5854:	d05a                	sw	s6,32(sp)
    5856:	0ff7f793          	andi	a5,a5,255
    585a:	009ada93          	srli	s5,s5,0x9
    585e:	8bca                	mv	s7,s2
    5860:	12078263          	beqz	a5,5984 <__divsf3+0x14e>
    5864:	0ff00713          	li	a4,255
    5868:	12e78463          	beq	a5,a4,5990 <__divsf3+0x15a>
    586c:	0a8e                	slli	s5,s5,0x3
    586e:	04000737          	lui	a4,0x4000
    5872:	00eaeab3          	or	s5,s5,a4
    5876:	f8178a13          	addi	s4,a5,-127 # 3ffff81 <_data_lma+0x3ff609d>
    587a:	4401                	li	s0,0
    587c:	4b01                	li	s6,0
    587e:	0175d793          	srli	a5,a1,0x17
    5882:	00959493          	slli	s1,a1,0x9
    5886:	0ff7f793          	andi	a5,a5,255
    588a:	80a5                	srli	s1,s1,0x9
    588c:	01f5d993          	srli	s3,a1,0x1f
    5890:	c7fd                	beqz	a5,597e <__divsf3+0x148>
    5892:	0ff00713          	li	a4,255
    5896:	02e78763          	beq	a5,a4,58c4 <__divsf3+0x8e>
    589a:	048e                	slli	s1,s1,0x3
    589c:	f8178793          	addi	a5,a5,-127
    58a0:	04000737          	lui	a4,0x4000
    58a4:	8cd9                	or	s1,s1,a4
    58a6:	40fa0a33          	sub	s4,s4,a5
    58aa:	4681                	li	a3,0
    58ac:	8c55                	or	s0,s0,a3
    58ae:	00004717          	auipc	a4,0x4
    58b2:	3da70713          	addi	a4,a4,986 # 9c88 <ln2LO+0x90>
    58b6:	040a                	slli	s0,s0,0x2
    58b8:	943a                	add	s0,s0,a4
    58ba:	401c                	lw	a5,0(s0)
    58bc:	01394933          	xor	s2,s2,s3
    58c0:	97ba                	add	a5,a5,a4
    58c2:	8782                	jr	a5
    58c4:	f01a0a13          	addi	s4,s4,-255
    58c8:	e8f9                	bnez	s1,599e <__divsf3+0x168>
    58ca:	4689                	li	a3,2
    58cc:	8c55                	or	s0,s0,a3
    58ce:	00004717          	auipc	a4,0x4
    58d2:	3fa70713          	addi	a4,a4,1018 # 9cc8 <ln2LO+0xd0>
    58d6:	040a                	slli	s0,s0,0x2
    58d8:	943a                	add	s0,s0,a4
    58da:	401c                	lw	a5,0(s0)
    58dc:	01394933          	xor	s2,s2,s3
    58e0:	97ba                	add	a5,a5,a4
    58e2:	8782                	jr	a5
    58e4:	4901                	li	s2,0
    58e6:	0ff00713          	li	a4,255
    58ea:	004007b7          	lui	a5,0x400
    58ee:	00979513          	slli	a0,a5,0x9
    58f2:	50f2                	lw	ra,60(sp)
    58f4:	5462                	lw	s0,56(sp)
    58f6:	01771793          	slli	a5,a4,0x17
    58fa:	8125                	srli	a0,a0,0x9
    58fc:	097e                	slli	s2,s2,0x1f
    58fe:	8d5d                	or	a0,a0,a5
    5900:	01256533          	or	a0,a0,s2
    5904:	54d2                	lw	s1,52(sp)
    5906:	5942                	lw	s2,48(sp)
    5908:	59b2                	lw	s3,44(sp)
    590a:	5a22                	lw	s4,40(sp)
    590c:	5a92                	lw	s5,36(sp)
    590e:	5b02                	lw	s6,32(sp)
    5910:	4bf2                	lw	s7,28(sp)
    5912:	6121                	addi	sp,sp,64
    5914:	8082                	ret
    5916:	0ff00713          	li	a4,255
    591a:	4781                	li	a5,0
    591c:	bfc9                	j	58ee <__divsf3+0xb8>
    591e:	8aa6                	mv	s5,s1
    5920:	8bce                	mv	s7,s3
    5922:	8b36                	mv	s6,a3
    5924:	4789                	li	a5,2
    5926:	1afb0963          	beq	s6,a5,5ad8 <__divsf3+0x2a2>
    592a:	478d                	li	a5,3
    592c:	fafb0ce3          	beq	s6,a5,58e4 <__divsf3+0xae>
    5930:	4785                	li	a5,1
    5932:	0afb0863          	beq	s6,a5,59e2 <__divsf3+0x1ac>
    5936:	07fa0713          	addi	a4,s4,127
    593a:	001bf913          	andi	s2,s7,1
    593e:	12e05563          	blez	a4,5a68 <__divsf3+0x232>
    5942:	007af793          	andi	a5,s5,7
    5946:	c799                	beqz	a5,5954 <__divsf3+0x11e>
    5948:	00faf793          	andi	a5,s5,15
    594c:	4691                	li	a3,4
    594e:	00d78363          	beq	a5,a3,5954 <__divsf3+0x11e>
    5952:	0a91                	addi	s5,s5,4
    5954:	004a9793          	slli	a5,s5,0x4
    5958:	0007d963          	bgez	a5,596a <__divsf3+0x134>
    595c:	f80007b7          	lui	a5,0xf8000
    5960:	17fd                	addi	a5,a5,-1
    5962:	00fafab3          	and	s5,s5,a5
    5966:	080a0713          	addi	a4,s4,128
    596a:	0fe00793          	li	a5,254
    596e:	fae7c4e3          	blt	a5,a4,5916 <__divsf3+0xe0>
    5972:	006a9793          	slli	a5,s5,0x6
    5976:	83a5                	srli	a5,a5,0x9
    5978:	0ff77713          	andi	a4,a4,255
    597c:	bf8d                	j	58ee <__divsf3+0xb8>
    597e:	e4b1                	bnez	s1,59ca <__divsf3+0x194>
    5980:	4685                	li	a3,1
    5982:	b7a9                	j	58cc <__divsf3+0x96>
    5984:	020a9463          	bnez	s5,59ac <__divsf3+0x176>
    5988:	4411                	li	s0,4
    598a:	4a01                	li	s4,0
    598c:	4b05                	li	s6,1
    598e:	bdc5                	j	587e <__divsf3+0x48>
    5990:	000a9963          	bnez	s5,59a2 <__divsf3+0x16c>
    5994:	4421                	li	s0,8
    5996:	0ff00a13          	li	s4,255
    599a:	4b09                	li	s6,2
    599c:	b5cd                	j	587e <__divsf3+0x48>
    599e:	468d                	li	a3,3
    59a0:	b731                	j	58ac <__divsf3+0x76>
    59a2:	4431                	li	s0,12
    59a4:	0ff00a13          	li	s4,255
    59a8:	4b0d                	li	s6,3
    59aa:	bdd1                	j	587e <__divsf3+0x48>
    59ac:	8556                	mv	a0,s5
    59ae:	c62e                	sw	a1,12(sp)
    59b0:	251d                	jal	5fd6 <__clzsi2>
    59b2:	ffb50793          	addi	a5,a0,-5
    59b6:	00fa9ab3          	sll	s5,s5,a5
    59ba:	f8a00793          	li	a5,-118
    59be:	40a78a33          	sub	s4,a5,a0
    59c2:	4401                	li	s0,0
    59c4:	4b01                	li	s6,0
    59c6:	45b2                	lw	a1,12(sp)
    59c8:	bd5d                	j	587e <__divsf3+0x48>
    59ca:	8526                	mv	a0,s1
    59cc:	2529                	jal	5fd6 <__clzsi2>
    59ce:	ffb50713          	addi	a4,a0,-5
    59d2:	00aa07b3          	add	a5,s4,a0
    59d6:	00e494b3          	sll	s1,s1,a4
    59da:	07678a13          	addi	s4,a5,118 # f8000076 <_eusrstack+0xd7ff8076>
    59de:	4681                	li	a3,0
    59e0:	b5f1                	j	58ac <__divsf3+0x76>
    59e2:	001bf913          	andi	s2,s7,1
    59e6:	4701                	li	a4,0
    59e8:	4781                	li	a5,0
    59ea:	b711                	j	58ee <__divsf3+0xb8>
    59ec:	6641                	lui	a2,0x10
    59ee:	00549513          	slli	a0,s1,0x5
    59f2:	167d                	addi	a2,a2,-1
    59f4:	01055793          	srli	a5,a0,0x10
    59f8:	8e69                	and	a2,a2,a0
    59fa:	0a9afa63          	bgeu	s5,s1,5aae <__divsf3+0x278>
    59fe:	02fad5b3          	divu	a1,s5,a5
    5a02:	1a7d                	addi	s4,s4,-1
    5a04:	86d6                	mv	a3,s5
    5a06:	4701                	li	a4,0
    5a08:	02c58833          	mul	a6,a1,a2
    5a0c:	02f6f6b3          	remu	a3,a3,a5
    5a10:	06c2                	slli	a3,a3,0x10
    5a12:	8f55                	or	a4,a4,a3
    5a14:	01077b63          	bgeu	a4,a6,5a2a <__divsf3+0x1f4>
    5a18:	972a                	add	a4,a4,a0
    5a1a:	fff58693          	addi	a3,a1,-1
    5a1e:	0aa76863          	bltu	a4,a0,5ace <__divsf3+0x298>
    5a22:	0b077663          	bgeu	a4,a6,5ace <__divsf3+0x298>
    5a26:	15f9                	addi	a1,a1,-2
    5a28:	972a                	add	a4,a4,a0
    5a2a:	41070733          	sub	a4,a4,a6
    5a2e:	02f756b3          	divu	a3,a4,a5
    5a32:	02f77733          	remu	a4,a4,a5
    5a36:	02c68ab3          	mul	s5,a3,a2
    5a3a:	01071793          	slli	a5,a4,0x10
    5a3e:	0157fb63          	bgeu	a5,s5,5a54 <__divsf3+0x21e>
    5a42:	97aa                	add	a5,a5,a0
    5a44:	fff68713          	addi	a4,a3,-1 # 7dffffff <_eusrstack+0x5dff7fff>
    5a48:	08a7e163          	bltu	a5,a0,5aca <__divsf3+0x294>
    5a4c:	0757ff63          	bgeu	a5,s5,5aca <__divsf3+0x294>
    5a50:	16f9                	addi	a3,a3,-2
    5a52:	97aa                	add	a5,a5,a0
    5a54:	05c2                	slli	a1,a1,0x10
    5a56:	41578ab3          	sub	s5,a5,s5
    5a5a:	8dd5                	or	a1,a1,a3
    5a5c:	01503ab3          	snez	s5,s5
    5a60:	0155eab3          	or	s5,a1,s5
    5a64:	8bca                	mv	s7,s2
    5a66:	bdc1                	j	5936 <__divsf3+0x100>
    5a68:	4685                	li	a3,1
    5a6a:	8e99                	sub	a3,a3,a4
    5a6c:	c711                	beqz	a4,5a78 <__divsf3+0x242>
    5a6e:	466d                	li	a2,27
    5a70:	4701                	li	a4,0
    5a72:	4781                	li	a5,0
    5a74:	e6d64de3          	blt	a2,a3,58ee <__divsf3+0xb8>
    5a78:	09ea0a13          	addi	s4,s4,158
    5a7c:	014a9a33          	sll	s4,s5,s4
    5a80:	00dad7b3          	srl	a5,s5,a3
    5a84:	01403ab3          	snez	s5,s4
    5a88:	0157e7b3          	or	a5,a5,s5
    5a8c:	0077f713          	andi	a4,a5,7
    5a90:	c719                	beqz	a4,5a9e <__divsf3+0x268>
    5a92:	00f7f713          	andi	a4,a5,15
    5a96:	4691                	li	a3,4
    5a98:	00d70363          	beq	a4,a3,5a9e <__divsf3+0x268>
    5a9c:	0791                	addi	a5,a5,4
    5a9e:	00579713          	slli	a4,a5,0x5
    5aa2:	02074863          	bltz	a4,5ad2 <__divsf3+0x29c>
    5aa6:	079a                	slli	a5,a5,0x6
    5aa8:	83a5                	srli	a5,a5,0x9
    5aaa:	4701                	li	a4,0
    5aac:	b589                	j	58ee <__divsf3+0xb8>
    5aae:	001ad693          	srli	a3,s5,0x1
    5ab2:	02f6d5b3          	divu	a1,a3,a5
    5ab6:	01fa9713          	slli	a4,s5,0x1f
    5aba:	8341                	srli	a4,a4,0x10
    5abc:	02c58833          	mul	a6,a1,a2
    5ac0:	b7b1                	j	5a0c <__divsf3+0x1d6>
    5ac2:	8bce                	mv	s7,s3
    5ac4:	8b36                	mv	s6,a3
    5ac6:	4a81                	li	s5,0
    5ac8:	bdb1                	j	5924 <__divsf3+0xee>
    5aca:	86ba                	mv	a3,a4
    5acc:	b761                	j	5a54 <__divsf3+0x21e>
    5ace:	85b6                	mv	a1,a3
    5ad0:	bfa9                	j	5a2a <__divsf3+0x1f4>
    5ad2:	4705                	li	a4,1
    5ad4:	4781                	li	a5,0
    5ad6:	bd21                	j	58ee <__divsf3+0xb8>
    5ad8:	001bf913          	andi	s2,s7,1
    5adc:	0ff00713          	li	a4,255
    5ae0:	4781                	li	a5,0
    5ae2:	b531                	j	58ee <__divsf3+0xb8>

00005ae4 <__gesf2>:
    5ae4:	01755693          	srli	a3,a0,0x17
    5ae8:	008007b7          	lui	a5,0x800
    5aec:	17fd                	addi	a5,a5,-1
    5aee:	0175d613          	srli	a2,a1,0x17
    5af2:	0ff6f693          	andi	a3,a3,255
    5af6:	0ff00813          	li	a6,255
    5afa:	00a7f8b3          	and	a7,a5,a0
    5afe:	01f55713          	srli	a4,a0,0x1f
    5b02:	8fed                	and	a5,a5,a1
    5b04:	0ff67613          	andi	a2,a2,255
    5b08:	81fd                	srli	a1,a1,0x1f
    5b0a:	03068163          	beq	a3,a6,5b2c <__gesf2+0x48>
    5b0e:	01060c63          	beq	a2,a6,5b26 <__gesf2+0x42>
    5b12:	e28d                	bnez	a3,5b34 <__gesf2+0x50>
    5b14:	e211                	bnez	a2,5b18 <__gesf2+0x34>
    5b16:	c3b1                	beqz	a5,5b5a <__gesf2+0x76>
    5b18:	02088e63          	beqz	a7,5b54 <__gesf2+0x70>
    5b1c:	04b70563          	beq	a4,a1,5b66 <__gesf2+0x82>
    5b20:	4505                	li	a0,1
    5b22:	e71d                	bnez	a4,5b50 <__gesf2+0x6c>
    5b24:	8082                	ret
    5b26:	d7f5                	beqz	a5,5b12 <__gesf2+0x2e>
    5b28:	5579                	li	a0,-2
    5b2a:	8082                	ret
    5b2c:	fe089ee3          	bnez	a7,5b28 <__gesf2+0x44>
    5b30:	02d60963          	beq	a2,a3,5b62 <__gesf2+0x7e>
    5b34:	e211                	bnez	a2,5b38 <__gesf2+0x54>
    5b36:	d7ed                	beqz	a5,5b20 <__gesf2+0x3c>
    5b38:	feb714e3          	bne	a4,a1,5b20 <__gesf2+0x3c>
    5b3c:	fed642e3          	blt	a2,a3,5b20 <__gesf2+0x3c>
    5b40:	00c6c763          	blt	a3,a2,5b4e <__gesf2+0x6a>
    5b44:	fd17eee3          	bltu	a5,a7,5b20 <__gesf2+0x3c>
    5b48:	4501                	li	a0,0
    5b4a:	fcf8fde3          	bgeu	a7,a5,5b24 <__gesf2+0x40>
    5b4e:	e701                	bnez	a4,5b56 <__gesf2+0x72>
    5b50:	557d                	li	a0,-1
    5b52:	8082                	ret
    5b54:	ddf5                	beqz	a1,5b50 <__gesf2+0x6c>
    5b56:	4505                	li	a0,1
    5b58:	8082                	ret
    5b5a:	4501                	li	a0,0
    5b5c:	fc0892e3          	bnez	a7,5b20 <__gesf2+0x3c>
    5b60:	8082                	ret
    5b62:	dbf9                	beqz	a5,5b38 <__gesf2+0x54>
    5b64:	b7d1                	j	5b28 <__gesf2+0x44>
    5b66:	4681                	li	a3,0
    5b68:	bfe1                	j	5b40 <__gesf2+0x5c>

00005b6a <__mulsf3>:
    5b6a:	7179                	addi	sp,sp,-48
    5b6c:	d422                	sw	s0,40(sp)
    5b6e:	01755413          	srli	s0,a0,0x17
    5b72:	ce4e                	sw	s3,28(sp)
    5b74:	cc52                	sw	s4,24(sp)
    5b76:	00951993          	slli	s3,a0,0x9
    5b7a:	d606                	sw	ra,44(sp)
    5b7c:	d226                	sw	s1,36(sp)
    5b7e:	d04a                	sw	s2,32(sp)
    5b80:	ca56                	sw	s5,20(sp)
    5b82:	c85a                	sw	s6,16(sp)
    5b84:	0ff47413          	andi	s0,s0,255
    5b88:	0099d993          	srli	s3,s3,0x9
    5b8c:	01f55a13          	srli	s4,a0,0x1f
    5b90:	c469                	beqz	s0,5c5a <__mulsf3+0xf0>
    5b92:	0ff00793          	li	a5,255
    5b96:	0ef40863          	beq	s0,a5,5c86 <__mulsf3+0x11c>
    5b9a:	00399793          	slli	a5,s3,0x3
    5b9e:	04000737          	lui	a4,0x4000
    5ba2:	00e7e9b3          	or	s3,a5,a4
    5ba6:	f8140413          	addi	s0,s0,-127 # 3ffff81 <_data_lma+0x3ff609d>
    5baa:	4481                	li	s1,0
    5bac:	4b01                	li	s6,0
    5bae:	0175d713          	srli	a4,a1,0x17
    5bb2:	00959a93          	slli	s5,a1,0x9
    5bb6:	0ff77713          	andi	a4,a4,255
    5bba:	009ada93          	srli	s5,s5,0x9
    5bbe:	01f5d913          	srli	s2,a1,0x1f
    5bc2:	cf45                	beqz	a4,5c7a <__mulsf3+0x110>
    5bc4:	0ff00793          	li	a5,255
    5bc8:	02f70c63          	beq	a4,a5,5c00 <__mulsf3+0x96>
    5bcc:	0a8e                	slli	s5,s5,0x3
    5bce:	f8170713          	addi	a4,a4,-127 # 3ffff81 <_data_lma+0x3ff609d>
    5bd2:	040007b7          	lui	a5,0x4000
    5bd6:	00faeab3          	or	s5,s5,a5
    5bda:	943a                	add	s0,s0,a4
    5bdc:	4601                	li	a2,0
    5bde:	012a4533          	xor	a0,s4,s2
    5be2:	47bd                	li	a5,15
    5be4:	86aa                	mv	a3,a0
    5be6:	00140593          	addi	a1,s0,1
    5bea:	1097e063          	bltu	a5,s1,5cea <__mulsf3+0x180>
    5bee:	00004717          	auipc	a4,0x4
    5bf2:	11a70713          	addi	a4,a4,282 # 9d08 <ln2LO+0x110>
    5bf6:	048a                	slli	s1,s1,0x2
    5bf8:	94ba                	add	s1,s1,a4
    5bfa:	409c                	lw	a5,0(s1)
    5bfc:	97ba                	add	a5,a5,a4
    5bfe:	8782                	jr	a5
    5c00:	0ff40413          	addi	s0,s0,255
    5c04:	0c0a9663          	bnez	s5,5cd0 <__mulsf3+0x166>
    5c08:	0024e493          	ori	s1,s1,2
    5c0c:	4609                	li	a2,2
    5c0e:	bfc1                	j	5bde <__mulsf3+0x74>
    5c10:	4501                	li	a0,0
    5c12:	0ff00713          	li	a4,255
    5c16:	004007b7          	lui	a5,0x400
    5c1a:	50b2                	lw	ra,44(sp)
    5c1c:	5422                	lw	s0,40(sp)
    5c1e:	07a6                	slli	a5,a5,0x9
    5c20:	075e                	slli	a4,a4,0x17
    5c22:	83a5                	srli	a5,a5,0x9
    5c24:	057e                	slli	a0,a0,0x1f
    5c26:	8fd9                	or	a5,a5,a4
    5c28:	5492                	lw	s1,36(sp)
    5c2a:	5902                	lw	s2,32(sp)
    5c2c:	49f2                	lw	s3,28(sp)
    5c2e:	4a62                	lw	s4,24(sp)
    5c30:	4ad2                	lw	s5,20(sp)
    5c32:	4b42                	lw	s6,16(sp)
    5c34:	8d5d                	or	a0,a0,a5
    5c36:	6145                	addi	sp,sp,48
    5c38:	8082                	ret
    5c3a:	86ca                	mv	a3,s2
    5c3c:	89d6                	mv	s3,s5
    5c3e:	8b32                	mv	s6,a2
    5c40:	4789                	li	a5,2
    5c42:	08fb0f63          	beq	s6,a5,5ce0 <__mulsf3+0x176>
    5c46:	478d                	li	a5,3
    5c48:	fcfb04e3          	beq	s6,a5,5c10 <__mulsf3+0xa6>
    5c4c:	4785                	li	a5,1
    5c4e:	8536                	mv	a0,a3
    5c50:	1afb1063          	bne	s6,a5,5df0 <__mulsf3+0x286>
    5c54:	4701                	li	a4,0
    5c56:	4781                	li	a5,0
    5c58:	b7c9                	j	5c1a <__mulsf3+0xb0>
    5c5a:	04099d63          	bnez	s3,5cb4 <__mulsf3+0x14a>
    5c5e:	0175d713          	srli	a4,a1,0x17
    5c62:	00959a93          	slli	s5,a1,0x9
    5c66:	0ff77713          	andi	a4,a4,255
    5c6a:	4491                	li	s1,4
    5c6c:	4401                	li	s0,0
    5c6e:	4b05                	li	s6,1
    5c70:	009ada93          	srli	s5,s5,0x9
    5c74:	01f5d913          	srli	s2,a1,0x1f
    5c78:	f731                	bnez	a4,5bc4 <__mulsf3+0x5a>
    5c7a:	000a9d63          	bnez	s5,5c94 <__mulsf3+0x12a>
    5c7e:	0014e493          	ori	s1,s1,1
    5c82:	4605                	li	a2,1
    5c84:	bfa9                	j	5bde <__mulsf3+0x74>
    5c86:	02099263          	bnez	s3,5caa <__mulsf3+0x140>
    5c8a:	44a1                	li	s1,8
    5c8c:	0ff00413          	li	s0,255
    5c90:	4b09                	li	s6,2
    5c92:	bf31                	j	5bae <__mulsf3+0x44>
    5c94:	8556                	mv	a0,s5
    5c96:	2681                	jal	5fd6 <__clzsi2>
    5c98:	ffb50793          	addi	a5,a0,-5
    5c9c:	8c09                	sub	s0,s0,a0
    5c9e:	00fa9ab3          	sll	s5,s5,a5
    5ca2:	f8a40413          	addi	s0,s0,-118
    5ca6:	4601                	li	a2,0
    5ca8:	bf1d                	j	5bde <__mulsf3+0x74>
    5caa:	44b1                	li	s1,12
    5cac:	0ff00413          	li	s0,255
    5cb0:	4b0d                	li	s6,3
    5cb2:	bdf5                	j	5bae <__mulsf3+0x44>
    5cb4:	854e                	mv	a0,s3
    5cb6:	c62e                	sw	a1,12(sp)
    5cb8:	2e39                	jal	5fd6 <__clzsi2>
    5cba:	ffb50793          	addi	a5,a0,-5
    5cbe:	f8a00413          	li	s0,-118
    5cc2:	00f999b3          	sll	s3,s3,a5
    5cc6:	8c09                	sub	s0,s0,a0
    5cc8:	4481                	li	s1,0
    5cca:	4b01                	li	s6,0
    5ccc:	45b2                	lw	a1,12(sp)
    5cce:	b5c5                	j	5bae <__mulsf3+0x44>
    5cd0:	0034e493          	ori	s1,s1,3
    5cd4:	460d                	li	a2,3
    5cd6:	b721                	j	5bde <__mulsf3+0x74>
    5cd8:	4789                	li	a5,2
    5cda:	86d2                	mv	a3,s4
    5cdc:	f6fb15e3          	bne	s6,a5,5c46 <__mulsf3+0xdc>
    5ce0:	8536                	mv	a0,a3
    5ce2:	0ff00713          	li	a4,255
    5ce6:	4781                	li	a5,0
    5ce8:	bf0d                	j	5c1a <__mulsf3+0xb0>
    5cea:	6341                	lui	t1,0x10
    5cec:	fff30693          	addi	a3,t1,-1 # ffff <_data_lma+0x611b>
    5cf0:	0109d613          	srli	a2,s3,0x10
    5cf4:	010ad893          	srli	a7,s5,0x10
    5cf8:	00d9f7b3          	and	a5,s3,a3
    5cfc:	00dafab3          	and	s5,s5,a3
    5d00:	03578833          	mul	a6,a5,s5
    5d04:	02f889b3          	mul	s3,a7,a5
    5d08:	01085713          	srli	a4,a6,0x10
    5d0c:	03560ab3          	mul	s5,a2,s5
    5d10:	99d6                	add	s3,s3,s5
    5d12:	974e                	add	a4,a4,s3
    5d14:	03160633          	mul	a2,a2,a7
    5d18:	01577363          	bgeu	a4,s5,5d1e <__mulsf3+0x1b4>
    5d1c:	961a                	add	a2,a2,t1
    5d1e:	67c1                	lui	a5,0x10
    5d20:	17fd                	addi	a5,a5,-1
    5d22:	00f776b3          	and	a3,a4,a5
    5d26:	00f87833          	and	a6,a6,a5
    5d2a:	06c2                	slli	a3,a3,0x10
    5d2c:	96c2                	add	a3,a3,a6
    5d2e:	00669993          	slli	s3,a3,0x6
    5d32:	01075793          	srli	a5,a4,0x10
    5d36:	013039b3          	snez	s3,s3
    5d3a:	82e9                	srli	a3,a3,0x1a
    5d3c:	97b2                	add	a5,a5,a2
    5d3e:	079a                	slli	a5,a5,0x6
    5d40:	00d9e6b3          	or	a3,s3,a3
    5d44:	00d7e9b3          	or	s3,a5,a3
    5d48:	00499793          	slli	a5,s3,0x4
    5d4c:	0007d963          	bgez	a5,5d5e <__mulsf3+0x1f4>
    5d50:	0019d713          	srli	a4,s3,0x1
    5d54:	0019f793          	andi	a5,s3,1
    5d58:	00f769b3          	or	s3,a4,a5
    5d5c:	842e                	mv	s0,a1
    5d5e:	07f40713          	addi	a4,s0,127
    5d62:	04e05063          	blez	a4,5da2 <__mulsf3+0x238>
    5d66:	0079f793          	andi	a5,s3,7
    5d6a:	c799                	beqz	a5,5d78 <__mulsf3+0x20e>
    5d6c:	00f9f793          	andi	a5,s3,15
    5d70:	4691                	li	a3,4
    5d72:	00d78363          	beq	a5,a3,5d78 <__mulsf3+0x20e>
    5d76:	0991                	addi	s3,s3,4
    5d78:	00499793          	slli	a5,s3,0x4
    5d7c:	0007d963          	bgez	a5,5d8e <__mulsf3+0x224>
    5d80:	f80007b7          	lui	a5,0xf8000
    5d84:	17fd                	addi	a5,a5,-1
    5d86:	00f9f9b3          	and	s3,s3,a5
    5d8a:	08040713          	addi	a4,s0,128
    5d8e:	0fe00793          	li	a5,254
    5d92:	04e7cb63          	blt	a5,a4,5de8 <__mulsf3+0x27e>
    5d96:	00699793          	slli	a5,s3,0x6
    5d9a:	83a5                	srli	a5,a5,0x9
    5d9c:	0ff77713          	andi	a4,a4,255
    5da0:	bdad                	j	5c1a <__mulsf3+0xb0>
    5da2:	4785                	li	a5,1
    5da4:	40e786b3          	sub	a3,a5,a4
    5da8:	c711                	beqz	a4,5db4 <__mulsf3+0x24a>
    5daa:	466d                	li	a2,27
    5dac:	4701                	li	a4,0
    5dae:	4781                	li	a5,0
    5db0:	e6d645e3          	blt	a2,a3,5c1a <__mulsf3+0xb0>
    5db4:	09e40713          	addi	a4,s0,158
    5db8:	00e99733          	sll	a4,s3,a4
    5dbc:	00e03733          	snez	a4,a4
    5dc0:	00d9d7b3          	srl	a5,s3,a3
    5dc4:	8fd9                	or	a5,a5,a4
    5dc6:	0077f713          	andi	a4,a5,7
    5dca:	c719                	beqz	a4,5dd8 <__mulsf3+0x26e>
    5dcc:	00f7f713          	andi	a4,a5,15
    5dd0:	4691                	li	a3,4
    5dd2:	00d70363          	beq	a4,a3,5dd8 <__mulsf3+0x26e>
    5dd6:	0791                	addi	a5,a5,4
    5dd8:	00579713          	slli	a4,a5,0x5
    5ddc:	00074c63          	bltz	a4,5df4 <__mulsf3+0x28a>
    5de0:	079a                	slli	a5,a5,0x6
    5de2:	83a5                	srli	a5,a5,0x9
    5de4:	4701                	li	a4,0
    5de6:	bd15                	j	5c1a <__mulsf3+0xb0>
    5de8:	0ff00713          	li	a4,255
    5dec:	4781                	li	a5,0
    5dee:	b535                	j	5c1a <__mulsf3+0xb0>
    5df0:	842e                	mv	s0,a1
    5df2:	b7b5                	j	5d5e <__mulsf3+0x1f4>
    5df4:	4705                	li	a4,1
    5df6:	4781                	li	a5,0
    5df8:	b50d                	j	5c1a <__mulsf3+0xb0>

00005dfa <__fixsfsi>:
    5dfa:	00800637          	lui	a2,0x800
    5dfe:	01755713          	srli	a4,a0,0x17
    5e02:	fff60793          	addi	a5,a2,-1 # 7fffff <_data_lma+0x7f611b>
    5e06:	0ff77713          	andi	a4,a4,255
    5e0a:	07e00593          	li	a1,126
    5e0e:	00a7f6b3          	and	a3,a5,a0
    5e12:	01f55793          	srli	a5,a0,0x1f
    5e16:	00e5fc63          	bgeu	a1,a4,5e2e <__fixsfsi+0x34>
    5e1a:	09d00593          	li	a1,157
    5e1e:	00e5fa63          	bgeu	a1,a4,5e32 <__fixsfsi+0x38>
    5e22:	80000537          	lui	a0,0x80000
    5e26:	fff54513          	not	a0,a0
    5e2a:	953e                	add	a0,a0,a5
    5e2c:	8082                	ret
    5e2e:	4501                	li	a0,0
    5e30:	8082                	ret
    5e32:	09500593          	li	a1,149
    5e36:	8ed1                	or	a3,a3,a2
    5e38:	00e5cd63          	blt	a1,a4,5e52 <__fixsfsi+0x58>
    5e3c:	09600613          	li	a2,150
    5e40:	40e60733          	sub	a4,a2,a4
    5e44:	00e6d733          	srl	a4,a3,a4
    5e48:	40e00533          	neg	a0,a4
    5e4c:	f3f5                	bnez	a5,5e30 <__fixsfsi+0x36>
    5e4e:	853a                	mv	a0,a4
    5e50:	8082                	ret
    5e52:	f6a70713          	addi	a4,a4,-150
    5e56:	00e69733          	sll	a4,a3,a4
    5e5a:	b7fd                	j	5e48 <__fixsfsi+0x4e>

00005e5c <__floatunsisf>:
    5e5c:	1141                	addi	sp,sp,-16
    5e5e:	c606                	sw	ra,12(sp)
    5e60:	c422                	sw	s0,8(sp)
    5e62:	cd15                	beqz	a0,5e9e <__floatunsisf+0x42>
    5e64:	842a                	mv	s0,a0
    5e66:	2a85                	jal	5fd6 <__clzsi2>
    5e68:	09e00793          	li	a5,158
    5e6c:	40a78733          	sub	a4,a5,a0
    5e70:	09600793          	li	a5,150
    5e74:	04e7c063          	blt	a5,a4,5eb4 <__floatunsisf+0x58>
    5e78:	46a1                	li	a3,8
    5e7a:	0ff77793          	andi	a5,a4,255
    5e7e:	00a6d563          	bge	a3,a0,5e88 <__floatunsisf+0x2c>
    5e82:	1561                	addi	a0,a0,-8
    5e84:	00a41433          	sll	s0,s0,a0
    5e88:	0426                	slli	s0,s0,0x9
    5e8a:	8025                	srli	s0,s0,0x9
    5e8c:	0426                	slli	s0,s0,0x9
    5e8e:	00945513          	srli	a0,s0,0x9
    5e92:	40b2                	lw	ra,12(sp)
    5e94:	4422                	lw	s0,8(sp)
    5e96:	07de                	slli	a5,a5,0x17
    5e98:	8d5d                	or	a0,a0,a5
    5e9a:	0141                	addi	sp,sp,16
    5e9c:	8082                	ret
    5e9e:	4401                	li	s0,0
    5ea0:	0426                	slli	s0,s0,0x9
    5ea2:	00945513          	srli	a0,s0,0x9
    5ea6:	40b2                	lw	ra,12(sp)
    5ea8:	4422                	lw	s0,8(sp)
    5eaa:	4781                	li	a5,0
    5eac:	07de                	slli	a5,a5,0x17
    5eae:	8d5d                	or	a0,a0,a5
    5eb0:	0141                	addi	sp,sp,16
    5eb2:	8082                	ret
    5eb4:	09900793          	li	a5,153
    5eb8:	00e7dd63          	bge	a5,a4,5ed2 <__floatunsisf+0x76>
    5ebc:	01b50793          	addi	a5,a0,27 # 8000001b <_eusrstack+0x5fff801b>
    5ec0:	4695                	li	a3,5
    5ec2:	00f417b3          	sll	a5,s0,a5
    5ec6:	8e89                	sub	a3,a3,a0
    5ec8:	00f037b3          	snez	a5,a5
    5ecc:	00d45433          	srl	s0,s0,a3
    5ed0:	8c5d                	or	s0,s0,a5
    5ed2:	4795                	li	a5,5
    5ed4:	00a7d663          	bge	a5,a0,5ee0 <__floatunsisf+0x84>
    5ed8:	ffb50793          	addi	a5,a0,-5
    5edc:	00f41433          	sll	s0,s0,a5
    5ee0:	fc0006b7          	lui	a3,0xfc000
    5ee4:	16fd                	addi	a3,a3,-1
    5ee6:	00747793          	andi	a5,s0,7
    5eea:	00d47633          	and	a2,s0,a3
    5eee:	c385                	beqz	a5,5f0e <__floatunsisf+0xb2>
    5ef0:	00f47793          	andi	a5,s0,15
    5ef4:	4591                	li	a1,4
    5ef6:	00b78c63          	beq	a5,a1,5f0e <__floatunsisf+0xb2>
    5efa:	0611                	addi	a2,a2,4
    5efc:	00561793          	slli	a5,a2,0x5
    5f00:	0007d763          	bgez	a5,5f0e <__floatunsisf+0xb2>
    5f04:	09f00793          	li	a5,159
    5f08:	8e75                	and	a2,a2,a3
    5f0a:	40a78733          	sub	a4,a5,a0
    5f0e:	00661413          	slli	s0,a2,0x6
    5f12:	8025                	srli	s0,s0,0x9
    5f14:	0426                	slli	s0,s0,0x9
    5f16:	00945513          	srli	a0,s0,0x9
    5f1a:	40b2                	lw	ra,12(sp)
    5f1c:	4422                	lw	s0,8(sp)
    5f1e:	0ff77793          	andi	a5,a4,255
    5f22:	07de                	slli	a5,a5,0x17
    5f24:	8d5d                	or	a0,a0,a5
    5f26:	0141                	addi	sp,sp,16
    5f28:	8082                	ret

00005f2a <__extendsfdf2>:
    5f2a:	01755713          	srli	a4,a0,0x17
    5f2e:	0ff77713          	andi	a4,a4,255
    5f32:	1141                	addi	sp,sp,-16
    5f34:	00170793          	addi	a5,a4,1
    5f38:	c422                	sw	s0,8(sp)
    5f3a:	c226                	sw	s1,4(sp)
    5f3c:	00951413          	slli	s0,a0,0x9
    5f40:	c606                	sw	ra,12(sp)
    5f42:	0fe7f793          	andi	a5,a5,254
    5f46:	8025                	srli	s0,s0,0x9
    5f48:	01f55493          	srli	s1,a0,0x1f
    5f4c:	c785                	beqz	a5,5f74 <__extendsfdf2+0x4a>
    5f4e:	00345793          	srli	a5,s0,0x3
    5f52:	38070713          	addi	a4,a4,896
    5f56:	0476                	slli	s0,s0,0x1d
    5f58:	07b2                	slli	a5,a5,0xc
    5f5a:	0752                	slli	a4,a4,0x14
    5f5c:	83b1                	srli	a5,a5,0xc
    5f5e:	01f49513          	slli	a0,s1,0x1f
    5f62:	8fd9                	or	a5,a5,a4
    5f64:	8fc9                	or	a5,a5,a0
    5f66:	40b2                	lw	ra,12(sp)
    5f68:	8522                	mv	a0,s0
    5f6a:	4422                	lw	s0,8(sp)
    5f6c:	4492                	lw	s1,4(sp)
    5f6e:	85be                	mv	a1,a5
    5f70:	0141                	addi	sp,sp,16
    5f72:	8082                	ret
    5f74:	eb05                	bnez	a4,5fa4 <__extendsfdf2+0x7a>
    5f76:	c439                	beqz	s0,5fc4 <__extendsfdf2+0x9a>
    5f78:	8522                	mv	a0,s0
    5f7a:	28b1                	jal	5fd6 <__clzsi2>
    5f7c:	47a9                	li	a5,10
    5f7e:	04a7c663          	blt	a5,a0,5fca <__extendsfdf2+0xa0>
    5f82:	472d                	li	a4,11
    5f84:	8f09                	sub	a4,a4,a0
    5f86:	01550793          	addi	a5,a0,21
    5f8a:	00e45733          	srl	a4,s0,a4
    5f8e:	00f41433          	sll	s0,s0,a5
    5f92:	00c71793          	slli	a5,a4,0xc
    5f96:	38900713          	li	a4,905
    5f9a:	8f09                	sub	a4,a4,a0
    5f9c:	83b1                	srli	a5,a5,0xc
    5f9e:	7ff77713          	andi	a4,a4,2047
    5fa2:	bf5d                	j	5f58 <__extendsfdf2+0x2e>
    5fa4:	cc01                	beqz	s0,5fbc <__extendsfdf2+0x92>
    5fa6:	00345713          	srli	a4,s0,0x3
    5faa:	000807b7          	lui	a5,0x80
    5fae:	8fd9                	or	a5,a5,a4
    5fb0:	07b2                	slli	a5,a5,0xc
    5fb2:	0476                	slli	s0,s0,0x1d
    5fb4:	83b1                	srli	a5,a5,0xc
    5fb6:	7ff00713          	li	a4,2047
    5fba:	bf79                	j	5f58 <__extendsfdf2+0x2e>
    5fbc:	7ff00713          	li	a4,2047
    5fc0:	4781                	li	a5,0
    5fc2:	bf59                	j	5f58 <__extendsfdf2+0x2e>
    5fc4:	4701                	li	a4,0
    5fc6:	4781                	li	a5,0
    5fc8:	bf41                	j	5f58 <__extendsfdf2+0x2e>
    5fca:	ff550713          	addi	a4,a0,-11
    5fce:	00e41733          	sll	a4,s0,a4
    5fd2:	4401                	li	s0,0
    5fd4:	bf7d                	j	5f92 <__extendsfdf2+0x68>

00005fd6 <__clzsi2>:
    5fd6:	67c1                	lui	a5,0x10
    5fd8:	02f57c63          	bgeu	a0,a5,6010 <__clzsi2+0x3a>
    5fdc:	0ff00793          	li	a5,255
    5fe0:	02000713          	li	a4,32
    5fe4:	00a7eb63          	bltu	a5,a0,5ffa <__clzsi2+0x24>
    5fe8:	00004797          	auipc	a5,0x4
    5fec:	d6078793          	addi	a5,a5,-672 # 9d48 <__clz_tab>
    5ff0:	97aa                	add	a5,a5,a0
    5ff2:	2388                	lbu	a0,0(a5)
    5ff4:	40a70533          	sub	a0,a4,a0
    5ff8:	8082                	ret
    5ffa:	8121                	srli	a0,a0,0x8
    5ffc:	00004797          	auipc	a5,0x4
    6000:	d4c78793          	addi	a5,a5,-692 # 9d48 <__clz_tab>
    6004:	97aa                	add	a5,a5,a0
    6006:	2388                	lbu	a0,0(a5)
    6008:	4761                	li	a4,24
    600a:	40a70533          	sub	a0,a4,a0
    600e:	8082                	ret
    6010:	010007b7          	lui	a5,0x1000
    6014:	00f56d63          	bltu	a0,a5,602e <__clzsi2+0x58>
    6018:	8161                	srli	a0,a0,0x18
    601a:	00004797          	auipc	a5,0x4
    601e:	d2e78793          	addi	a5,a5,-722 # 9d48 <__clz_tab>
    6022:	97aa                	add	a5,a5,a0
    6024:	2388                	lbu	a0,0(a5)
    6026:	4721                	li	a4,8
    6028:	40a70533          	sub	a0,a4,a0
    602c:	8082                	ret
    602e:	8141                	srli	a0,a0,0x10
    6030:	00004797          	auipc	a5,0x4
    6034:	d1878793          	addi	a5,a5,-744 # 9d48 <__clz_tab>
    6038:	97aa                	add	a5,a5,a0
    603a:	2388                	lbu	a0,0(a5)
    603c:	4741                	li	a4,16
    603e:	40a70533          	sub	a0,a4,a0
    6042:	8082                	ret

00006044 <__errno>:
    6044:	81418793          	addi	a5,gp,-2028 # 200000a4 <_impure_ptr>
    6048:	4388                	lw	a0,0(a5)
    604a:	8082                	ret

0000604c <memchr>:
    604c:	0ff5f593          	andi	a1,a1,255
    6050:	962a                	add	a2,a2,a0
    6052:	00c51463          	bne	a0,a2,605a <memchr+0xe>
    6056:	4501                	li	a0,0
    6058:	8082                	ret
    605a:	211c                	lbu	a5,0(a0)
    605c:	feb78ee3          	beq	a5,a1,6058 <memchr+0xc>
    6060:	0505                	addi	a0,a0,1
    6062:	bfc5                	j	6052 <memchr+0x6>

00006064 <memcpy>:
    6064:	00a5c7b3          	xor	a5,a1,a0
    6068:	8b8d                	andi	a5,a5,3
    606a:	00c50733          	add	a4,a0,a2
    606e:	e781                	bnez	a5,6076 <memcpy+0x12>
    6070:	478d                	li	a5,3
    6072:	00c7ed63          	bltu	a5,a2,608c <memcpy+0x28>
    6076:	87aa                	mv	a5,a0
    6078:	08e57e63          	bgeu	a0,a4,6114 <memcpy+0xb0>
    607c:	2194                	lbu	a3,0(a1)
    607e:	0785                	addi	a5,a5,1
    6080:	0585                	addi	a1,a1,1
    6082:	fed78fa3          	sb	a3,-1(a5)
    6086:	fee7ebe3          	bltu	a5,a4,607c <memcpy+0x18>
    608a:	8082                	ret
    608c:	00357693          	andi	a3,a0,3
    6090:	87aa                	mv	a5,a0
    6092:	ca89                	beqz	a3,60a4 <memcpy+0x40>
    6094:	2194                	lbu	a3,0(a1)
    6096:	0785                	addi	a5,a5,1
    6098:	0585                	addi	a1,a1,1
    609a:	fed78fa3          	sb	a3,-1(a5)
    609e:	0037f693          	andi	a3,a5,3
    60a2:	bfc5                	j	6092 <memcpy+0x2e>
    60a4:	ffc77693          	andi	a3,a4,-4
    60a8:	fe068613          	addi	a2,a3,-32 # fbffffe0 <_eusrstack+0xdbff7fe0>
    60ac:	06c7f063          	bgeu	a5,a2,610c <memcpy+0xa8>
    60b0:	0005a383          	lw	t2,0(a1)
    60b4:	0045a283          	lw	t0,4(a1)
    60b8:	0085af83          	lw	t6,8(a1)
    60bc:	00c5af03          	lw	t5,12(a1)
    60c0:	0105ae83          	lw	t4,16(a1)
    60c4:	0145ae03          	lw	t3,20(a1)
    60c8:	0185a303          	lw	t1,24(a1)
    60cc:	01c5a883          	lw	a7,28(a1)
    60d0:	02458593          	addi	a1,a1,36
    60d4:	0077a023          	sw	t2,0(a5)
    60d8:	ffc5a803          	lw	a6,-4(a1)
    60dc:	0057a223          	sw	t0,4(a5)
    60e0:	01f7a423          	sw	t6,8(a5)
    60e4:	01e7a623          	sw	t5,12(a5)
    60e8:	01d7a823          	sw	t4,16(a5)
    60ec:	01c7aa23          	sw	t3,20(a5)
    60f0:	0067ac23          	sw	t1,24(a5)
    60f4:	0117ae23          	sw	a7,28(a5)
    60f8:	02478793          	addi	a5,a5,36
    60fc:	ff07ae23          	sw	a6,-4(a5)
    6100:	b775                	j	60ac <memcpy+0x48>
    6102:	4190                	lw	a2,0(a1)
    6104:	0791                	addi	a5,a5,4
    6106:	0591                	addi	a1,a1,4
    6108:	fec7ae23          	sw	a2,-4(a5)
    610c:	fed7ebe3          	bltu	a5,a3,6102 <memcpy+0x9e>
    6110:	f6e7e6e3          	bltu	a5,a4,607c <memcpy+0x18>
    6114:	8082                	ret

00006116 <iprintf>:
    6116:	7139                	addi	sp,sp,-64
    6118:	da3e                	sw	a5,52(sp)
    611a:	d22e                	sw	a1,36(sp)
    611c:	d432                	sw	a2,40(sp)
    611e:	d636                	sw	a3,44(sp)
    6120:	d83a                	sw	a4,48(sp)
    6122:	dc42                	sw	a6,56(sp)
    6124:	de46                	sw	a7,60(sp)
    6126:	81418793          	addi	a5,gp,-2028 # 200000a4 <_impure_ptr>
    612a:	cc22                	sw	s0,24(sp)
    612c:	4380                	lw	s0,0(a5)
    612e:	ca26                	sw	s1,20(sp)
    6130:	ce06                	sw	ra,28(sp)
    6132:	84aa                	mv	s1,a0
    6134:	c409                	beqz	s0,613e <iprintf+0x28>
    6136:	4c1c                	lw	a5,24(s0)
    6138:	e399                	bnez	a5,613e <iprintf+0x28>
    613a:	8522                	mv	a0,s0
    613c:	23e5                	jal	6724 <__sinit>
    613e:	440c                	lw	a1,8(s0)
    6140:	1054                	addi	a3,sp,36
    6142:	8626                	mv	a2,s1
    6144:	8522                	mv	a0,s0
    6146:	c636                	sw	a3,12(sp)
    6148:	577000ef          	jal	ra,6ebe <_vfiprintf_r>
    614c:	40f2                	lw	ra,28(sp)
    614e:	4462                	lw	s0,24(sp)
    6150:	44d2                	lw	s1,20(sp)
    6152:	6121                	addi	sp,sp,64
    6154:	8082                	ret

00006156 <putchar>:
    6156:	1101                	addi	sp,sp,-32
    6158:	81418793          	addi	a5,gp,-2028 # 200000a4 <_impure_ptr>
    615c:	cc22                	sw	s0,24(sp)
    615e:	4380                	lw	s0,0(a5)
    6160:	ce06                	sw	ra,28(sp)
    6162:	85aa                	mv	a1,a0
    6164:	c419                	beqz	s0,6172 <putchar+0x1c>
    6166:	4c1c                	lw	a5,24(s0)
    6168:	e789                	bnez	a5,6172 <putchar+0x1c>
    616a:	c62a                	sw	a0,12(sp)
    616c:	8522                	mv	a0,s0
    616e:	2b5d                	jal	6724 <__sinit>
    6170:	45b2                	lw	a1,12(sp)
    6172:	4410                	lw	a2,8(s0)
    6174:	8522                	mv	a0,s0
    6176:	4462                	lw	s0,24(sp)
    6178:	40f2                	lw	ra,28(sp)
    617a:	6105                	addi	sp,sp,32
    617c:	3800106f          	j	74fc <_putc_r>

00006180 <_puts_r>:
    6180:	1101                	addi	sp,sp,-32
    6182:	ca26                	sw	s1,20(sp)
    6184:	c84a                	sw	s2,16(sp)
    6186:	ce06                	sw	ra,28(sp)
    6188:	cc22                	sw	s0,24(sp)
    618a:	c64e                	sw	s3,12(sp)
    618c:	c452                	sw	s4,8(sp)
    618e:	84aa                	mv	s1,a0
    6190:	892e                	mv	s2,a1
    6192:	c501                	beqz	a0,619a <_puts_r+0x1a>
    6194:	4d1c                	lw	a5,24(a0)
    6196:	e391                	bnez	a5,619a <_puts_r+0x1a>
    6198:	2371                	jal	6724 <__sinit>
    619a:	4c9c                	lw	a5,24(s1)
    619c:	4480                	lw	s0,8(s1)
    619e:	e399                	bnez	a5,61a4 <_puts_r+0x24>
    61a0:	8526                	mv	a0,s1
    61a2:	2349                	jal	6724 <__sinit>
    61a4:	00004797          	auipc	a5,0x4
    61a8:	cc478793          	addi	a5,a5,-828 # 9e68 <__sf_fake_stdin>
    61ac:	02f41b63          	bne	s0,a5,61e2 <_puts_r+0x62>
    61b0:	40c0                	lw	s0,4(s1)
    61b2:	245e                	lhu	a5,12(s0)
    61b4:	8ba1                	andi	a5,a5,8
    61b6:	c7b1                	beqz	a5,6202 <_puts_r+0x82>
    61b8:	481c                	lw	a5,16(s0)
    61ba:	c7a1                	beqz	a5,6202 <_puts_r+0x82>
    61bc:	59fd                	li	s3,-1
    61be:	4a29                	li	s4,10
    61c0:	441c                	lw	a5,8(s0)
    61c2:	00094583          	lbu	a1,0(s2) # 800000 <_data_lma+0x7f611c>
    61c6:	17fd                	addi	a5,a5,-1
    61c8:	e9b1                	bnez	a1,621c <_puts_r+0x9c>
    61ca:	c41c                	sw	a5,8(s0)
    61cc:	0607dd63          	bgez	a5,6246 <_puts_r+0xc6>
    61d0:	8622                	mv	a2,s0
    61d2:	45a9                	li	a1,10
    61d4:	8526                	mv	a0,s1
    61d6:	22a9                	jal	6320 <__swbuf_r>
    61d8:	57fd                	li	a5,-1
    61da:	02f50863          	beq	a0,a5,620a <_puts_r+0x8a>
    61de:	4529                	li	a0,10
    61e0:	a035                	j	620c <_puts_r+0x8c>
    61e2:	00004797          	auipc	a5,0x4
    61e6:	ca678793          	addi	a5,a5,-858 # 9e88 <__sf_fake_stdout>
    61ea:	00f41463          	bne	s0,a5,61f2 <_puts_r+0x72>
    61ee:	4480                	lw	s0,8(s1)
    61f0:	b7c9                	j	61b2 <_puts_r+0x32>
    61f2:	00004797          	auipc	a5,0x4
    61f6:	c5678793          	addi	a5,a5,-938 # 9e48 <__sf_fake_stderr>
    61fa:	faf41ce3          	bne	s0,a5,61b2 <_puts_r+0x32>
    61fe:	44c0                	lw	s0,12(s1)
    6200:	bf4d                	j	61b2 <_puts_r+0x32>
    6202:	85a2                	mv	a1,s0
    6204:	8526                	mv	a0,s1
    6206:	2ad9                	jal	63dc <__swsetup_r>
    6208:	d955                	beqz	a0,61bc <_puts_r+0x3c>
    620a:	557d                	li	a0,-1
    620c:	40f2                	lw	ra,28(sp)
    620e:	4462                	lw	s0,24(sp)
    6210:	44d2                	lw	s1,20(sp)
    6212:	4942                	lw	s2,16(sp)
    6214:	49b2                	lw	s3,12(sp)
    6216:	4a22                	lw	s4,8(sp)
    6218:	6105                	addi	sp,sp,32
    621a:	8082                	ret
    621c:	c41c                	sw	a5,8(s0)
    621e:	0905                	addi	s2,s2,1
    6220:	0007d763          	bgez	a5,622e <_puts_r+0xae>
    6224:	4c18                	lw	a4,24(s0)
    6226:	00e7ca63          	blt	a5,a4,623a <_puts_r+0xba>
    622a:	01458863          	beq	a1,s4,623a <_puts_r+0xba>
    622e:	401c                	lw	a5,0(s0)
    6230:	00178713          	addi	a4,a5,1
    6234:	c018                	sw	a4,0(s0)
    6236:	a38c                	sb	a1,0(a5)
    6238:	b761                	j	61c0 <_puts_r+0x40>
    623a:	8622                	mv	a2,s0
    623c:	8526                	mv	a0,s1
    623e:	20cd                	jal	6320 <__swbuf_r>
    6240:	f93510e3          	bne	a0,s3,61c0 <_puts_r+0x40>
    6244:	b7d9                	j	620a <_puts_r+0x8a>
    6246:	401c                	lw	a5,0(s0)
    6248:	00178713          	addi	a4,a5,1
    624c:	c018                	sw	a4,0(s0)
    624e:	4729                	li	a4,10
    6250:	a398                	sb	a4,0(a5)
    6252:	b771                	j	61de <_puts_r+0x5e>

00006254 <puts>:
    6254:	81418793          	addi	a5,gp,-2028 # 200000a4 <_impure_ptr>
    6258:	85aa                	mv	a1,a0
    625a:	4388                	lw	a0,0(a5)
    625c:	f25ff06f          	j	6180 <_puts_r>

00006260 <siprintf>:
    6260:	7135                	addi	sp,sp,-160
    6262:	cb3e                	sw	a5,148(sp)
    6264:	800007b7          	lui	a5,0x80000
    6268:	fff7c793          	not	a5,a5
    626c:	ce3e                	sw	a5,28(sp)
    626e:	c83e                	sw	a5,16(sp)
    6270:	77c1                	lui	a5,0xffff0
    6272:	20878793          	addi	a5,a5,520 # ffff0208 <_eusrstack+0xdffe8208>
    6276:	c532                	sw	a2,136(sp)
    6278:	c736                	sw	a3,140(sp)
    627a:	c93a                	sw	a4,144(sp)
    627c:	cd42                	sw	a6,152(sp)
    627e:	cf46                	sw	a7,156(sp)
    6280:	ca3e                	sw	a5,20(sp)
    6282:	81418793          	addi	a5,gp,-2028 # 200000a4 <_impure_ptr>
    6286:	c42a                	sw	a0,8(sp)
    6288:	cc2a                	sw	a0,24(sp)
    628a:	4388                	lw	a0,0(a5)
    628c:	0134                	addi	a3,sp,136
    628e:	862e                	mv	a2,a1
    6290:	002c                	addi	a1,sp,8
    6292:	de86                	sw	ra,124(sp)
    6294:	c236                	sw	a3,4(sp)
    6296:	155000ef          	jal	ra,6bea <_svfiprintf_r>
    629a:	47a2                	lw	a5,8(sp)
    629c:	00078023          	sb	zero,0(a5)
    62a0:	50f6                	lw	ra,124(sp)
    62a2:	610d                	addi	sp,sp,160
    62a4:	8082                	ret

000062a6 <strcpy>:
    62a6:	87aa                	mv	a5,a0
    62a8:	2198                	lbu	a4,0(a1)
    62aa:	0785                	addi	a5,a5,1
    62ac:	0585                	addi	a1,a1,1
    62ae:	fee78fa3          	sb	a4,-1(a5)
    62b2:	fb7d                	bnez	a4,62a8 <strcpy+0x2>
    62b4:	8082                	ret

000062b6 <strlen>:
    62b6:	87aa                	mv	a5,a0
    62b8:	0785                	addi	a5,a5,1
    62ba:	fff7c703          	lbu	a4,-1(a5)
    62be:	ff6d                	bnez	a4,62b8 <strlen+0x2>
    62c0:	40a78533          	sub	a0,a5,a0
    62c4:	157d                	addi	a0,a0,-1
    62c6:	8082                	ret

000062c8 <strncpy>:
    62c8:	87aa                	mv	a5,a0
    62ca:	ca09                	beqz	a2,62dc <strncpy+0x14>
    62cc:	0585                	addi	a1,a1,1
    62ce:	fff5c703          	lbu	a4,-1(a1)
    62d2:	0785                	addi	a5,a5,1
    62d4:	167d                	addi	a2,a2,-1
    62d6:	fee78fa3          	sb	a4,-1(a5)
    62da:	fb65                	bnez	a4,62ca <strncpy+0x2>
    62dc:	963e                	add	a2,a2,a5
    62de:	00c79363          	bne	a5,a2,62e4 <strncpy+0x1c>
    62e2:	8082                	ret
    62e4:	0785                	addi	a5,a5,1
    62e6:	fe078fa3          	sb	zero,-1(a5)
    62ea:	bfd5                	j	62de <strncpy+0x16>

000062ec <strstr>:
    62ec:	2118                	lbu	a4,0(a0)
    62ee:	219c                	lbu	a5,0(a1)
    62f0:	e701                	bnez	a4,62f8 <strstr+0xc>
    62f2:	c391                	beqz	a5,62f6 <strstr+0xa>
    62f4:	4501                	li	a0,0
    62f6:	8082                	ret
    62f8:	4781                	li	a5,0
    62fa:	a039                	j	6308 <strstr+0x1c>
    62fc:	311c                	lbu	a5,1(a0)
    62fe:	00150713          	addi	a4,a0,1
    6302:	dbed                	beqz	a5,62f4 <strstr+0x8>
    6304:	4781                	li	a5,0
    6306:	853a                	mv	a0,a4
    6308:	00f58733          	add	a4,a1,a5
    630c:	2318                	lbu	a4,0(a4)
    630e:	d765                	beqz	a4,62f6 <strstr+0xa>
    6310:	00f506b3          	add	a3,a0,a5
    6314:	2294                	lbu	a3,0(a3)
    6316:	fee693e3          	bne	a3,a4,62fc <strstr+0x10>
    631a:	0785                	addi	a5,a5,1
    631c:	872a                	mv	a4,a0
    631e:	b7e5                	j	6306 <strstr+0x1a>

00006320 <__swbuf_r>:
    6320:	1101                	addi	sp,sp,-32
    6322:	cc22                	sw	s0,24(sp)
    6324:	ca26                	sw	s1,20(sp)
    6326:	c84a                	sw	s2,16(sp)
    6328:	ce06                	sw	ra,28(sp)
    632a:	c64e                	sw	s3,12(sp)
    632c:	84aa                	mv	s1,a0
    632e:	892e                	mv	s2,a1
    6330:	8432                	mv	s0,a2
    6332:	c501                	beqz	a0,633a <__swbuf_r+0x1a>
    6334:	4d1c                	lw	a5,24(a0)
    6336:	e391                	bnez	a5,633a <__swbuf_r+0x1a>
    6338:	26f5                	jal	6724 <__sinit>
    633a:	00004797          	auipc	a5,0x4
    633e:	b2e78793          	addi	a5,a5,-1234 # 9e68 <__sf_fake_stdin>
    6342:	06f41763          	bne	s0,a5,63b0 <__swbuf_r+0x90>
    6346:	40c0                	lw	s0,4(s1)
    6348:	4c1c                	lw	a5,24(s0)
    634a:	c41c                	sw	a5,8(s0)
    634c:	245e                	lhu	a5,12(s0)
    634e:	8ba1                	andi	a5,a5,8
    6350:	c3c1                	beqz	a5,63d0 <__swbuf_r+0xb0>
    6352:	481c                	lw	a5,16(s0)
    6354:	cfb5                	beqz	a5,63d0 <__swbuf_r+0xb0>
    6356:	481c                	lw	a5,16(s0)
    6358:	4008                	lw	a0,0(s0)
    635a:	0ff97993          	andi	s3,s2,255
    635e:	0ff97913          	andi	s2,s2,255
    6362:	8d1d                	sub	a0,a0,a5
    6364:	485c                	lw	a5,20(s0)
    6366:	00f54663          	blt	a0,a5,6372 <__swbuf_r+0x52>
    636a:	85a2                	mv	a1,s0
    636c:	8526                	mv	a0,s1
    636e:	2c69                	jal	6608 <_fflush_r>
    6370:	e525                	bnez	a0,63d8 <__swbuf_r+0xb8>
    6372:	441c                	lw	a5,8(s0)
    6374:	0505                	addi	a0,a0,1
    6376:	17fd                	addi	a5,a5,-1
    6378:	c41c                	sw	a5,8(s0)
    637a:	401c                	lw	a5,0(s0)
    637c:	00178713          	addi	a4,a5,1
    6380:	c018                	sw	a4,0(s0)
    6382:	01378023          	sb	s3,0(a5)
    6386:	485c                	lw	a5,20(s0)
    6388:	00a78863          	beq	a5,a0,6398 <__swbuf_r+0x78>
    638c:	245e                	lhu	a5,12(s0)
    638e:	8b85                	andi	a5,a5,1
    6390:	cb81                	beqz	a5,63a0 <__swbuf_r+0x80>
    6392:	47a9                	li	a5,10
    6394:	00f91663          	bne	s2,a5,63a0 <__swbuf_r+0x80>
    6398:	85a2                	mv	a1,s0
    639a:	8526                	mv	a0,s1
    639c:	24b5                	jal	6608 <_fflush_r>
    639e:	ed0d                	bnez	a0,63d8 <__swbuf_r+0xb8>
    63a0:	40f2                	lw	ra,28(sp)
    63a2:	4462                	lw	s0,24(sp)
    63a4:	854a                	mv	a0,s2
    63a6:	44d2                	lw	s1,20(sp)
    63a8:	4942                	lw	s2,16(sp)
    63aa:	49b2                	lw	s3,12(sp)
    63ac:	6105                	addi	sp,sp,32
    63ae:	8082                	ret
    63b0:	00004797          	auipc	a5,0x4
    63b4:	ad878793          	addi	a5,a5,-1320 # 9e88 <__sf_fake_stdout>
    63b8:	00f41463          	bne	s0,a5,63c0 <__swbuf_r+0xa0>
    63bc:	4480                	lw	s0,8(s1)
    63be:	b769                	j	6348 <__swbuf_r+0x28>
    63c0:	00004797          	auipc	a5,0x4
    63c4:	a8878793          	addi	a5,a5,-1400 # 9e48 <__sf_fake_stderr>
    63c8:	f8f410e3          	bne	s0,a5,6348 <__swbuf_r+0x28>
    63cc:	44c0                	lw	s0,12(s1)
    63ce:	bfad                	j	6348 <__swbuf_r+0x28>
    63d0:	85a2                	mv	a1,s0
    63d2:	8526                	mv	a0,s1
    63d4:	2021                	jal	63dc <__swsetup_r>
    63d6:	d141                	beqz	a0,6356 <__swbuf_r+0x36>
    63d8:	597d                	li	s2,-1
    63da:	b7d9                	j	63a0 <__swbuf_r+0x80>

000063dc <__swsetup_r>:
    63dc:	1141                	addi	sp,sp,-16
    63de:	81418793          	addi	a5,gp,-2028 # 200000a4 <_impure_ptr>
    63e2:	c226                	sw	s1,4(sp)
    63e4:	4384                	lw	s1,0(a5)
    63e6:	c422                	sw	s0,8(sp)
    63e8:	c04a                	sw	s2,0(sp)
    63ea:	c606                	sw	ra,12(sp)
    63ec:	892a                	mv	s2,a0
    63ee:	842e                	mv	s0,a1
    63f0:	c489                	beqz	s1,63fa <__swsetup_r+0x1e>
    63f2:	4c9c                	lw	a5,24(s1)
    63f4:	e399                	bnez	a5,63fa <__swsetup_r+0x1e>
    63f6:	8526                	mv	a0,s1
    63f8:	2635                	jal	6724 <__sinit>
    63fa:	00004797          	auipc	a5,0x4
    63fe:	a6e78793          	addi	a5,a5,-1426 # 9e68 <__sf_fake_stdin>
    6402:	02f41b63          	bne	s0,a5,6438 <__swsetup_r+0x5c>
    6406:	40c0                	lw	s0,4(s1)
    6408:	00c41703          	lh	a4,12(s0)
    640c:	01071793          	slli	a5,a4,0x10
    6410:	83c1                	srli	a5,a5,0x10
    6412:	0087f693          	andi	a3,a5,8
    6416:	eaad                	bnez	a3,6488 <__swsetup_r+0xac>
    6418:	0107f693          	andi	a3,a5,16
    641c:	ee95                	bnez	a3,6458 <__swsetup_r+0x7c>
    641e:	47a5                	li	a5,9
    6420:	00f92023          	sw	a5,0(s2)
    6424:	04076713          	ori	a4,a4,64
    6428:	a45a                	sh	a4,12(s0)
    642a:	557d                	li	a0,-1
    642c:	40b2                	lw	ra,12(sp)
    642e:	4422                	lw	s0,8(sp)
    6430:	4492                	lw	s1,4(sp)
    6432:	4902                	lw	s2,0(sp)
    6434:	0141                	addi	sp,sp,16
    6436:	8082                	ret
    6438:	00004797          	auipc	a5,0x4
    643c:	a5078793          	addi	a5,a5,-1456 # 9e88 <__sf_fake_stdout>
    6440:	00f41463          	bne	s0,a5,6448 <__swsetup_r+0x6c>
    6444:	4480                	lw	s0,8(s1)
    6446:	b7c9                	j	6408 <__swsetup_r+0x2c>
    6448:	00004797          	auipc	a5,0x4
    644c:	a0078793          	addi	a5,a5,-1536 # 9e48 <__sf_fake_stderr>
    6450:	faf41ce3          	bne	s0,a5,6408 <__swsetup_r+0x2c>
    6454:	44c0                	lw	s0,12(s1)
    6456:	bf4d                	j	6408 <__swsetup_r+0x2c>
    6458:	8b91                	andi	a5,a5,4
    645a:	c39d                	beqz	a5,6480 <__swsetup_r+0xa4>
    645c:	584c                	lw	a1,52(s0)
    645e:	c989                	beqz	a1,6470 <__swsetup_r+0x94>
    6460:	04440793          	addi	a5,s0,68
    6464:	00f58463          	beq	a1,a5,646c <__swsetup_r+0x90>
    6468:	854a                	mv	a0,s2
    646a:	2b29                	jal	6984 <_free_r>
    646c:	02042a23          	sw	zero,52(s0)
    6470:	245e                	lhu	a5,12(s0)
    6472:	00042223          	sw	zero,4(s0)
    6476:	fdb7f793          	andi	a5,a5,-37
    647a:	a45e                	sh	a5,12(s0)
    647c:	481c                	lw	a5,16(s0)
    647e:	c01c                	sw	a5,0(s0)
    6480:	245e                	lhu	a5,12(s0)
    6482:	0087e793          	ori	a5,a5,8
    6486:	a45e                	sh	a5,12(s0)
    6488:	481c                	lw	a5,16(s0)
    648a:	eb99                	bnez	a5,64a0 <__swsetup_r+0xc4>
    648c:	245e                	lhu	a5,12(s0)
    648e:	20000713          	li	a4,512
    6492:	2807f793          	andi	a5,a5,640
    6496:	00e78563          	beq	a5,a4,64a0 <__swsetup_r+0xc4>
    649a:	85a2                	mv	a1,s0
    649c:	854a                	mv	a0,s2
    649e:	2991                	jal	68f2 <__smakebuf_r>
    64a0:	245e                	lhu	a5,12(s0)
    64a2:	0017f713          	andi	a4,a5,1
    64a6:	c31d                	beqz	a4,64cc <__swsetup_r+0xf0>
    64a8:	485c                	lw	a5,20(s0)
    64aa:	00042423          	sw	zero,8(s0)
    64ae:	40f007b3          	neg	a5,a5
    64b2:	cc1c                	sw	a5,24(s0)
    64b4:	481c                	lw	a5,16(s0)
    64b6:	4501                	li	a0,0
    64b8:	fbb5                	bnez	a5,642c <__swsetup_r+0x50>
    64ba:	00c41783          	lh	a5,12(s0)
    64be:	0807f713          	andi	a4,a5,128
    64c2:	d72d                	beqz	a4,642c <__swsetup_r+0x50>
    64c4:	0407e793          	ori	a5,a5,64
    64c8:	a45e                	sh	a5,12(s0)
    64ca:	b785                	j	642a <__swsetup_r+0x4e>
    64cc:	8b89                	andi	a5,a5,2
    64ce:	4701                	li	a4,0
    64d0:	e391                	bnez	a5,64d4 <__swsetup_r+0xf8>
    64d2:	4858                	lw	a4,20(s0)
    64d4:	c418                	sw	a4,8(s0)
    64d6:	bff9                	j	64b4 <__swsetup_r+0xd8>

000064d8 <__sflush_r>:
    64d8:	25de                	lhu	a5,12(a1)
    64da:	1101                	addi	sp,sp,-32
    64dc:	cc22                	sw	s0,24(sp)
    64de:	ca26                	sw	s1,20(sp)
    64e0:	ce06                	sw	ra,28(sp)
    64e2:	c84a                	sw	s2,16(sp)
    64e4:	c64e                	sw	s3,12(sp)
    64e6:	0087f713          	andi	a4,a5,8
    64ea:	84aa                	mv	s1,a0
    64ec:	842e                	mv	s0,a1
    64ee:	eb79                	bnez	a4,65c4 <__sflush_r+0xec>
    64f0:	41d8                	lw	a4,4(a1)
    64f2:	00e04d63          	bgtz	a4,650c <__sflush_r+0x34>
    64f6:	41b8                	lw	a4,64(a1)
    64f8:	00e04a63          	bgtz	a4,650c <__sflush_r+0x34>
    64fc:	4501                	li	a0,0
    64fe:	40f2                	lw	ra,28(sp)
    6500:	4462                	lw	s0,24(sp)
    6502:	44d2                	lw	s1,20(sp)
    6504:	4942                	lw	s2,16(sp)
    6506:	49b2                	lw	s3,12(sp)
    6508:	6105                	addi	sp,sp,32
    650a:	8082                	ret
    650c:	5458                	lw	a4,44(s0)
    650e:	d77d                	beqz	a4,64fc <__sflush_r+0x24>
    6510:	0004a903          	lw	s2,0(s1)
    6514:	01379693          	slli	a3,a5,0x13
    6518:	0004a023          	sw	zero,0(s1)
    651c:	0606db63          	bgez	a3,6592 <__sflush_r+0xba>
    6520:	4870                	lw	a2,84(s0)
    6522:	245e                	lhu	a5,12(s0)
    6524:	8b91                	andi	a5,a5,4
    6526:	c799                	beqz	a5,6534 <__sflush_r+0x5c>
    6528:	405c                	lw	a5,4(s0)
    652a:	8e1d                	sub	a2,a2,a5
    652c:	585c                	lw	a5,52(s0)
    652e:	c399                	beqz	a5,6534 <__sflush_r+0x5c>
    6530:	403c                	lw	a5,64(s0)
    6532:	8e1d                	sub	a2,a2,a5
    6534:	545c                	lw	a5,44(s0)
    6536:	500c                	lw	a1,32(s0)
    6538:	4681                	li	a3,0
    653a:	8526                	mv	a0,s1
    653c:	9782                	jalr	a5
    653e:	57fd                	li	a5,-1
    6540:	245a                	lhu	a4,12(s0)
    6542:	00f51d63          	bne	a0,a5,655c <__sflush_r+0x84>
    6546:	4094                	lw	a3,0(s1)
    6548:	47f5                	li	a5,29
    654a:	06d7e863          	bltu	a5,a3,65ba <__sflush_r+0xe2>
    654e:	204007b7          	lui	a5,0x20400
    6552:	0785                	addi	a5,a5,1
    6554:	00d7d7b3          	srl	a5,a5,a3
    6558:	8b85                	andi	a5,a5,1
    655a:	c3a5                	beqz	a5,65ba <__sflush_r+0xe2>
    655c:	481c                	lw	a5,16(s0)
    655e:	00042223          	sw	zero,4(s0)
    6562:	c01c                	sw	a5,0(s0)
    6564:	01371793          	slli	a5,a4,0x13
    6568:	0007d863          	bgez	a5,6578 <__sflush_r+0xa0>
    656c:	57fd                	li	a5,-1
    656e:	00f51463          	bne	a0,a5,6576 <__sflush_r+0x9e>
    6572:	409c                	lw	a5,0(s1)
    6574:	e391                	bnez	a5,6578 <__sflush_r+0xa0>
    6576:	c868                	sw	a0,84(s0)
    6578:	584c                	lw	a1,52(s0)
    657a:	0124a023          	sw	s2,0(s1)
    657e:	ddbd                	beqz	a1,64fc <__sflush_r+0x24>
    6580:	04440793          	addi	a5,s0,68
    6584:	00f58463          	beq	a1,a5,658c <__sflush_r+0xb4>
    6588:	8526                	mv	a0,s1
    658a:	2eed                	jal	6984 <_free_r>
    658c:	02042a23          	sw	zero,52(s0)
    6590:	b7b5                	j	64fc <__sflush_r+0x24>
    6592:	500c                	lw	a1,32(s0)
    6594:	4601                	li	a2,0
    6596:	4685                	li	a3,1
    6598:	8526                	mv	a0,s1
    659a:	9702                	jalr	a4
    659c:	57fd                	li	a5,-1
    659e:	862a                	mv	a2,a0
    65a0:	f8f511e3          	bne	a0,a5,6522 <__sflush_r+0x4a>
    65a4:	409c                	lw	a5,0(s1)
    65a6:	dfb5                	beqz	a5,6522 <__sflush_r+0x4a>
    65a8:	4775                	li	a4,29
    65aa:	00e78563          	beq	a5,a4,65b4 <__sflush_r+0xdc>
    65ae:	4759                	li	a4,22
    65b0:	04e79363          	bne	a5,a4,65f6 <__sflush_r+0x11e>
    65b4:	0124a023          	sw	s2,0(s1)
    65b8:	b791                	j	64fc <__sflush_r+0x24>
    65ba:	04076713          	ori	a4,a4,64
    65be:	a45a                	sh	a4,12(s0)
    65c0:	557d                	li	a0,-1
    65c2:	bf35                	j	64fe <__sflush_r+0x26>
    65c4:	0105a983          	lw	s3,16(a1)
    65c8:	f2098ae3          	beqz	s3,64fc <__sflush_r+0x24>
    65cc:	0005a903          	lw	s2,0(a1)
    65d0:	8b8d                	andi	a5,a5,3
    65d2:	0135a023          	sw	s3,0(a1)
    65d6:	41390933          	sub	s2,s2,s3
    65da:	4701                	li	a4,0
    65dc:	e391                	bnez	a5,65e0 <__sflush_r+0x108>
    65de:	49d8                	lw	a4,20(a1)
    65e0:	c418                	sw	a4,8(s0)
    65e2:	f1205de3          	blez	s2,64fc <__sflush_r+0x24>
    65e6:	541c                	lw	a5,40(s0)
    65e8:	500c                	lw	a1,32(s0)
    65ea:	86ca                	mv	a3,s2
    65ec:	864e                	mv	a2,s3
    65ee:	8526                	mv	a0,s1
    65f0:	9782                	jalr	a5
    65f2:	00a04763          	bgtz	a0,6600 <__sflush_r+0x128>
    65f6:	245e                	lhu	a5,12(s0)
    65f8:	0407e793          	ori	a5,a5,64
    65fc:	a45e                	sh	a5,12(s0)
    65fe:	b7c9                	j	65c0 <__sflush_r+0xe8>
    6600:	99aa                	add	s3,s3,a0
    6602:	40a90933          	sub	s2,s2,a0
    6606:	bff1                	j	65e2 <__sflush_r+0x10a>

00006608 <_fflush_r>:
    6608:	499c                	lw	a5,16(a1)
    660a:	c3a5                	beqz	a5,666a <_fflush_r+0x62>
    660c:	1101                	addi	sp,sp,-32
    660e:	cc22                	sw	s0,24(sp)
    6610:	ce06                	sw	ra,28(sp)
    6612:	842a                	mv	s0,a0
    6614:	c511                	beqz	a0,6620 <_fflush_r+0x18>
    6616:	4d1c                	lw	a5,24(a0)
    6618:	e781                	bnez	a5,6620 <_fflush_r+0x18>
    661a:	c62e                	sw	a1,12(sp)
    661c:	2221                	jal	6724 <__sinit>
    661e:	45b2                	lw	a1,12(sp)
    6620:	00004797          	auipc	a5,0x4
    6624:	84878793          	addi	a5,a5,-1976 # 9e68 <__sf_fake_stdin>
    6628:	00f59c63          	bne	a1,a5,6640 <_fflush_r+0x38>
    662c:	404c                	lw	a1,4(s0)
    662e:	00c59783          	lh	a5,12(a1)
    6632:	c79d                	beqz	a5,6660 <_fflush_r+0x58>
    6634:	8522                	mv	a0,s0
    6636:	4462                	lw	s0,24(sp)
    6638:	40f2                	lw	ra,28(sp)
    663a:	6105                	addi	sp,sp,32
    663c:	e9dff06f          	j	64d8 <__sflush_r>
    6640:	00004797          	auipc	a5,0x4
    6644:	84878793          	addi	a5,a5,-1976 # 9e88 <__sf_fake_stdout>
    6648:	00f59463          	bne	a1,a5,6650 <_fflush_r+0x48>
    664c:	440c                	lw	a1,8(s0)
    664e:	b7c5                	j	662e <_fflush_r+0x26>
    6650:	00003797          	auipc	a5,0x3
    6654:	7f878793          	addi	a5,a5,2040 # 9e48 <__sf_fake_stderr>
    6658:	fcf59be3          	bne	a1,a5,662e <_fflush_r+0x26>
    665c:	444c                	lw	a1,12(s0)
    665e:	bfc1                	j	662e <_fflush_r+0x26>
    6660:	40f2                	lw	ra,28(sp)
    6662:	4462                	lw	s0,24(sp)
    6664:	4501                	li	a0,0
    6666:	6105                	addi	sp,sp,32
    6668:	8082                	ret
    666a:	4501                	li	a0,0
    666c:	8082                	ret

0000666e <std>:
    666e:	1141                	addi	sp,sp,-16
    6670:	c422                	sw	s0,8(sp)
    6672:	c606                	sw	ra,12(sp)
    6674:	842a                	mv	s0,a0
    6676:	a54e                	sh	a1,12(a0)
    6678:	a572                	sh	a2,14(a0)
    667a:	00052023          	sw	zero,0(a0)
    667e:	00052223          	sw	zero,4(a0)
    6682:	00052423          	sw	zero,8(a0)
    6686:	06052223          	sw	zero,100(a0)
    668a:	00052823          	sw	zero,16(a0)
    668e:	00052a23          	sw	zero,20(a0)
    6692:	00052c23          	sw	zero,24(a0)
    6696:	4621                	li	a2,8
    6698:	4581                	li	a1,0
    669a:	05c50513          	addi	a0,a0,92
    669e:	b83f90ef          	jal	ra,220 <memset>
    66a2:	00001797          	auipc	a5,0x1
    66a6:	f0878793          	addi	a5,a5,-248 # 75aa <__sread>
    66aa:	d05c                	sw	a5,36(s0)
    66ac:	00001797          	auipc	a5,0x1
    66b0:	f2a78793          	addi	a5,a5,-214 # 75d6 <__swrite>
    66b4:	d41c                	sw	a5,40(s0)
    66b6:	00001797          	auipc	a5,0x1
    66ba:	f6878793          	addi	a5,a5,-152 # 761e <__sseek>
    66be:	d45c                	sw	a5,44(s0)
    66c0:	00001797          	auipc	a5,0x1
    66c4:	f8e78793          	addi	a5,a5,-114 # 764e <__sclose>
    66c8:	d000                	sw	s0,32(s0)
    66ca:	d81c                	sw	a5,48(s0)
    66cc:	40b2                	lw	ra,12(sp)
    66ce:	4422                	lw	s0,8(sp)
    66d0:	0141                	addi	sp,sp,16
    66d2:	8082                	ret

000066d4 <_cleanup_r>:
    66d4:	00000597          	auipc	a1,0x0
    66d8:	f3458593          	addi	a1,a1,-204 # 6608 <_fflush_r>
    66dc:	aa91                	j	6830 <_fwalk_reent>

000066de <__sfmoreglue>:
    66de:	1141                	addi	sp,sp,-16
    66e0:	c226                	sw	s1,4(sp)
    66e2:	06800613          	li	a2,104
    66e6:	fff58493          	addi	s1,a1,-1
    66ea:	02c484b3          	mul	s1,s1,a2
    66ee:	c04a                	sw	s2,0(sp)
    66f0:	892e                	mv	s2,a1
    66f2:	c422                	sw	s0,8(sp)
    66f4:	c606                	sw	ra,12(sp)
    66f6:	07448593          	addi	a1,s1,116
    66fa:	2e0d                	jal	6a2c <_malloc_r>
    66fc:	842a                	mv	s0,a0
    66fe:	cd01                	beqz	a0,6716 <__sfmoreglue+0x38>
    6700:	00052023          	sw	zero,0(a0)
    6704:	01252223          	sw	s2,4(a0)
    6708:	0531                	addi	a0,a0,12
    670a:	c408                	sw	a0,8(s0)
    670c:	06848613          	addi	a2,s1,104
    6710:	4581                	li	a1,0
    6712:	b0ff90ef          	jal	ra,220 <memset>
    6716:	8522                	mv	a0,s0
    6718:	40b2                	lw	ra,12(sp)
    671a:	4422                	lw	s0,8(sp)
    671c:	4492                	lw	s1,4(sp)
    671e:	4902                	lw	s2,0(sp)
    6720:	0141                	addi	sp,sp,16
    6722:	8082                	ret

00006724 <__sinit>:
    6724:	4d1c                	lw	a5,24(a0)
    6726:	e7a5                	bnez	a5,678e <__sinit+0x6a>
    6728:	1141                	addi	sp,sp,-16
    672a:	c606                	sw	ra,12(sp)
    672c:	c422                	sw	s0,8(sp)
    672e:	00000797          	auipc	a5,0x0
    6732:	fa678793          	addi	a5,a5,-90 # 66d4 <_cleanup_r>
    6736:	d51c                	sw	a5,40(a0)
    6738:	81818793          	addi	a5,gp,-2024 # 200000a8 <_global_impure_ptr>
    673c:	439c                	lw	a5,0(a5)
    673e:	04052423          	sw	zero,72(a0)
    6742:	04052623          	sw	zero,76(a0)
    6746:	04052823          	sw	zero,80(a0)
    674a:	00f51463          	bne	a0,a5,6752 <__sinit+0x2e>
    674e:	4785                	li	a5,1
    6750:	cd1c                	sw	a5,24(a0)
    6752:	842a                	mv	s0,a0
    6754:	2835                	jal	6790 <__sfp>
    6756:	c048                	sw	a0,4(s0)
    6758:	8522                	mv	a0,s0
    675a:	281d                	jal	6790 <__sfp>
    675c:	c408                	sw	a0,8(s0)
    675e:	8522                	mv	a0,s0
    6760:	2805                	jal	6790 <__sfp>
    6762:	c448                	sw	a0,12(s0)
    6764:	4048                	lw	a0,4(s0)
    6766:	4601                	li	a2,0
    6768:	4591                	li	a1,4
    676a:	f05ff0ef          	jal	ra,666e <std>
    676e:	4408                	lw	a0,8(s0)
    6770:	4605                	li	a2,1
    6772:	45a5                	li	a1,9
    6774:	efbff0ef          	jal	ra,666e <std>
    6778:	4448                	lw	a0,12(s0)
    677a:	4609                	li	a2,2
    677c:	45c9                	li	a1,18
    677e:	ef1ff0ef          	jal	ra,666e <std>
    6782:	4785                	li	a5,1
    6784:	cc1c                	sw	a5,24(s0)
    6786:	40b2                	lw	ra,12(sp)
    6788:	4422                	lw	s0,8(sp)
    678a:	0141                	addi	sp,sp,16
    678c:	8082                	ret
    678e:	8082                	ret

00006790 <__sfp>:
    6790:	1141                	addi	sp,sp,-16
    6792:	81818793          	addi	a5,gp,-2024 # 200000a8 <_global_impure_ptr>
    6796:	c226                	sw	s1,4(sp)
    6798:	4384                	lw	s1,0(a5)
    679a:	c04a                	sw	s2,0(sp)
    679c:	c606                	sw	ra,12(sp)
    679e:	4c9c                	lw	a5,24(s1)
    67a0:	c422                	sw	s0,8(sp)
    67a2:	892a                	mv	s2,a0
    67a4:	e781                	bnez	a5,67ac <__sfp+0x1c>
    67a6:	8526                	mv	a0,s1
    67a8:	f7dff0ef          	jal	ra,6724 <__sinit>
    67ac:	04848493          	addi	s1,s1,72
    67b0:	4480                	lw	s0,8(s1)
    67b2:	40dc                	lw	a5,4(s1)
    67b4:	17fd                	addi	a5,a5,-1
    67b6:	0007d663          	bgez	a5,67c2 <__sfp+0x32>
    67ba:	409c                	lw	a5,0(s1)
    67bc:	cfb9                	beqz	a5,681a <__sfp+0x8a>
    67be:	4084                	lw	s1,0(s1)
    67c0:	bfc5                	j	67b0 <__sfp+0x20>
    67c2:	00c41703          	lh	a4,12(s0)
    67c6:	e739                	bnez	a4,6814 <__sfp+0x84>
    67c8:	77c1                	lui	a5,0xffff0
    67ca:	0785                	addi	a5,a5,1
    67cc:	06042223          	sw	zero,100(s0)
    67d0:	00042023          	sw	zero,0(s0)
    67d4:	00042223          	sw	zero,4(s0)
    67d8:	00042423          	sw	zero,8(s0)
    67dc:	c45c                	sw	a5,12(s0)
    67de:	00042823          	sw	zero,16(s0)
    67e2:	00042a23          	sw	zero,20(s0)
    67e6:	00042c23          	sw	zero,24(s0)
    67ea:	4621                	li	a2,8
    67ec:	4581                	li	a1,0
    67ee:	05c40513          	addi	a0,s0,92
    67f2:	a2ff90ef          	jal	ra,220 <memset>
    67f6:	02042a23          	sw	zero,52(s0)
    67fa:	02042c23          	sw	zero,56(s0)
    67fe:	04042423          	sw	zero,72(s0)
    6802:	04042623          	sw	zero,76(s0)
    6806:	8522                	mv	a0,s0
    6808:	40b2                	lw	ra,12(sp)
    680a:	4422                	lw	s0,8(sp)
    680c:	4492                	lw	s1,4(sp)
    680e:	4902                	lw	s2,0(sp)
    6810:	0141                	addi	sp,sp,16
    6812:	8082                	ret
    6814:	06840413          	addi	s0,s0,104
    6818:	bf71                	j	67b4 <__sfp+0x24>
    681a:	4591                	li	a1,4
    681c:	854a                	mv	a0,s2
    681e:	ec1ff0ef          	jal	ra,66de <__sfmoreglue>
    6822:	c088                	sw	a0,0(s1)
    6824:	fd49                	bnez	a0,67be <__sfp+0x2e>
    6826:	47b1                	li	a5,12
    6828:	00f92023          	sw	a5,0(s2)
    682c:	4401                	li	s0,0
    682e:	bfe1                	j	6806 <__sfp+0x76>

00006830 <_fwalk_reent>:
    6830:	7179                	addi	sp,sp,-48
    6832:	d422                	sw	s0,40(sp)
    6834:	d04a                	sw	s2,32(sp)
    6836:	cc52                	sw	s4,24(sp)
    6838:	ca56                	sw	s5,20(sp)
    683a:	c85a                	sw	s6,16(sp)
    683c:	c65e                	sw	s7,12(sp)
    683e:	d606                	sw	ra,44(sp)
    6840:	d226                	sw	s1,36(sp)
    6842:	ce4e                	sw	s3,28(sp)
    6844:	8a2a                	mv	s4,a0
    6846:	8aae                	mv	s5,a1
    6848:	04850413          	addi	s0,a0,72
    684c:	4901                	li	s2,0
    684e:	4b05                	li	s6,1
    6850:	5bfd                	li	s7,-1
    6852:	ec09                	bnez	s0,686c <_fwalk_reent+0x3c>
    6854:	50b2                	lw	ra,44(sp)
    6856:	5422                	lw	s0,40(sp)
    6858:	854a                	mv	a0,s2
    685a:	5492                	lw	s1,36(sp)
    685c:	5902                	lw	s2,32(sp)
    685e:	49f2                	lw	s3,28(sp)
    6860:	4a62                	lw	s4,24(sp)
    6862:	4ad2                	lw	s5,20(sp)
    6864:	4b42                	lw	s6,16(sp)
    6866:	4bb2                	lw	s7,12(sp)
    6868:	6145                	addi	sp,sp,48
    686a:	8082                	ret
    686c:	4404                	lw	s1,8(s0)
    686e:	00442983          	lw	s3,4(s0)
    6872:	19fd                	addi	s3,s3,-1
    6874:	0009d463          	bgez	s3,687c <_fwalk_reent+0x4c>
    6878:	4000                	lw	s0,0(s0)
    687a:	bfe1                	j	6852 <_fwalk_reent+0x22>
    687c:	24de                	lhu	a5,12(s1)
    687e:	00fb7b63          	bgeu	s6,a5,6894 <_fwalk_reent+0x64>
    6882:	00e49783          	lh	a5,14(s1)
    6886:	01778763          	beq	a5,s7,6894 <_fwalk_reent+0x64>
    688a:	85a6                	mv	a1,s1
    688c:	8552                	mv	a0,s4
    688e:	9a82                	jalr	s5
    6890:	00a96933          	or	s2,s2,a0
    6894:	06848493          	addi	s1,s1,104
    6898:	bfe9                	j	6872 <_fwalk_reent+0x42>

0000689a <__swhatbuf_r>:
    689a:	7119                	addi	sp,sp,-128
    689c:	daa6                	sw	s1,116(sp)
    689e:	84ae                	mv	s1,a1
    68a0:	00e59583          	lh	a1,14(a1)
    68a4:	dca2                	sw	s0,120(sp)
    68a6:	de86                	sw	ra,124(sp)
    68a8:	8432                	mv	s0,a2
    68aa:	0005db63          	bgez	a1,68c0 <__swhatbuf_r+0x26>
    68ae:	24de                	lhu	a5,12(s1)
    68b0:	0006a023          	sw	zero,0(a3)
    68b4:	0807f793          	andi	a5,a5,128
    68b8:	e785                	bnez	a5,68e0 <__swhatbuf_r+0x46>
    68ba:	40000793          	li	a5,1024
    68be:	a01d                	j	68e4 <__swhatbuf_r+0x4a>
    68c0:	0830                	addi	a2,sp,24
    68c2:	c636                	sw	a3,12(sp)
    68c4:	5e7000ef          	jal	ra,76aa <_fstat_r>
    68c8:	46b2                	lw	a3,12(sp)
    68ca:	fe0542e3          	bltz	a0,68ae <__swhatbuf_r+0x14>
    68ce:	4772                	lw	a4,28(sp)
    68d0:	67bd                	lui	a5,0xf
    68d2:	8ff9                	and	a5,a5,a4
    68d4:	7779                	lui	a4,0xffffe
    68d6:	97ba                	add	a5,a5,a4
    68d8:	0017b793          	seqz	a5,a5
    68dc:	c29c                	sw	a5,0(a3)
    68de:	bff1                	j	68ba <__swhatbuf_r+0x20>
    68e0:	04000793          	li	a5,64
    68e4:	c01c                	sw	a5,0(s0)
    68e6:	50f6                	lw	ra,124(sp)
    68e8:	5466                	lw	s0,120(sp)
    68ea:	54d6                	lw	s1,116(sp)
    68ec:	4501                	li	a0,0
    68ee:	6109                	addi	sp,sp,128
    68f0:	8082                	ret

000068f2 <__smakebuf_r>:
    68f2:	25de                	lhu	a5,12(a1)
    68f4:	1101                	addi	sp,sp,-32
    68f6:	cc22                	sw	s0,24(sp)
    68f8:	ce06                	sw	ra,28(sp)
    68fa:	ca26                	sw	s1,20(sp)
    68fc:	c84a                	sw	s2,16(sp)
    68fe:	8b89                	andi	a5,a5,2
    6900:	842e                	mv	s0,a1
    6902:	cf89                	beqz	a5,691c <__smakebuf_r+0x2a>
    6904:	04740793          	addi	a5,s0,71
    6908:	c01c                	sw	a5,0(s0)
    690a:	c81c                	sw	a5,16(s0)
    690c:	4785                	li	a5,1
    690e:	c85c                	sw	a5,20(s0)
    6910:	40f2                	lw	ra,28(sp)
    6912:	4462                	lw	s0,24(sp)
    6914:	44d2                	lw	s1,20(sp)
    6916:	4942                	lw	s2,16(sp)
    6918:	6105                	addi	sp,sp,32
    691a:	8082                	ret
    691c:	0074                	addi	a3,sp,12
    691e:	0030                	addi	a2,sp,8
    6920:	84aa                	mv	s1,a0
    6922:	f79ff0ef          	jal	ra,689a <__swhatbuf_r>
    6926:	45a2                	lw	a1,8(sp)
    6928:	892a                	mv	s2,a0
    692a:	8526                	mv	a0,s1
    692c:	2201                	jal	6a2c <_malloc_r>
    692e:	e919                	bnez	a0,6944 <__smakebuf_r+0x52>
    6930:	00c41783          	lh	a5,12(s0)
    6934:	2007f713          	andi	a4,a5,512
    6938:	ff61                	bnez	a4,6910 <__smakebuf_r+0x1e>
    693a:	9bf1                	andi	a5,a5,-4
    693c:	0027e793          	ori	a5,a5,2
    6940:	a45e                	sh	a5,12(s0)
    6942:	b7c9                	j	6904 <__smakebuf_r+0x12>
    6944:	00000797          	auipc	a5,0x0
    6948:	d9078793          	addi	a5,a5,-624 # 66d4 <_cleanup_r>
    694c:	d49c                	sw	a5,40(s1)
    694e:	245e                	lhu	a5,12(s0)
    6950:	c008                	sw	a0,0(s0)
    6952:	c808                	sw	a0,16(s0)
    6954:	0807e793          	ori	a5,a5,128
    6958:	a45e                	sh	a5,12(s0)
    695a:	47a2                	lw	a5,8(sp)
    695c:	c85c                	sw	a5,20(s0)
    695e:	47b2                	lw	a5,12(sp)
    6960:	cf81                	beqz	a5,6978 <__smakebuf_r+0x86>
    6962:	00e41583          	lh	a1,14(s0)
    6966:	8526                	mv	a0,s1
    6968:	56d000ef          	jal	ra,76d4 <_isatty_r>
    696c:	c511                	beqz	a0,6978 <__smakebuf_r+0x86>
    696e:	245e                	lhu	a5,12(s0)
    6970:	9bf1                	andi	a5,a5,-4
    6972:	0017e793          	ori	a5,a5,1
    6976:	a45e                	sh	a5,12(s0)
    6978:	245e                	lhu	a5,12(s0)
    697a:	00f96933          	or	s2,s2,a5
    697e:	01241623          	sh	s2,12(s0)
    6982:	b779                	j	6910 <__smakebuf_r+0x1e>

00006984 <_free_r>:
    6984:	c1dd                	beqz	a1,6a2a <_free_r+0xa6>
    6986:	ffc5a783          	lw	a5,-4(a1)
    698a:	1141                	addi	sp,sp,-16
    698c:	c422                	sw	s0,8(sp)
    698e:	c606                	sw	ra,12(sp)
    6990:	c226                	sw	s1,4(sp)
    6992:	ffc58413          	addi	s0,a1,-4
    6996:	0007d363          	bgez	a5,699c <_free_r+0x18>
    699a:	943e                	add	s0,s0,a5
    699c:	84aa                	mv	s1,a0
    699e:	5d1000ef          	jal	ra,776e <__malloc_lock>
    69a2:	85418793          	addi	a5,gp,-1964 # 200000e4 <__malloc_free_list>
    69a6:	439c                	lw	a5,0(a5)
    69a8:	ef81                	bnez	a5,69c0 <_free_r+0x3c>
    69aa:	00042223          	sw	zero,4(s0)
    69ae:	8481aa23          	sw	s0,-1964(gp) # 200000e4 <__malloc_free_list>
    69b2:	4422                	lw	s0,8(sp)
    69b4:	40b2                	lw	ra,12(sp)
    69b6:	8526                	mv	a0,s1
    69b8:	4492                	lw	s1,4(sp)
    69ba:	0141                	addi	sp,sp,16
    69bc:	5b50006f          	j	7770 <__malloc_unlock>
    69c0:	00f47e63          	bgeu	s0,a5,69dc <_free_r+0x58>
    69c4:	4014                	lw	a3,0(s0)
    69c6:	00d40733          	add	a4,s0,a3
    69ca:	00e79663          	bne	a5,a4,69d6 <_free_r+0x52>
    69ce:	4398                	lw	a4,0(a5)
    69d0:	43dc                	lw	a5,4(a5)
    69d2:	9736                	add	a4,a4,a3
    69d4:	c018                	sw	a4,0(s0)
    69d6:	c05c                	sw	a5,4(s0)
    69d8:	bfd9                	j	69ae <_free_r+0x2a>
    69da:	87ba                	mv	a5,a4
    69dc:	43d8                	lw	a4,4(a5)
    69de:	c319                	beqz	a4,69e4 <_free_r+0x60>
    69e0:	fee47de3          	bgeu	s0,a4,69da <_free_r+0x56>
    69e4:	4394                	lw	a3,0(a5)
    69e6:	00d78633          	add	a2,a5,a3
    69ea:	00861f63          	bne	a2,s0,6a08 <_free_r+0x84>
    69ee:	4010                	lw	a2,0(s0)
    69f0:	96b2                	add	a3,a3,a2
    69f2:	c394                	sw	a3,0(a5)
    69f4:	00d78633          	add	a2,a5,a3
    69f8:	fac71de3          	bne	a4,a2,69b2 <_free_r+0x2e>
    69fc:	4310                	lw	a2,0(a4)
    69fe:	4358                	lw	a4,4(a4)
    6a00:	96b2                	add	a3,a3,a2
    6a02:	c394                	sw	a3,0(a5)
    6a04:	c3d8                	sw	a4,4(a5)
    6a06:	b775                	j	69b2 <_free_r+0x2e>
    6a08:	00c47563          	bgeu	s0,a2,6a12 <_free_r+0x8e>
    6a0c:	47b1                	li	a5,12
    6a0e:	c09c                	sw	a5,0(s1)
    6a10:	b74d                	j	69b2 <_free_r+0x2e>
    6a12:	4010                	lw	a2,0(s0)
    6a14:	00c406b3          	add	a3,s0,a2
    6a18:	00d71663          	bne	a4,a3,6a24 <_free_r+0xa0>
    6a1c:	4314                	lw	a3,0(a4)
    6a1e:	4358                	lw	a4,4(a4)
    6a20:	96b2                	add	a3,a3,a2
    6a22:	c014                	sw	a3,0(s0)
    6a24:	c058                	sw	a4,4(s0)
    6a26:	c3c0                	sw	s0,4(a5)
    6a28:	b769                	j	69b2 <_free_r+0x2e>
    6a2a:	8082                	ret

00006a2c <_malloc_r>:
    6a2c:	1101                	addi	sp,sp,-32
    6a2e:	ca26                	sw	s1,20(sp)
    6a30:	00358493          	addi	s1,a1,3
    6a34:	98f1                	andi	s1,s1,-4
    6a36:	ce06                	sw	ra,28(sp)
    6a38:	cc22                	sw	s0,24(sp)
    6a3a:	c84a                	sw	s2,16(sp)
    6a3c:	c64e                	sw	s3,12(sp)
    6a3e:	04a1                	addi	s1,s1,8
    6a40:	47b1                	li	a5,12
    6a42:	04f4f563          	bgeu	s1,a5,6a8c <_malloc_r+0x60>
    6a46:	44b1                	li	s1,12
    6a48:	04b4e463          	bltu	s1,a1,6a90 <_malloc_r+0x64>
    6a4c:	892a                	mv	s2,a0
    6a4e:	521000ef          	jal	ra,776e <__malloc_lock>
    6a52:	85418793          	addi	a5,gp,-1964 # 200000e4 <__malloc_free_list>
    6a56:	4398                	lw	a4,0(a5)
    6a58:	843a                	mv	s0,a4
    6a5a:	e429                	bnez	s0,6aa4 <_malloc_r+0x78>
    6a5c:	85818793          	addi	a5,gp,-1960 # 200000e8 <__malloc_sbrk_start>
    6a60:	439c                	lw	a5,0(a5)
    6a62:	e799                	bnez	a5,6a70 <_malloc_r+0x44>
    6a64:	4581                	li	a1,0
    6a66:	854a                	mv	a0,s2
    6a68:	319000ef          	jal	ra,7580 <_sbrk_r>
    6a6c:	84a1ac23          	sw	a0,-1960(gp) # 200000e8 <__malloc_sbrk_start>
    6a70:	85a6                	mv	a1,s1
    6a72:	854a                	mv	a0,s2
    6a74:	30d000ef          	jal	ra,7580 <_sbrk_r>
    6a78:	59fd                	li	s3,-1
    6a7a:	07351963          	bne	a0,s3,6aec <_malloc_r+0xc0>
    6a7e:	47b1                	li	a5,12
    6a80:	00f92023          	sw	a5,0(s2)
    6a84:	854a                	mv	a0,s2
    6a86:	4eb000ef          	jal	ra,7770 <__malloc_unlock>
    6a8a:	a029                	j	6a94 <_malloc_r+0x68>
    6a8c:	fa04dee3          	bgez	s1,6a48 <_malloc_r+0x1c>
    6a90:	47b1                	li	a5,12
    6a92:	c11c                	sw	a5,0(a0)
    6a94:	4501                	li	a0,0
    6a96:	40f2                	lw	ra,28(sp)
    6a98:	4462                	lw	s0,24(sp)
    6a9a:	44d2                	lw	s1,20(sp)
    6a9c:	4942                	lw	s2,16(sp)
    6a9e:	49b2                	lw	s3,12(sp)
    6aa0:	6105                	addi	sp,sp,32
    6aa2:	8082                	ret
    6aa4:	401c                	lw	a5,0(s0)
    6aa6:	8f85                	sub	a5,a5,s1
    6aa8:	0207cf63          	bltz	a5,6ae6 <_malloc_r+0xba>
    6aac:	46ad                	li	a3,11
    6aae:	00f6f663          	bgeu	a3,a5,6aba <_malloc_r+0x8e>
    6ab2:	c01c                	sw	a5,0(s0)
    6ab4:	943e                	add	s0,s0,a5
    6ab6:	c004                	sw	s1,0(s0)
    6ab8:	a031                	j	6ac4 <_malloc_r+0x98>
    6aba:	405c                	lw	a5,4(s0)
    6abc:	02871363          	bne	a4,s0,6ae2 <_malloc_r+0xb6>
    6ac0:	84f1aa23          	sw	a5,-1964(gp) # 200000e4 <__malloc_free_list>
    6ac4:	854a                	mv	a0,s2
    6ac6:	4ab000ef          	jal	ra,7770 <__malloc_unlock>
    6aca:	00b40513          	addi	a0,s0,11
    6ace:	00440793          	addi	a5,s0,4
    6ad2:	9961                	andi	a0,a0,-8
    6ad4:	40f50733          	sub	a4,a0,a5
    6ad8:	df5d                	beqz	a4,6a96 <_malloc_r+0x6a>
    6ada:	943a                	add	s0,s0,a4
    6adc:	8f89                	sub	a5,a5,a0
    6ade:	c01c                	sw	a5,0(s0)
    6ae0:	bf5d                	j	6a96 <_malloc_r+0x6a>
    6ae2:	c35c                	sw	a5,4(a4)
    6ae4:	b7c5                	j	6ac4 <_malloc_r+0x98>
    6ae6:	8722                	mv	a4,s0
    6ae8:	4040                	lw	s0,4(s0)
    6aea:	bf85                	j	6a5a <_malloc_r+0x2e>
    6aec:	00350413          	addi	s0,a0,3
    6af0:	9871                	andi	s0,s0,-4
    6af2:	fc8502e3          	beq	a0,s0,6ab6 <_malloc_r+0x8a>
    6af6:	40a405b3          	sub	a1,s0,a0
    6afa:	854a                	mv	a0,s2
    6afc:	285000ef          	jal	ra,7580 <_sbrk_r>
    6b00:	fb351be3          	bne	a0,s3,6ab6 <_malloc_r+0x8a>
    6b04:	bfad                	j	6a7e <_malloc_r+0x52>

00006b06 <__ssputs_r>:
    6b06:	1101                	addi	sp,sp,-32
    6b08:	c84a                	sw	s2,16(sp)
    6b0a:	0085a903          	lw	s2,8(a1)
    6b0e:	cc22                	sw	s0,24(sp)
    6b10:	c452                	sw	s4,8(sp)
    6b12:	c05a                	sw	s6,0(sp)
    6b14:	ce06                	sw	ra,28(sp)
    6b16:	ca26                	sw	s1,20(sp)
    6b18:	c64e                	sw	s3,12(sp)
    6b1a:	c256                	sw	s5,4(sp)
    6b1c:	842e                	mv	s0,a1
    6b1e:	8b32                	mv	s6,a2
    6b20:	8a36                	mv	s4,a3
    6b22:	0926e963          	bltu	a3,s2,6bb4 <__ssputs_r+0xae>
    6b26:	25de                	lhu	a5,12(a1)
    6b28:	4807f713          	andi	a4,a5,1152
    6b2c:	c351                	beqz	a4,6bb0 <__ssputs_r+0xaa>
    6b2e:	4004                	lw	s1,0(s0)
    6b30:	498c                	lw	a1,16(a1)
    6b32:	4858                	lw	a4,20(s0)
    6b34:	8aaa                	mv	s5,a0
    6b36:	40b489b3          	sub	s3,s1,a1
    6b3a:	448d                	li	s1,3
    6b3c:	02e484b3          	mul	s1,s1,a4
    6b40:	4709                	li	a4,2
    6b42:	02e4c4b3          	div	s1,s1,a4
    6b46:	00168713          	addi	a4,a3,1
    6b4a:	974e                	add	a4,a4,s3
    6b4c:	00e4f363          	bgeu	s1,a4,6b52 <__ssputs_r+0x4c>
    6b50:	84ba                	mv	s1,a4
    6b52:	4007f793          	andi	a5,a5,1024
    6b56:	cfbd                	beqz	a5,6bd4 <__ssputs_r+0xce>
    6b58:	85a6                	mv	a1,s1
    6b5a:	8556                	mv	a0,s5
    6b5c:	ed1ff0ef          	jal	ra,6a2c <_malloc_r>
    6b60:	892a                	mv	s2,a0
    6b62:	e11d                	bnez	a0,6b88 <__ssputs_r+0x82>
    6b64:	47b1                	li	a5,12
    6b66:	00faa023          	sw	a5,0(s5)
    6b6a:	245e                	lhu	a5,12(s0)
    6b6c:	557d                	li	a0,-1
    6b6e:	0407e793          	ori	a5,a5,64
    6b72:	a45e                	sh	a5,12(s0)
    6b74:	40f2                	lw	ra,28(sp)
    6b76:	4462                	lw	s0,24(sp)
    6b78:	44d2                	lw	s1,20(sp)
    6b7a:	4942                	lw	s2,16(sp)
    6b7c:	49b2                	lw	s3,12(sp)
    6b7e:	4a22                	lw	s4,8(sp)
    6b80:	4a92                	lw	s5,4(sp)
    6b82:	4b02                	lw	s6,0(sp)
    6b84:	6105                	addi	sp,sp,32
    6b86:	8082                	ret
    6b88:	480c                	lw	a1,16(s0)
    6b8a:	864e                	mv	a2,s3
    6b8c:	cd8ff0ef          	jal	ra,6064 <memcpy>
    6b90:	245e                	lhu	a5,12(s0)
    6b92:	b7f7f793          	andi	a5,a5,-1153
    6b96:	0807e793          	ori	a5,a5,128
    6b9a:	a45e                	sh	a5,12(s0)
    6b9c:	01242823          	sw	s2,16(s0)
    6ba0:	c844                	sw	s1,20(s0)
    6ba2:	994e                	add	s2,s2,s3
    6ba4:	413484b3          	sub	s1,s1,s3
    6ba8:	01242023          	sw	s2,0(s0)
    6bac:	c404                	sw	s1,8(s0)
    6bae:	8952                	mv	s2,s4
    6bb0:	012a7363          	bgeu	s4,s2,6bb6 <__ssputs_r+0xb0>
    6bb4:	8952                	mv	s2,s4
    6bb6:	4008                	lw	a0,0(s0)
    6bb8:	864a                	mv	a2,s2
    6bba:	85da                	mv	a1,s6
    6bbc:	36d000ef          	jal	ra,7728 <memmove>
    6bc0:	441c                	lw	a5,8(s0)
    6bc2:	4501                	li	a0,0
    6bc4:	412787b3          	sub	a5,a5,s2
    6bc8:	c41c                	sw	a5,8(s0)
    6bca:	401c                	lw	a5,0(s0)
    6bcc:	993e                	add	s2,s2,a5
    6bce:	01242023          	sw	s2,0(s0)
    6bd2:	b74d                	j	6b74 <__ssputs_r+0x6e>
    6bd4:	8626                	mv	a2,s1
    6bd6:	8556                	mv	a0,s5
    6bd8:	39b000ef          	jal	ra,7772 <_realloc_r>
    6bdc:	892a                	mv	s2,a0
    6bde:	fd5d                	bnez	a0,6b9c <__ssputs_r+0x96>
    6be0:	480c                	lw	a1,16(s0)
    6be2:	8556                	mv	a0,s5
    6be4:	da1ff0ef          	jal	ra,6984 <_free_r>
    6be8:	bfb5                	j	6b64 <__ssputs_r+0x5e>

00006bea <_svfiprintf_r>:
    6bea:	25de                	lhu	a5,12(a1)
    6bec:	7171                	addi	sp,sp,-176
    6bee:	d326                	sw	s1,164(sp)
    6bf0:	d14a                	sw	s2,160(sp)
    6bf2:	cf4e                	sw	s3,156(sp)
    6bf4:	d706                	sw	ra,172(sp)
    6bf6:	d522                	sw	s0,168(sp)
    6bf8:	cd52                	sw	s4,152(sp)
    6bfa:	cb56                	sw	s5,148(sp)
    6bfc:	c95a                	sw	s6,144(sp)
    6bfe:	c75e                	sw	s7,140(sp)
    6c00:	c562                	sw	s8,136(sp)
    6c02:	c366                	sw	s9,132(sp)
    6c04:	0807f793          	andi	a5,a5,128
    6c08:	89aa                	mv	s3,a0
    6c0a:	892e                	mv	s2,a1
    6c0c:	84b2                	mv	s1,a2
    6c0e:	c3b9                	beqz	a5,6c54 <_svfiprintf_r+0x6a>
    6c10:	499c                	lw	a5,16(a1)
    6c12:	e3a9                	bnez	a5,6c54 <_svfiprintf_r+0x6a>
    6c14:	04000593          	li	a1,64
    6c18:	c636                	sw	a3,12(sp)
    6c1a:	e13ff0ef          	jal	ra,6a2c <_malloc_r>
    6c1e:	00a92023          	sw	a0,0(s2)
    6c22:	00a92823          	sw	a0,16(s2)
    6c26:	46b2                	lw	a3,12(sp)
    6c28:	e115                	bnez	a0,6c4c <_svfiprintf_r+0x62>
    6c2a:	47b1                	li	a5,12
    6c2c:	00f9a023          	sw	a5,0(s3)
    6c30:	557d                	li	a0,-1
    6c32:	50ba                	lw	ra,172(sp)
    6c34:	542a                	lw	s0,168(sp)
    6c36:	549a                	lw	s1,164(sp)
    6c38:	590a                	lw	s2,160(sp)
    6c3a:	49fa                	lw	s3,156(sp)
    6c3c:	4a6a                	lw	s4,152(sp)
    6c3e:	4ada                	lw	s5,148(sp)
    6c40:	4b4a                	lw	s6,144(sp)
    6c42:	4bba                	lw	s7,140(sp)
    6c44:	4c2a                	lw	s8,136(sp)
    6c46:	4c9a                	lw	s9,132(sp)
    6c48:	614d                	addi	sp,sp,176
    6c4a:	8082                	ret
    6c4c:	04000793          	li	a5,64
    6c50:	00f92a23          	sw	a5,20(s2)
    6c54:	02000793          	li	a5,32
    6c58:	02f10ca3          	sb	a5,57(sp)
    6c5c:	03000793          	li	a5,48
    6c60:	da02                	sw	zero,52(sp)
    6c62:	02f10d23          	sb	a5,58(sp)
    6c66:	ce36                	sw	a3,28(sp)
    6c68:	02500b93          	li	s7,37
    6c6c:	00003a97          	auipc	s5,0x3
    6c70:	23ca8a93          	addi	s5,s5,572 # 9ea8 <__sf_fake_stdout+0x20>
    6c74:	4c05                	li	s8,1
    6c76:	4b29                	li	s6,10
    6c78:	8426                	mv	s0,s1
    6c7a:	201c                	lbu	a5,0(s0)
    6c7c:	c399                	beqz	a5,6c82 <_svfiprintf_r+0x98>
    6c7e:	09779963          	bne	a5,s7,6d10 <_svfiprintf_r+0x126>
    6c82:	40940cb3          	sub	s9,s0,s1
    6c86:	000c8e63          	beqz	s9,6ca2 <_svfiprintf_r+0xb8>
    6c8a:	86e6                	mv	a3,s9
    6c8c:	8626                	mv	a2,s1
    6c8e:	85ca                	mv	a1,s2
    6c90:	854e                	mv	a0,s3
    6c92:	e75ff0ef          	jal	ra,6b06 <__ssputs_r>
    6c96:	57fd                	li	a5,-1
    6c98:	18f50b63          	beq	a0,a5,6e2e <_svfiprintf_r+0x244>
    6c9c:	56d2                	lw	a3,52(sp)
    6c9e:	96e6                	add	a3,a3,s9
    6ca0:	da36                	sw	a3,52(sp)
    6ca2:	201c                	lbu	a5,0(s0)
    6ca4:	18078563          	beqz	a5,6e2e <_svfiprintf_r+0x244>
    6ca8:	57fd                	li	a5,-1
    6caa:	00140493          	addi	s1,s0,1
    6cae:	d002                	sw	zero,32(sp)
    6cb0:	d602                	sw	zero,44(sp)
    6cb2:	d23e                	sw	a5,36(sp)
    6cb4:	d402                	sw	zero,40(sp)
    6cb6:	060101a3          	sb	zero,99(sp)
    6cba:	dc82                	sw	zero,120(sp)
    6cbc:	208c                	lbu	a1,0(s1)
    6cbe:	4615                	li	a2,5
    6cc0:	8556                	mv	a0,s5
    6cc2:	b8aff0ef          	jal	ra,604c <memchr>
    6cc6:	00148413          	addi	s0,s1,1
    6cca:	5782                	lw	a5,32(sp)
    6ccc:	e521                	bnez	a0,6d14 <_svfiprintf_r+0x12a>
    6cce:	0107f713          	andi	a4,a5,16
    6cd2:	c709                	beqz	a4,6cdc <_svfiprintf_r+0xf2>
    6cd4:	02000713          	li	a4,32
    6cd8:	06e101a3          	sb	a4,99(sp)
    6cdc:	0087f713          	andi	a4,a5,8
    6ce0:	c709                	beqz	a4,6cea <_svfiprintf_r+0x100>
    6ce2:	02b00713          	li	a4,43
    6ce6:	06e101a3          	sb	a4,99(sp)
    6cea:	2094                	lbu	a3,0(s1)
    6cec:	02a00713          	li	a4,42
    6cf0:	02e68a63          	beq	a3,a4,6d24 <_svfiprintf_r+0x13a>
    6cf4:	57b2                	lw	a5,44(sp)
    6cf6:	8426                	mv	s0,s1
    6cf8:	4681                	li	a3,0
    6cfa:	4625                	li	a2,9
    6cfc:	2018                	lbu	a4,0(s0)
    6cfe:	00140593          	addi	a1,s0,1
    6d02:	fd070713          	addi	a4,a4,-48 # ffffdfd0 <_eusrstack+0xdfff5fd0>
    6d06:	06e67263          	bgeu	a2,a4,6d6a <_svfiprintf_r+0x180>
    6d0a:	c68d                	beqz	a3,6d34 <_svfiprintf_r+0x14a>
    6d0c:	d63e                	sw	a5,44(sp)
    6d0e:	a01d                	j	6d34 <_svfiprintf_r+0x14a>
    6d10:	0405                	addi	s0,s0,1
    6d12:	b7a5                	j	6c7a <_svfiprintf_r+0x90>
    6d14:	41550533          	sub	a0,a0,s5
    6d18:	00ac1533          	sll	a0,s8,a0
    6d1c:	8fc9                	or	a5,a5,a0
    6d1e:	d03e                	sw	a5,32(sp)
    6d20:	84a2                	mv	s1,s0
    6d22:	bf69                	j	6cbc <_svfiprintf_r+0xd2>
    6d24:	4772                	lw	a4,28(sp)
    6d26:	00470693          	addi	a3,a4,4
    6d2a:	4318                	lw	a4,0(a4)
    6d2c:	ce36                	sw	a3,28(sp)
    6d2e:	02074763          	bltz	a4,6d5c <_svfiprintf_r+0x172>
    6d32:	d63a                	sw	a4,44(sp)
    6d34:	2018                	lbu	a4,0(s0)
    6d36:	02e00793          	li	a5,46
    6d3a:	04f71d63          	bne	a4,a5,6d94 <_svfiprintf_r+0x1aa>
    6d3e:	3018                	lbu	a4,1(s0)
    6d40:	02a00793          	li	a5,42
    6d44:	02f71b63          	bne	a4,a5,6d7a <_svfiprintf_r+0x190>
    6d48:	47f2                	lw	a5,28(sp)
    6d4a:	0409                	addi	s0,s0,2
    6d4c:	00478713          	addi	a4,a5,4
    6d50:	439c                	lw	a5,0(a5)
    6d52:	ce3a                	sw	a4,28(sp)
    6d54:	0207c163          	bltz	a5,6d76 <_svfiprintf_r+0x18c>
    6d58:	d23e                	sw	a5,36(sp)
    6d5a:	a82d                	j	6d94 <_svfiprintf_r+0x1aa>
    6d5c:	40e00733          	neg	a4,a4
    6d60:	0027e793          	ori	a5,a5,2
    6d64:	d63a                	sw	a4,44(sp)
    6d66:	d03e                	sw	a5,32(sp)
    6d68:	b7f1                	j	6d34 <_svfiprintf_r+0x14a>
    6d6a:	036787b3          	mul	a5,a5,s6
    6d6e:	4685                	li	a3,1
    6d70:	842e                	mv	s0,a1
    6d72:	97ba                	add	a5,a5,a4
    6d74:	b761                	j	6cfc <_svfiprintf_r+0x112>
    6d76:	57fd                	li	a5,-1
    6d78:	b7c5                	j	6d58 <_svfiprintf_r+0x16e>
    6d7a:	0405                	addi	s0,s0,1
    6d7c:	d202                	sw	zero,36(sp)
    6d7e:	4681                	li	a3,0
    6d80:	4781                	li	a5,0
    6d82:	4625                	li	a2,9
    6d84:	2018                	lbu	a4,0(s0)
    6d86:	00140593          	addi	a1,s0,1
    6d8a:	fd070713          	addi	a4,a4,-48
    6d8e:	06e67663          	bgeu	a2,a4,6dfa <_svfiprintf_r+0x210>
    6d92:	f2f9                	bnez	a3,6d58 <_svfiprintf_r+0x16e>
    6d94:	200c                	lbu	a1,0(s0)
    6d96:	460d                	li	a2,3
    6d98:	00003517          	auipc	a0,0x3
    6d9c:	11850513          	addi	a0,a0,280 # 9eb0 <__sf_fake_stdout+0x28>
    6da0:	aacff0ef          	jal	ra,604c <memchr>
    6da4:	cd11                	beqz	a0,6dc0 <_svfiprintf_r+0x1d6>
    6da6:	00003797          	auipc	a5,0x3
    6daa:	10a78793          	addi	a5,a5,266 # 9eb0 <__sf_fake_stdout+0x28>
    6dae:	8d1d                	sub	a0,a0,a5
    6db0:	04000793          	li	a5,64
    6db4:	00a797b3          	sll	a5,a5,a0
    6db8:	5502                	lw	a0,32(sp)
    6dba:	0405                	addi	s0,s0,1
    6dbc:	8d5d                	or	a0,a0,a5
    6dbe:	d02a                	sw	a0,32(sp)
    6dc0:	200c                	lbu	a1,0(s0)
    6dc2:	4619                	li	a2,6
    6dc4:	00003517          	auipc	a0,0x3
    6dc8:	0f050513          	addi	a0,a0,240 # 9eb4 <__sf_fake_stdout+0x2c>
    6dcc:	00140493          	addi	s1,s0,1
    6dd0:	02b10c23          	sb	a1,56(sp)
    6dd4:	a78ff0ef          	jal	ra,604c <memchr>
    6dd8:	c525                	beqz	a0,6e40 <_svfiprintf_r+0x256>
    6dda:	ffff9797          	auipc	a5,0xffff9
    6dde:	22678793          	addi	a5,a5,550 # 0 <_sinit>
    6de2:	e795                	bnez	a5,6e0e <_svfiprintf_r+0x224>
    6de4:	5702                	lw	a4,32(sp)
    6de6:	47f2                	lw	a5,28(sp)
    6de8:	10077713          	andi	a4,a4,256
    6dec:	cf09                	beqz	a4,6e06 <_svfiprintf_r+0x21c>
    6dee:	0791                	addi	a5,a5,4
    6df0:	ce3e                	sw	a5,28(sp)
    6df2:	57d2                	lw	a5,52(sp)
    6df4:	97d2                	add	a5,a5,s4
    6df6:	da3e                	sw	a5,52(sp)
    6df8:	b541                	j	6c78 <_svfiprintf_r+0x8e>
    6dfa:	036787b3          	mul	a5,a5,s6
    6dfe:	4685                	li	a3,1
    6e00:	842e                	mv	s0,a1
    6e02:	97ba                	add	a5,a5,a4
    6e04:	b741                	j	6d84 <_svfiprintf_r+0x19a>
    6e06:	079d                	addi	a5,a5,7
    6e08:	9be1                	andi	a5,a5,-8
    6e0a:	07a1                	addi	a5,a5,8
    6e0c:	b7d5                	j	6df0 <_svfiprintf_r+0x206>
    6e0e:	0878                	addi	a4,sp,28
    6e10:	00000697          	auipc	a3,0x0
    6e14:	cf668693          	addi	a3,a3,-778 # 6b06 <__ssputs_r>
    6e18:	864a                	mv	a2,s2
    6e1a:	100c                	addi	a1,sp,32
    6e1c:	854e                	mv	a0,s3
    6e1e:	00000097          	auipc	ra,0x0
    6e22:	000000e7          	jalr	zero # 0 <_sinit>
    6e26:	57fd                	li	a5,-1
    6e28:	8a2a                	mv	s4,a0
    6e2a:	fcf514e3          	bne	a0,a5,6df2 <_svfiprintf_r+0x208>
    6e2e:	00c95783          	lhu	a5,12(s2)
    6e32:	557d                	li	a0,-1
    6e34:	0407f793          	andi	a5,a5,64
    6e38:	de079de3          	bnez	a5,6c32 <_svfiprintf_r+0x48>
    6e3c:	5552                	lw	a0,52(sp)
    6e3e:	bbd5                	j	6c32 <_svfiprintf_r+0x48>
    6e40:	0878                	addi	a4,sp,28
    6e42:	00000697          	auipc	a3,0x0
    6e46:	cc468693          	addi	a3,a3,-828 # 6b06 <__ssputs_r>
    6e4a:	864a                	mv	a2,s2
    6e4c:	100c                	addi	a1,sp,32
    6e4e:	854e                	mv	a0,s3
    6e50:	2121                	jal	7258 <_printf_i>
    6e52:	bfd1                	j	6e26 <_svfiprintf_r+0x23c>

00006e54 <__sfputc_r>:
    6e54:	461c                	lw	a5,8(a2)
    6e56:	17fd                	addi	a5,a5,-1
    6e58:	c61c                	sw	a5,8(a2)
    6e5a:	0007da63          	bgez	a5,6e6e <__sfputc_r+0x1a>
    6e5e:	4e18                	lw	a4,24(a2)
    6e60:	00e7c563          	blt	a5,a4,6e6a <__sfputc_r+0x16>
    6e64:	47a9                	li	a5,10
    6e66:	00f59463          	bne	a1,a5,6e6e <__sfputc_r+0x1a>
    6e6a:	cb6ff06f          	j	6320 <__swbuf_r>
    6e6e:	421c                	lw	a5,0(a2)
    6e70:	852e                	mv	a0,a1
    6e72:	00178713          	addi	a4,a5,1
    6e76:	c218                	sw	a4,0(a2)
    6e78:	a38c                	sb	a1,0(a5)
    6e7a:	8082                	ret

00006e7c <__sfputs_r>:
    6e7c:	1101                	addi	sp,sp,-32
    6e7e:	cc22                	sw	s0,24(sp)
    6e80:	ca26                	sw	s1,20(sp)
    6e82:	c84a                	sw	s2,16(sp)
    6e84:	c64e                	sw	s3,12(sp)
    6e86:	c452                	sw	s4,8(sp)
    6e88:	ce06                	sw	ra,28(sp)
    6e8a:	892a                	mv	s2,a0
    6e8c:	89ae                	mv	s3,a1
    6e8e:	8432                	mv	s0,a2
    6e90:	00d604b3          	add	s1,a2,a3
    6e94:	5a7d                	li	s4,-1
    6e96:	00941463          	bne	s0,s1,6e9e <__sfputs_r+0x22>
    6e9a:	4501                	li	a0,0
    6e9c:	a809                	j	6eae <__sfputs_r+0x32>
    6e9e:	200c                	lbu	a1,0(s0)
    6ea0:	864e                	mv	a2,s3
    6ea2:	854a                	mv	a0,s2
    6ea4:	fb1ff0ef          	jal	ra,6e54 <__sfputc_r>
    6ea8:	0405                	addi	s0,s0,1
    6eaa:	ff4516e3          	bne	a0,s4,6e96 <__sfputs_r+0x1a>
    6eae:	40f2                	lw	ra,28(sp)
    6eb0:	4462                	lw	s0,24(sp)
    6eb2:	44d2                	lw	s1,20(sp)
    6eb4:	4942                	lw	s2,16(sp)
    6eb6:	49b2                	lw	s3,12(sp)
    6eb8:	4a22                	lw	s4,8(sp)
    6eba:	6105                	addi	sp,sp,32
    6ebc:	8082                	ret

00006ebe <_vfiprintf_r>:
    6ebe:	7135                	addi	sp,sp,-160
    6ec0:	cd22                	sw	s0,152(sp)
    6ec2:	cb26                	sw	s1,148(sp)
    6ec4:	c94a                	sw	s2,144(sp)
    6ec6:	c74e                	sw	s3,140(sp)
    6ec8:	cf06                	sw	ra,156(sp)
    6eca:	c552                	sw	s4,136(sp)
    6ecc:	c356                	sw	s5,132(sp)
    6ece:	c15a                	sw	s6,128(sp)
    6ed0:	dede                	sw	s7,124(sp)
    6ed2:	dce2                	sw	s8,120(sp)
    6ed4:	dae6                	sw	s9,116(sp)
    6ed6:	89aa                	mv	s3,a0
    6ed8:	84ae                	mv	s1,a1
    6eda:	8932                	mv	s2,a2
    6edc:	8436                	mv	s0,a3
    6ede:	c509                	beqz	a0,6ee8 <_vfiprintf_r+0x2a>
    6ee0:	4d1c                	lw	a5,24(a0)
    6ee2:	e399                	bnez	a5,6ee8 <_vfiprintf_r+0x2a>
    6ee4:	841ff0ef          	jal	ra,6724 <__sinit>
    6ee8:	00003797          	auipc	a5,0x3
    6eec:	f8078793          	addi	a5,a5,-128 # 9e68 <__sf_fake_stdin>
    6ef0:	0cf49963          	bne	s1,a5,6fc2 <_vfiprintf_r+0x104>
    6ef4:	0049a483          	lw	s1,4(s3)
    6ef8:	24de                	lhu	a5,12(s1)
    6efa:	8ba1                	andi	a5,a5,8
    6efc:	c7ed                	beqz	a5,6fe6 <_vfiprintf_r+0x128>
    6efe:	489c                	lw	a5,16(s1)
    6f00:	c3fd                	beqz	a5,6fe6 <_vfiprintf_r+0x128>
    6f02:	02000793          	li	a5,32
    6f06:	02f104a3          	sb	a5,41(sp)
    6f0a:	03000793          	li	a5,48
    6f0e:	d202                	sw	zero,36(sp)
    6f10:	02f10523          	sb	a5,42(sp)
    6f14:	c622                	sw	s0,12(sp)
    6f16:	02500b93          	li	s7,37
    6f1a:	00003a97          	auipc	s5,0x3
    6f1e:	f8ea8a93          	addi	s5,s5,-114 # 9ea8 <__sf_fake_stdout+0x20>
    6f22:	4c05                	li	s8,1
    6f24:	4b29                	li	s6,10
    6f26:	844a                	mv	s0,s2
    6f28:	201c                	lbu	a5,0(s0)
    6f2a:	c399                	beqz	a5,6f30 <_vfiprintf_r+0x72>
    6f2c:	0f779063          	bne	a5,s7,700c <_vfiprintf_r+0x14e>
    6f30:	41240cb3          	sub	s9,s0,s2
    6f34:	000c8e63          	beqz	s9,6f50 <_vfiprintf_r+0x92>
    6f38:	86e6                	mv	a3,s9
    6f3a:	864a                	mv	a2,s2
    6f3c:	85a6                	mv	a1,s1
    6f3e:	854e                	mv	a0,s3
    6f40:	f3dff0ef          	jal	ra,6e7c <__sfputs_r>
    6f44:	57fd                	li	a5,-1
    6f46:	1ef50263          	beq	a0,a5,712a <_vfiprintf_r+0x26c>
    6f4a:	5692                	lw	a3,36(sp)
    6f4c:	96e6                	add	a3,a3,s9
    6f4e:	d236                	sw	a3,36(sp)
    6f50:	201c                	lbu	a5,0(s0)
    6f52:	1c078c63          	beqz	a5,712a <_vfiprintf_r+0x26c>
    6f56:	57fd                	li	a5,-1
    6f58:	00140913          	addi	s2,s0,1
    6f5c:	c802                	sw	zero,16(sp)
    6f5e:	ce02                	sw	zero,28(sp)
    6f60:	ca3e                	sw	a5,20(sp)
    6f62:	cc02                	sw	zero,24(sp)
    6f64:	040109a3          	sb	zero,83(sp)
    6f68:	d482                	sw	zero,104(sp)
    6f6a:	00094583          	lbu	a1,0(s2)
    6f6e:	4615                	li	a2,5
    6f70:	8556                	mv	a0,s5
    6f72:	8daff0ef          	jal	ra,604c <memchr>
    6f76:	00190413          	addi	s0,s2,1
    6f7a:	47c2                	lw	a5,16(sp)
    6f7c:	e951                	bnez	a0,7010 <_vfiprintf_r+0x152>
    6f7e:	0107f713          	andi	a4,a5,16
    6f82:	c709                	beqz	a4,6f8c <_vfiprintf_r+0xce>
    6f84:	02000713          	li	a4,32
    6f88:	04e109a3          	sb	a4,83(sp)
    6f8c:	0087f713          	andi	a4,a5,8
    6f90:	c709                	beqz	a4,6f9a <_vfiprintf_r+0xdc>
    6f92:	02b00713          	li	a4,43
    6f96:	04e109a3          	sb	a4,83(sp)
    6f9a:	00094683          	lbu	a3,0(s2)
    6f9e:	02a00713          	li	a4,42
    6fa2:	06e68f63          	beq	a3,a4,7020 <_vfiprintf_r+0x162>
    6fa6:	47f2                	lw	a5,28(sp)
    6fa8:	844a                	mv	s0,s2
    6faa:	4681                	li	a3,0
    6fac:	4625                	li	a2,9
    6fae:	2018                	lbu	a4,0(s0)
    6fb0:	00140593          	addi	a1,s0,1
    6fb4:	fd070713          	addi	a4,a4,-48
    6fb8:	0ae67763          	bgeu	a2,a4,7066 <_vfiprintf_r+0x1a8>
    6fbc:	cab5                	beqz	a3,7030 <_vfiprintf_r+0x172>
    6fbe:	ce3e                	sw	a5,28(sp)
    6fc0:	a885                	j	7030 <_vfiprintf_r+0x172>
    6fc2:	00003797          	auipc	a5,0x3
    6fc6:	ec678793          	addi	a5,a5,-314 # 9e88 <__sf_fake_stdout>
    6fca:	00f49563          	bne	s1,a5,6fd4 <_vfiprintf_r+0x116>
    6fce:	0089a483          	lw	s1,8(s3)
    6fd2:	b71d                	j	6ef8 <_vfiprintf_r+0x3a>
    6fd4:	00003797          	auipc	a5,0x3
    6fd8:	e7478793          	addi	a5,a5,-396 # 9e48 <__sf_fake_stderr>
    6fdc:	f0f49ee3          	bne	s1,a5,6ef8 <_vfiprintf_r+0x3a>
    6fe0:	00c9a483          	lw	s1,12(s3)
    6fe4:	bf11                	j	6ef8 <_vfiprintf_r+0x3a>
    6fe6:	85a6                	mv	a1,s1
    6fe8:	854e                	mv	a0,s3
    6fea:	bf2ff0ef          	jal	ra,63dc <__swsetup_r>
    6fee:	d911                	beqz	a0,6f02 <_vfiprintf_r+0x44>
    6ff0:	557d                	li	a0,-1
    6ff2:	40fa                	lw	ra,156(sp)
    6ff4:	446a                	lw	s0,152(sp)
    6ff6:	44da                	lw	s1,148(sp)
    6ff8:	494a                	lw	s2,144(sp)
    6ffa:	49ba                	lw	s3,140(sp)
    6ffc:	4a2a                	lw	s4,136(sp)
    6ffe:	4a9a                	lw	s5,132(sp)
    7000:	4b0a                	lw	s6,128(sp)
    7002:	5bf6                	lw	s7,124(sp)
    7004:	5c66                	lw	s8,120(sp)
    7006:	5cd6                	lw	s9,116(sp)
    7008:	610d                	addi	sp,sp,160
    700a:	8082                	ret
    700c:	0405                	addi	s0,s0,1
    700e:	bf29                	j	6f28 <_vfiprintf_r+0x6a>
    7010:	41550533          	sub	a0,a0,s5
    7014:	00ac1533          	sll	a0,s8,a0
    7018:	8fc9                	or	a5,a5,a0
    701a:	c83e                	sw	a5,16(sp)
    701c:	8922                	mv	s2,s0
    701e:	b7b1                	j	6f6a <_vfiprintf_r+0xac>
    7020:	4732                	lw	a4,12(sp)
    7022:	00470693          	addi	a3,a4,4
    7026:	4318                	lw	a4,0(a4)
    7028:	c636                	sw	a3,12(sp)
    702a:	02074763          	bltz	a4,7058 <_vfiprintf_r+0x19a>
    702e:	ce3a                	sw	a4,28(sp)
    7030:	2018                	lbu	a4,0(s0)
    7032:	02e00793          	li	a5,46
    7036:	04f71d63          	bne	a4,a5,7090 <_vfiprintf_r+0x1d2>
    703a:	3018                	lbu	a4,1(s0)
    703c:	02a00793          	li	a5,42
    7040:	02f71b63          	bne	a4,a5,7076 <_vfiprintf_r+0x1b8>
    7044:	47b2                	lw	a5,12(sp)
    7046:	0409                	addi	s0,s0,2
    7048:	00478713          	addi	a4,a5,4
    704c:	439c                	lw	a5,0(a5)
    704e:	c63a                	sw	a4,12(sp)
    7050:	0207c163          	bltz	a5,7072 <_vfiprintf_r+0x1b4>
    7054:	ca3e                	sw	a5,20(sp)
    7056:	a82d                	j	7090 <_vfiprintf_r+0x1d2>
    7058:	40e00733          	neg	a4,a4
    705c:	0027e793          	ori	a5,a5,2
    7060:	ce3a                	sw	a4,28(sp)
    7062:	c83e                	sw	a5,16(sp)
    7064:	b7f1                	j	7030 <_vfiprintf_r+0x172>
    7066:	036787b3          	mul	a5,a5,s6
    706a:	4685                	li	a3,1
    706c:	842e                	mv	s0,a1
    706e:	97ba                	add	a5,a5,a4
    7070:	bf3d                	j	6fae <_vfiprintf_r+0xf0>
    7072:	57fd                	li	a5,-1
    7074:	b7c5                	j	7054 <_vfiprintf_r+0x196>
    7076:	0405                	addi	s0,s0,1
    7078:	ca02                	sw	zero,20(sp)
    707a:	4681                	li	a3,0
    707c:	4781                	li	a5,0
    707e:	4625                	li	a2,9
    7080:	2018                	lbu	a4,0(s0)
    7082:	00140593          	addi	a1,s0,1
    7086:	fd070713          	addi	a4,a4,-48
    708a:	06e67663          	bgeu	a2,a4,70f6 <_vfiprintf_r+0x238>
    708e:	f2f9                	bnez	a3,7054 <_vfiprintf_r+0x196>
    7090:	200c                	lbu	a1,0(s0)
    7092:	460d                	li	a2,3
    7094:	00003517          	auipc	a0,0x3
    7098:	e1c50513          	addi	a0,a0,-484 # 9eb0 <__sf_fake_stdout+0x28>
    709c:	fb1fe0ef          	jal	ra,604c <memchr>
    70a0:	cd11                	beqz	a0,70bc <_vfiprintf_r+0x1fe>
    70a2:	00003797          	auipc	a5,0x3
    70a6:	e0e78793          	addi	a5,a5,-498 # 9eb0 <__sf_fake_stdout+0x28>
    70aa:	8d1d                	sub	a0,a0,a5
    70ac:	04000793          	li	a5,64
    70b0:	00a797b3          	sll	a5,a5,a0
    70b4:	4542                	lw	a0,16(sp)
    70b6:	0405                	addi	s0,s0,1
    70b8:	8d5d                	or	a0,a0,a5
    70ba:	c82a                	sw	a0,16(sp)
    70bc:	200c                	lbu	a1,0(s0)
    70be:	4619                	li	a2,6
    70c0:	00003517          	auipc	a0,0x3
    70c4:	df450513          	addi	a0,a0,-524 # 9eb4 <__sf_fake_stdout+0x2c>
    70c8:	00140913          	addi	s2,s0,1
    70cc:	02b10423          	sb	a1,40(sp)
    70d0:	f7dfe0ef          	jal	ra,604c <memchr>
    70d4:	c135                	beqz	a0,7138 <_vfiprintf_r+0x27a>
    70d6:	ffff9797          	auipc	a5,0xffff9
    70da:	f2a78793          	addi	a5,a5,-214 # 0 <_sinit>
    70de:	e795                	bnez	a5,710a <_vfiprintf_r+0x24c>
    70e0:	4742                	lw	a4,16(sp)
    70e2:	47b2                	lw	a5,12(sp)
    70e4:	10077713          	andi	a4,a4,256
    70e8:	cf09                	beqz	a4,7102 <_vfiprintf_r+0x244>
    70ea:	0791                	addi	a5,a5,4
    70ec:	c63e                	sw	a5,12(sp)
    70ee:	5792                	lw	a5,36(sp)
    70f0:	97d2                	add	a5,a5,s4
    70f2:	d23e                	sw	a5,36(sp)
    70f4:	bd0d                	j	6f26 <_vfiprintf_r+0x68>
    70f6:	036787b3          	mul	a5,a5,s6
    70fa:	4685                	li	a3,1
    70fc:	842e                	mv	s0,a1
    70fe:	97ba                	add	a5,a5,a4
    7100:	b741                	j	7080 <_vfiprintf_r+0x1c2>
    7102:	079d                	addi	a5,a5,7
    7104:	9be1                	andi	a5,a5,-8
    7106:	07a1                	addi	a5,a5,8
    7108:	b7d5                	j	70ec <_vfiprintf_r+0x22e>
    710a:	0078                	addi	a4,sp,12
    710c:	00000697          	auipc	a3,0x0
    7110:	d7068693          	addi	a3,a3,-656 # 6e7c <__sfputs_r>
    7114:	8626                	mv	a2,s1
    7116:	080c                	addi	a1,sp,16
    7118:	854e                	mv	a0,s3
    711a:	00000097          	auipc	ra,0x0
    711e:	000000e7          	jalr	zero # 0 <_sinit>
    7122:	57fd                	li	a5,-1
    7124:	8a2a                	mv	s4,a0
    7126:	fcf514e3          	bne	a0,a5,70ee <_vfiprintf_r+0x230>
    712a:	24de                	lhu	a5,12(s1)
    712c:	0407f793          	andi	a5,a5,64
    7130:	ec0790e3          	bnez	a5,6ff0 <_vfiprintf_r+0x132>
    7134:	5512                	lw	a0,36(sp)
    7136:	bd75                	j	6ff2 <_vfiprintf_r+0x134>
    7138:	0078                	addi	a4,sp,12
    713a:	00000697          	auipc	a3,0x0
    713e:	d4268693          	addi	a3,a3,-702 # 6e7c <__sfputs_r>
    7142:	8626                	mv	a2,s1
    7144:	080c                	addi	a1,sp,16
    7146:	854e                	mv	a0,s3
    7148:	2a01                	jal	7258 <_printf_i>
    714a:	bfe1                	j	7122 <_vfiprintf_r+0x264>

0000714c <_printf_common>:
    714c:	7179                	addi	sp,sp,-48
    714e:	ca56                	sw	s5,20(sp)
    7150:	499c                	lw	a5,16(a1)
    7152:	8aba                	mv	s5,a4
    7154:	4598                	lw	a4,8(a1)
    7156:	d422                	sw	s0,40(sp)
    7158:	d226                	sw	s1,36(sp)
    715a:	ce4e                	sw	s3,28(sp)
    715c:	cc52                	sw	s4,24(sp)
    715e:	d606                	sw	ra,44(sp)
    7160:	d04a                	sw	s2,32(sp)
    7162:	c85a                	sw	s6,16(sp)
    7164:	c65e                	sw	s7,12(sp)
    7166:	89aa                	mv	s3,a0
    7168:	842e                	mv	s0,a1
    716a:	84b2                	mv	s1,a2
    716c:	8a36                	mv	s4,a3
    716e:	00e7d363          	bge	a5,a4,7174 <_printf_common+0x28>
    7172:	87ba                	mv	a5,a4
    7174:	c09c                	sw	a5,0(s1)
    7176:	04344703          	lbu	a4,67(s0)
    717a:	c319                	beqz	a4,7180 <_printf_common+0x34>
    717c:	0785                	addi	a5,a5,1
    717e:	c09c                	sw	a5,0(s1)
    7180:	401c                	lw	a5,0(s0)
    7182:	0207f793          	andi	a5,a5,32
    7186:	c781                	beqz	a5,718e <_printf_common+0x42>
    7188:	409c                	lw	a5,0(s1)
    718a:	0789                	addi	a5,a5,2
    718c:	c09c                	sw	a5,0(s1)
    718e:	00042903          	lw	s2,0(s0)
    7192:	00697913          	andi	s2,s2,6
    7196:	00091a63          	bnez	s2,71aa <_printf_common+0x5e>
    719a:	01940b13          	addi	s6,s0,25
    719e:	5bfd                	li	s7,-1
    71a0:	445c                	lw	a5,12(s0)
    71a2:	4098                	lw	a4,0(s1)
    71a4:	8f99                	sub	a5,a5,a4
    71a6:	04f94c63          	blt	s2,a5,71fe <_printf_common+0xb2>
    71aa:	401c                	lw	a5,0(s0)
    71ac:	04344683          	lbu	a3,67(s0)
    71b0:	0207f793          	andi	a5,a5,32
    71b4:	00d036b3          	snez	a3,a3
    71b8:	eba5                	bnez	a5,7228 <_printf_common+0xdc>
    71ba:	04340613          	addi	a2,s0,67
    71be:	85d2                	mv	a1,s4
    71c0:	854e                	mv	a0,s3
    71c2:	9a82                	jalr	s5
    71c4:	57fd                	li	a5,-1
    71c6:	04f50363          	beq	a0,a5,720c <_printf_common+0xc0>
    71ca:	401c                	lw	a5,0(s0)
    71cc:	4611                	li	a2,4
    71ce:	4098                	lw	a4,0(s1)
    71d0:	8b99                	andi	a5,a5,6
    71d2:	4454                	lw	a3,12(s0)
    71d4:	4481                	li	s1,0
    71d6:	00c79763          	bne	a5,a2,71e4 <_printf_common+0x98>
    71da:	40e684b3          	sub	s1,a3,a4
    71de:	0004d363          	bgez	s1,71e4 <_printf_common+0x98>
    71e2:	4481                	li	s1,0
    71e4:	441c                	lw	a5,8(s0)
    71e6:	4818                	lw	a4,16(s0)
    71e8:	00f75463          	bge	a4,a5,71f0 <_printf_common+0xa4>
    71ec:	8f99                	sub	a5,a5,a4
    71ee:	94be                	add	s1,s1,a5
    71f0:	4901                	li	s2,0
    71f2:	0469                	addi	s0,s0,26
    71f4:	5b7d                	li	s6,-1
    71f6:	05249863          	bne	s1,s2,7246 <_printf_common+0xfa>
    71fa:	4501                	li	a0,0
    71fc:	a809                	j	720e <_printf_common+0xc2>
    71fe:	4685                	li	a3,1
    7200:	865a                	mv	a2,s6
    7202:	85d2                	mv	a1,s4
    7204:	854e                	mv	a0,s3
    7206:	9a82                	jalr	s5
    7208:	01751e63          	bne	a0,s7,7224 <_printf_common+0xd8>
    720c:	557d                	li	a0,-1
    720e:	50b2                	lw	ra,44(sp)
    7210:	5422                	lw	s0,40(sp)
    7212:	5492                	lw	s1,36(sp)
    7214:	5902                	lw	s2,32(sp)
    7216:	49f2                	lw	s3,28(sp)
    7218:	4a62                	lw	s4,24(sp)
    721a:	4ad2                	lw	s5,20(sp)
    721c:	4b42                	lw	s6,16(sp)
    721e:	4bb2                	lw	s7,12(sp)
    7220:	6145                	addi	sp,sp,48
    7222:	8082                	ret
    7224:	0905                	addi	s2,s2,1
    7226:	bfad                	j	71a0 <_printf_common+0x54>
    7228:	00d40733          	add	a4,s0,a3
    722c:	03000613          	li	a2,48
    7230:	04c701a3          	sb	a2,67(a4)
    7234:	04544703          	lbu	a4,69(s0)
    7238:	00168793          	addi	a5,a3,1
    723c:	97a2                	add	a5,a5,s0
    723e:	0689                	addi	a3,a3,2
    7240:	04e781a3          	sb	a4,67(a5)
    7244:	bf9d                	j	71ba <_printf_common+0x6e>
    7246:	4685                	li	a3,1
    7248:	8622                	mv	a2,s0
    724a:	85d2                	mv	a1,s4
    724c:	854e                	mv	a0,s3
    724e:	9a82                	jalr	s5
    7250:	fb650ee3          	beq	a0,s6,720c <_printf_common+0xc0>
    7254:	0905                	addi	s2,s2,1
    7256:	b745                	j	71f6 <_printf_common+0xaa>

00007258 <_printf_i>:
    7258:	7179                	addi	sp,sp,-48
    725a:	d422                	sw	s0,40(sp)
    725c:	d226                	sw	s1,36(sp)
    725e:	d04a                	sw	s2,32(sp)
    7260:	ce4e                	sw	s3,28(sp)
    7262:	d606                	sw	ra,44(sp)
    7264:	cc52                	sw	s4,24(sp)
    7266:	ca56                	sw	s5,20(sp)
    7268:	c85a                	sw	s6,16(sp)
    726a:	89b6                	mv	s3,a3
    726c:	2d94                	lbu	a3,24(a1)
    726e:	06900793          	li	a5,105
    7272:	8932                	mv	s2,a2
    7274:	84aa                	mv	s1,a0
    7276:	842e                	mv	s0,a1
    7278:	04358613          	addi	a2,a1,67
    727c:	02f68d63          	beq	a3,a5,72b6 <_printf_i+0x5e>
    7280:	06d7e263          	bltu	a5,a3,72e4 <_printf_i+0x8c>
    7284:	05800793          	li	a5,88
    7288:	18f68763          	beq	a3,a5,7416 <_printf_i+0x1be>
    728c:	00d7ed63          	bltu	a5,a3,72a6 <_printf_i+0x4e>
    7290:	20068f63          	beqz	a3,74ae <_printf_i+0x256>
    7294:	04300793          	li	a5,67
    7298:	0af68f63          	beq	a3,a5,7356 <_printf_i+0xfe>
    729c:	04240a93          	addi	s5,s0,66
    72a0:	04d40123          	sb	a3,66(s0)
    72a4:	a0d1                	j	7368 <_printf_i+0x110>
    72a6:	06300793          	li	a5,99
    72aa:	0af68663          	beq	a3,a5,7356 <_printf_i+0xfe>
    72ae:	06400793          	li	a5,100
    72b2:	fef695e3          	bne	a3,a5,729c <_printf_i+0x44>
    72b6:	401c                	lw	a5,0(s0)
    72b8:	4308                	lw	a0,0(a4)
    72ba:	0807f693          	andi	a3,a5,128
    72be:	00450593          	addi	a1,a0,4
    72c2:	c6cd                	beqz	a3,736c <_printf_i+0x114>
    72c4:	411c                	lw	a5,0(a0)
    72c6:	c30c                	sw	a1,0(a4)
    72c8:	0007d863          	bgez	a5,72d8 <_printf_i+0x80>
    72cc:	02d00713          	li	a4,45
    72d0:	40f007b3          	neg	a5,a5
    72d4:	04e401a3          	sb	a4,67(s0)
    72d8:	00003697          	auipc	a3,0x3
    72dc:	be468693          	addi	a3,a3,-1052 # 9ebc <__sf_fake_stdout+0x34>
    72e0:	4729                	li	a4,10
    72e2:	a86d                	j	739c <_printf_i+0x144>
    72e4:	07000793          	li	a5,112
    72e8:	16f68363          	beq	a3,a5,744e <_printf_i+0x1f6>
    72ec:	02d7e563          	bltu	a5,a3,7316 <_printf_i+0xbe>
    72f0:	06e00793          	li	a5,110
    72f4:	18f68a63          	beq	a3,a5,7488 <_printf_i+0x230>
    72f8:	06f00793          	li	a5,111
    72fc:	faf690e3          	bne	a3,a5,729c <_printf_i+0x44>
    7300:	400c                	lw	a1,0(s0)
    7302:	431c                	lw	a5,0(a4)
    7304:	0805f813          	andi	a6,a1,128
    7308:	00478513          	addi	a0,a5,4
    730c:	06080863          	beqz	a6,737c <_printf_i+0x124>
    7310:	c308                	sw	a0,0(a4)
    7312:	439c                	lw	a5,0(a5)
    7314:	a88d                	j	7386 <_printf_i+0x12e>
    7316:	07500793          	li	a5,117
    731a:	fef683e3          	beq	a3,a5,7300 <_printf_i+0xa8>
    731e:	07800793          	li	a5,120
    7322:	12f68a63          	beq	a3,a5,7456 <_printf_i+0x1fe>
    7326:	07300793          	li	a5,115
    732a:	f6f699e3          	bne	a3,a5,729c <_printf_i+0x44>
    732e:	431c                	lw	a5,0(a4)
    7330:	41d0                	lw	a2,4(a1)
    7332:	4581                	li	a1,0
    7334:	00478693          	addi	a3,a5,4
    7338:	c314                	sw	a3,0(a4)
    733a:	0007aa83          	lw	s5,0(a5)
    733e:	8556                	mv	a0,s5
    7340:	d0dfe0ef          	jal	ra,604c <memchr>
    7344:	c501                	beqz	a0,734c <_printf_i+0xf4>
    7346:	41550533          	sub	a0,a0,s5
    734a:	c048                	sw	a0,4(s0)
    734c:	405c                	lw	a5,4(s0)
    734e:	c81c                	sw	a5,16(s0)
    7350:	040401a3          	sb	zero,67(s0)
    7354:	a861                	j	73ec <_printf_i+0x194>
    7356:	431c                	lw	a5,0(a4)
    7358:	04240a93          	addi	s5,s0,66
    735c:	00478693          	addi	a3,a5,4
    7360:	439c                	lw	a5,0(a5)
    7362:	c314                	sw	a3,0(a4)
    7364:	04f40123          	sb	a5,66(s0)
    7368:	4785                	li	a5,1
    736a:	b7d5                	j	734e <_printf_i+0xf6>
    736c:	0407f693          	andi	a3,a5,64
    7370:	411c                	lw	a5,0(a0)
    7372:	c30c                	sw	a1,0(a4)
    7374:	dab1                	beqz	a3,72c8 <_printf_i+0x70>
    7376:	07c2                	slli	a5,a5,0x10
    7378:	87c1                	srai	a5,a5,0x10
    737a:	b7b9                	j	72c8 <_printf_i+0x70>
    737c:	0405f593          	andi	a1,a1,64
    7380:	c308                	sw	a0,0(a4)
    7382:	d9c1                	beqz	a1,7312 <_printf_i+0xba>
    7384:	239e                	lhu	a5,0(a5)
    7386:	06f00713          	li	a4,111
    738a:	0ee68763          	beq	a3,a4,7478 <_printf_i+0x220>
    738e:	00003697          	auipc	a3,0x3
    7392:	b2e68693          	addi	a3,a3,-1234 # 9ebc <__sf_fake_stdout+0x34>
    7396:	4729                	li	a4,10
    7398:	040401a3          	sb	zero,67(s0)
    739c:	404c                	lw	a1,4(s0)
    739e:	c40c                	sw	a1,8(s0)
    73a0:	0005c563          	bltz	a1,73aa <_printf_i+0x152>
    73a4:	4008                	lw	a0,0(s0)
    73a6:	996d                	andi	a0,a0,-5
    73a8:	c008                	sw	a0,0(s0)
    73aa:	e399                	bnez	a5,73b0 <_printf_i+0x158>
    73ac:	8ab2                	mv	s5,a2
    73ae:	cd89                	beqz	a1,73c8 <_printf_i+0x170>
    73b0:	8ab2                	mv	s5,a2
    73b2:	02e7f5b3          	remu	a1,a5,a4
    73b6:	1afd                	addi	s5,s5,-1
    73b8:	95b6                	add	a1,a1,a3
    73ba:	218c                	lbu	a1,0(a1)
    73bc:	00ba8023          	sb	a1,0(s5)
    73c0:	02e7d5b3          	divu	a1,a5,a4
    73c4:	0ce7f063          	bgeu	a5,a4,7484 <_printf_i+0x22c>
    73c8:	47a1                	li	a5,8
    73ca:	00f71e63          	bne	a4,a5,73e6 <_printf_i+0x18e>
    73ce:	401c                	lw	a5,0(s0)
    73d0:	8b85                	andi	a5,a5,1
    73d2:	cb91                	beqz	a5,73e6 <_printf_i+0x18e>
    73d4:	4058                	lw	a4,4(s0)
    73d6:	481c                	lw	a5,16(s0)
    73d8:	00e7c763          	blt	a5,a4,73e6 <_printf_i+0x18e>
    73dc:	03000793          	li	a5,48
    73e0:	fefa8fa3          	sb	a5,-1(s5)
    73e4:	1afd                	addi	s5,s5,-1
    73e6:	41560633          	sub	a2,a2,s5
    73ea:	c810                	sw	a2,16(s0)
    73ec:	874e                	mv	a4,s3
    73ee:	86ca                	mv	a3,s2
    73f0:	0070                	addi	a2,sp,12
    73f2:	85a2                	mv	a1,s0
    73f4:	8526                	mv	a0,s1
    73f6:	d57ff0ef          	jal	ra,714c <_printf_common>
    73fa:	5a7d                	li	s4,-1
    73fc:	0b451d63          	bne	a0,s4,74b6 <_printf_i+0x25e>
    7400:	557d                	li	a0,-1
    7402:	50b2                	lw	ra,44(sp)
    7404:	5422                	lw	s0,40(sp)
    7406:	5492                	lw	s1,36(sp)
    7408:	5902                	lw	s2,32(sp)
    740a:	49f2                	lw	s3,28(sp)
    740c:	4a62                	lw	s4,24(sp)
    740e:	4ad2                	lw	s5,20(sp)
    7410:	4b42                	lw	s6,16(sp)
    7412:	6145                	addi	sp,sp,48
    7414:	8082                	ret
    7416:	04d582a3          	sb	a3,69(a1)
    741a:	00003697          	auipc	a3,0x3
    741e:	aa268693          	addi	a3,a3,-1374 # 9ebc <__sf_fake_stdout+0x34>
    7422:	400c                	lw	a1,0(s0)
    7424:	4308                	lw	a0,0(a4)
    7426:	0805f813          	andi	a6,a1,128
    742a:	411c                	lw	a5,0(a0)
    742c:	0511                	addi	a0,a0,4
    742e:	02080d63          	beqz	a6,7468 <_printf_i+0x210>
    7432:	c308                	sw	a0,0(a4)
    7434:	0015f713          	andi	a4,a1,1
    7438:	c701                	beqz	a4,7440 <_printf_i+0x1e8>
    743a:	0205e593          	ori	a1,a1,32
    743e:	c00c                	sw	a1,0(s0)
    7440:	4741                	li	a4,16
    7442:	fbb9                	bnez	a5,7398 <_printf_i+0x140>
    7444:	400c                	lw	a1,0(s0)
    7446:	fdf5f593          	andi	a1,a1,-33
    744a:	c00c                	sw	a1,0(s0)
    744c:	b7b1                	j	7398 <_printf_i+0x140>
    744e:	419c                	lw	a5,0(a1)
    7450:	0207e793          	ori	a5,a5,32
    7454:	c19c                	sw	a5,0(a1)
    7456:	07800793          	li	a5,120
    745a:	04f402a3          	sb	a5,69(s0)
    745e:	00003697          	auipc	a3,0x3
    7462:	a7268693          	addi	a3,a3,-1422 # 9ed0 <__sf_fake_stdout+0x48>
    7466:	bf75                	j	7422 <_printf_i+0x1ca>
    7468:	0405f813          	andi	a6,a1,64
    746c:	c308                	sw	a0,0(a4)
    746e:	fc0803e3          	beqz	a6,7434 <_printf_i+0x1dc>
    7472:	07c2                	slli	a5,a5,0x10
    7474:	83c1                	srli	a5,a5,0x10
    7476:	bf7d                	j	7434 <_printf_i+0x1dc>
    7478:	00003697          	auipc	a3,0x3
    747c:	a4468693          	addi	a3,a3,-1468 # 9ebc <__sf_fake_stdout+0x34>
    7480:	4721                	li	a4,8
    7482:	bf19                	j	7398 <_printf_i+0x140>
    7484:	87ae                	mv	a5,a1
    7486:	b735                	j	73b2 <_printf_i+0x15a>
    7488:	4194                	lw	a3,0(a1)
    748a:	431c                	lw	a5,0(a4)
    748c:	49cc                	lw	a1,20(a1)
    748e:	0806f813          	andi	a6,a3,128
    7492:	00478513          	addi	a0,a5,4
    7496:	00080663          	beqz	a6,74a2 <_printf_i+0x24a>
    749a:	c308                	sw	a0,0(a4)
    749c:	439c                	lw	a5,0(a5)
    749e:	c38c                	sw	a1,0(a5)
    74a0:	a039                	j	74ae <_printf_i+0x256>
    74a2:	c308                	sw	a0,0(a4)
    74a4:	0406f693          	andi	a3,a3,64
    74a8:	439c                	lw	a5,0(a5)
    74aa:	daf5                	beqz	a3,749e <_printf_i+0x246>
    74ac:	a38e                	sh	a1,0(a5)
    74ae:	00042823          	sw	zero,16(s0)
    74b2:	8ab2                	mv	s5,a2
    74b4:	bf25                	j	73ec <_printf_i+0x194>
    74b6:	4814                	lw	a3,16(s0)
    74b8:	8656                	mv	a2,s5
    74ba:	85ca                	mv	a1,s2
    74bc:	8526                	mv	a0,s1
    74be:	9982                	jalr	s3
    74c0:	f54500e3          	beq	a0,s4,7400 <_printf_i+0x1a8>
    74c4:	401c                	lw	a5,0(s0)
    74c6:	8b89                	andi	a5,a5,2
    74c8:	e78d                	bnez	a5,74f2 <_printf_i+0x29a>
    74ca:	47b2                	lw	a5,12(sp)
    74cc:	4448                	lw	a0,12(s0)
    74ce:	f2f55ae3          	bge	a0,a5,7402 <_printf_i+0x1aa>
    74d2:	853e                	mv	a0,a5
    74d4:	b73d                	j	7402 <_printf_i+0x1aa>
    74d6:	4685                	li	a3,1
    74d8:	8656                	mv	a2,s5
    74da:	85ca                	mv	a1,s2
    74dc:	8526                	mv	a0,s1
    74de:	9982                	jalr	s3
    74e0:	f36500e3          	beq	a0,s6,7400 <_printf_i+0x1a8>
    74e4:	0a05                	addi	s4,s4,1
    74e6:	445c                	lw	a5,12(s0)
    74e8:	4732                	lw	a4,12(sp)
    74ea:	8f99                	sub	a5,a5,a4
    74ec:	fefa45e3          	blt	s4,a5,74d6 <_printf_i+0x27e>
    74f0:	bfe9                	j	74ca <_printf_i+0x272>
    74f2:	4a01                	li	s4,0
    74f4:	01940a93          	addi	s5,s0,25
    74f8:	5b7d                	li	s6,-1
    74fa:	b7f5                	j	74e6 <_printf_i+0x28e>

000074fc <_putc_r>:
    74fc:	1101                	addi	sp,sp,-32
    74fe:	cc22                	sw	s0,24(sp)
    7500:	ce06                	sw	ra,28(sp)
    7502:	842a                	mv	s0,a0
    7504:	c909                	beqz	a0,7516 <_putc_r+0x1a>
    7506:	4d1c                	lw	a5,24(a0)
    7508:	e799                	bnez	a5,7516 <_putc_r+0x1a>
    750a:	c632                	sw	a2,12(sp)
    750c:	c42e                	sw	a1,8(sp)
    750e:	a16ff0ef          	jal	ra,6724 <__sinit>
    7512:	4632                	lw	a2,12(sp)
    7514:	45a2                	lw	a1,8(sp)
    7516:	00003797          	auipc	a5,0x3
    751a:	95278793          	addi	a5,a5,-1710 # 9e68 <__sf_fake_stdin>
    751e:	02f61663          	bne	a2,a5,754a <_putc_r+0x4e>
    7522:	4050                	lw	a2,4(s0)
    7524:	461c                	lw	a5,8(a2)
    7526:	17fd                	addi	a5,a5,-1
    7528:	c61c                	sw	a5,8(a2)
    752a:	0407d063          	bgez	a5,756a <_putc_r+0x6e>
    752e:	4e18                	lw	a4,24(a2)
    7530:	00e7c763          	blt	a5,a4,753e <_putc_r+0x42>
    7534:	0ff5f793          	andi	a5,a1,255
    7538:	4729                	li	a4,10
    753a:	02e79863          	bne	a5,a4,756a <_putc_r+0x6e>
    753e:	8522                	mv	a0,s0
    7540:	4462                	lw	s0,24(sp)
    7542:	40f2                	lw	ra,28(sp)
    7544:	6105                	addi	sp,sp,32
    7546:	ddbfe06f          	j	6320 <__swbuf_r>
    754a:	00003797          	auipc	a5,0x3
    754e:	93e78793          	addi	a5,a5,-1730 # 9e88 <__sf_fake_stdout>
    7552:	00f61463          	bne	a2,a5,755a <_putc_r+0x5e>
    7556:	4410                	lw	a2,8(s0)
    7558:	b7f1                	j	7524 <_putc_r+0x28>
    755a:	00003797          	auipc	a5,0x3
    755e:	8ee78793          	addi	a5,a5,-1810 # 9e48 <__sf_fake_stderr>
    7562:	fcf611e3          	bne	a2,a5,7524 <_putc_r+0x28>
    7566:	4450                	lw	a2,12(s0)
    7568:	bf75                	j	7524 <_putc_r+0x28>
    756a:	421c                	lw	a5,0(a2)
    756c:	0ff5f513          	andi	a0,a1,255
    7570:	00178713          	addi	a4,a5,1
    7574:	c218                	sw	a4,0(a2)
    7576:	a38c                	sb	a1,0(a5)
    7578:	40f2                	lw	ra,28(sp)
    757a:	4462                	lw	s0,24(sp)
    757c:	6105                	addi	sp,sp,32
    757e:	8082                	ret

00007580 <_sbrk_r>:
    7580:	1141                	addi	sp,sp,-16
    7582:	c422                	sw	s0,8(sp)
    7584:	842a                	mv	s0,a0
    7586:	852e                	mv	a0,a1
    7588:	b401a423          	sw	zero,-1208(gp) # 200003d8 <errno>
    758c:	c606                	sw	ra,12(sp)
    758e:	f09fb0ef          	jal	ra,3496 <_sbrk>
    7592:	57fd                	li	a5,-1
    7594:	00f51763          	bne	a0,a5,75a2 <_sbrk_r+0x22>
    7598:	b4818793          	addi	a5,gp,-1208 # 200003d8 <errno>
    759c:	439c                	lw	a5,0(a5)
    759e:	c391                	beqz	a5,75a2 <_sbrk_r+0x22>
    75a0:	c01c                	sw	a5,0(s0)
    75a2:	40b2                	lw	ra,12(sp)
    75a4:	4422                	lw	s0,8(sp)
    75a6:	0141                	addi	sp,sp,16
    75a8:	8082                	ret

000075aa <__sread>:
    75aa:	1141                	addi	sp,sp,-16
    75ac:	c422                	sw	s0,8(sp)
    75ae:	842e                	mv	s0,a1
    75b0:	00e59583          	lh	a1,14(a1)
    75b4:	c606                	sw	ra,12(sp)
    75b6:	2c11                	jal	77ca <_read_r>
    75b8:	00054963          	bltz	a0,75ca <__sread+0x20>
    75bc:	487c                	lw	a5,84(s0)
    75be:	97aa                	add	a5,a5,a0
    75c0:	c87c                	sw	a5,84(s0)
    75c2:	40b2                	lw	ra,12(sp)
    75c4:	4422                	lw	s0,8(sp)
    75c6:	0141                	addi	sp,sp,16
    75c8:	8082                	ret
    75ca:	245e                	lhu	a5,12(s0)
    75cc:	777d                	lui	a4,0xfffff
    75ce:	177d                	addi	a4,a4,-1
    75d0:	8ff9                	and	a5,a5,a4
    75d2:	a45e                	sh	a5,12(s0)
    75d4:	b7fd                	j	75c2 <__sread+0x18>

000075d6 <__swrite>:
    75d6:	25de                	lhu	a5,12(a1)
    75d8:	1101                	addi	sp,sp,-32
    75da:	cc22                	sw	s0,24(sp)
    75dc:	ca26                	sw	s1,20(sp)
    75de:	c84a                	sw	s2,16(sp)
    75e0:	c64e                	sw	s3,12(sp)
    75e2:	ce06                	sw	ra,28(sp)
    75e4:	1007f793          	andi	a5,a5,256
    75e8:	84aa                	mv	s1,a0
    75ea:	842e                	mv	s0,a1
    75ec:	8932                	mv	s2,a2
    75ee:	89b6                	mv	s3,a3
    75f0:	c791                	beqz	a5,75fc <__swrite+0x26>
    75f2:	00e59583          	lh	a1,14(a1)
    75f6:	4689                	li	a3,2
    75f8:	4601                	li	a2,0
    75fa:	2209                	jal	76fc <_lseek_r>
    75fc:	245e                	lhu	a5,12(s0)
    75fe:	777d                	lui	a4,0xfffff
    7600:	177d                	addi	a4,a4,-1
    7602:	8ff9                	and	a5,a5,a4
    7604:	a45e                	sh	a5,12(s0)
    7606:	00e41583          	lh	a1,14(s0)
    760a:	4462                	lw	s0,24(sp)
    760c:	40f2                	lw	ra,28(sp)
    760e:	86ce                	mv	a3,s3
    7610:	864a                	mv	a2,s2
    7612:	49b2                	lw	s3,12(sp)
    7614:	4942                	lw	s2,16(sp)
    7616:	8526                	mv	a0,s1
    7618:	44d2                	lw	s1,20(sp)
    761a:	6105                	addi	sp,sp,32
    761c:	a825                	j	7654 <_write_r>

0000761e <__sseek>:
    761e:	1141                	addi	sp,sp,-16
    7620:	c422                	sw	s0,8(sp)
    7622:	842e                	mv	s0,a1
    7624:	00e59583          	lh	a1,14(a1)
    7628:	c606                	sw	ra,12(sp)
    762a:	28c9                	jal	76fc <_lseek_r>
    762c:	57fd                	li	a5,-1
    762e:	245a                	lhu	a4,12(s0)
    7630:	00f51a63          	bne	a0,a5,7644 <__sseek+0x26>
    7634:	77fd                	lui	a5,0xfffff
    7636:	17fd                	addi	a5,a5,-1
    7638:	8ff9                	and	a5,a5,a4
    763a:	a45e                	sh	a5,12(s0)
    763c:	40b2                	lw	ra,12(sp)
    763e:	4422                	lw	s0,8(sp)
    7640:	0141                	addi	sp,sp,16
    7642:	8082                	ret
    7644:	6785                	lui	a5,0x1
    7646:	8fd9                	or	a5,a5,a4
    7648:	a45e                	sh	a5,12(s0)
    764a:	c868                	sw	a0,84(s0)
    764c:	bfc5                	j	763c <__sseek+0x1e>

0000764e <__sclose>:
    764e:	00e59583          	lh	a1,14(a1)
    7652:	a805                	j	7682 <_close_r>

00007654 <_write_r>:
    7654:	1141                	addi	sp,sp,-16
    7656:	c422                	sw	s0,8(sp)
    7658:	842a                	mv	s0,a0
    765a:	852e                	mv	a0,a1
    765c:	85b2                	mv	a1,a2
    765e:	8636                	mv	a2,a3
    7660:	b401a423          	sw	zero,-1208(gp) # 200003d8 <errno>
    7664:	c606                	sw	ra,12(sp)
    7666:	df3fb0ef          	jal	ra,3458 <_write>
    766a:	57fd                	li	a5,-1
    766c:	00f51763          	bne	a0,a5,767a <_write_r+0x26>
    7670:	b4818793          	addi	a5,gp,-1208 # 200003d8 <errno>
    7674:	439c                	lw	a5,0(a5)
    7676:	c391                	beqz	a5,767a <_write_r+0x26>
    7678:	c01c                	sw	a5,0(s0)
    767a:	40b2                	lw	ra,12(sp)
    767c:	4422                	lw	s0,8(sp)
    767e:	0141                	addi	sp,sp,16
    7680:	8082                	ret

00007682 <_close_r>:
    7682:	1141                	addi	sp,sp,-16
    7684:	c422                	sw	s0,8(sp)
    7686:	842a                	mv	s0,a0
    7688:	852e                	mv	a0,a1
    768a:	b401a423          	sw	zero,-1208(gp) # 200003d8 <errno>
    768e:	c606                	sw	ra,12(sp)
    7690:	2aad                	jal	780a <_close>
    7692:	57fd                	li	a5,-1
    7694:	00f51763          	bne	a0,a5,76a2 <_close_r+0x20>
    7698:	b4818793          	addi	a5,gp,-1208 # 200003d8 <errno>
    769c:	439c                	lw	a5,0(a5)
    769e:	c391                	beqz	a5,76a2 <_close_r+0x20>
    76a0:	c01c                	sw	a5,0(s0)
    76a2:	40b2                	lw	ra,12(sp)
    76a4:	4422                	lw	s0,8(sp)
    76a6:	0141                	addi	sp,sp,16
    76a8:	8082                	ret

000076aa <_fstat_r>:
    76aa:	1141                	addi	sp,sp,-16
    76ac:	c422                	sw	s0,8(sp)
    76ae:	842a                	mv	s0,a0
    76b0:	852e                	mv	a0,a1
    76b2:	85b2                	mv	a1,a2
    76b4:	b401a423          	sw	zero,-1208(gp) # 200003d8 <errno>
    76b8:	c606                	sw	ra,12(sp)
    76ba:	2ab1                	jal	7816 <_fstat>
    76bc:	57fd                	li	a5,-1
    76be:	00f51763          	bne	a0,a5,76cc <_fstat_r+0x22>
    76c2:	b4818793          	addi	a5,gp,-1208 # 200003d8 <errno>
    76c6:	439c                	lw	a5,0(a5)
    76c8:	c391                	beqz	a5,76cc <_fstat_r+0x22>
    76ca:	c01c                	sw	a5,0(s0)
    76cc:	40b2                	lw	ra,12(sp)
    76ce:	4422                	lw	s0,8(sp)
    76d0:	0141                	addi	sp,sp,16
    76d2:	8082                	ret

000076d4 <_isatty_r>:
    76d4:	1141                	addi	sp,sp,-16
    76d6:	c422                	sw	s0,8(sp)
    76d8:	842a                	mv	s0,a0
    76da:	852e                	mv	a0,a1
    76dc:	b401a423          	sw	zero,-1208(gp) # 200003d8 <errno>
    76e0:	c606                	sw	ra,12(sp)
    76e2:	2281                	jal	7822 <_isatty>
    76e4:	57fd                	li	a5,-1
    76e6:	00f51763          	bne	a0,a5,76f4 <_isatty_r+0x20>
    76ea:	b4818793          	addi	a5,gp,-1208 # 200003d8 <errno>
    76ee:	439c                	lw	a5,0(a5)
    76f0:	c391                	beqz	a5,76f4 <_isatty_r+0x20>
    76f2:	c01c                	sw	a5,0(s0)
    76f4:	40b2                	lw	ra,12(sp)
    76f6:	4422                	lw	s0,8(sp)
    76f8:	0141                	addi	sp,sp,16
    76fa:	8082                	ret

000076fc <_lseek_r>:
    76fc:	1141                	addi	sp,sp,-16
    76fe:	c422                	sw	s0,8(sp)
    7700:	842a                	mv	s0,a0
    7702:	852e                	mv	a0,a1
    7704:	85b2                	mv	a1,a2
    7706:	8636                	mv	a2,a3
    7708:	b401a423          	sw	zero,-1208(gp) # 200003d8 <errno>
    770c:	c606                	sw	ra,12(sp)
    770e:	2205                	jal	782e <_lseek>
    7710:	57fd                	li	a5,-1
    7712:	00f51763          	bne	a0,a5,7720 <_lseek_r+0x24>
    7716:	b4818793          	addi	a5,gp,-1208 # 200003d8 <errno>
    771a:	439c                	lw	a5,0(a5)
    771c:	c391                	beqz	a5,7720 <_lseek_r+0x24>
    771e:	c01c                	sw	a5,0(s0)
    7720:	40b2                	lw	ra,12(sp)
    7722:	4422                	lw	s0,8(sp)
    7724:	0141                	addi	sp,sp,16
    7726:	8082                	ret

00007728 <memmove>:
    7728:	04a5f163          	bgeu	a1,a0,776a <memmove+0x42>
    772c:	00c586b3          	add	a3,a1,a2
    7730:	02d57d63          	bgeu	a0,a3,776a <memmove+0x42>
    7734:	fff64593          	not	a1,a2
    7738:	4781                	li	a5,0
    773a:	17fd                	addi	a5,a5,-1
    773c:	00f59363          	bne	a1,a5,7742 <memmove+0x1a>
    7740:	8082                	ret
    7742:	00f68733          	add	a4,a3,a5
    7746:	00074803          	lbu	a6,0(a4) # fffff000 <_eusrstack+0xdfff7000>
    774a:	00c78733          	add	a4,a5,a2
    774e:	972a                	add	a4,a4,a0
    7750:	01070023          	sb	a6,0(a4)
    7754:	b7dd                	j	773a <memmove+0x12>
    7756:	00f58733          	add	a4,a1,a5
    775a:	2314                	lbu	a3,0(a4)
    775c:	00f50733          	add	a4,a0,a5
    7760:	0785                	addi	a5,a5,1
    7762:	a314                	sb	a3,0(a4)
    7764:	fef619e3          	bne	a2,a5,7756 <memmove+0x2e>
    7768:	8082                	ret
    776a:	4781                	li	a5,0
    776c:	bfe5                	j	7764 <memmove+0x3c>

0000776e <__malloc_lock>:
    776e:	8082                	ret

00007770 <__malloc_unlock>:
    7770:	8082                	ret

00007772 <_realloc_r>:
    7772:	e581                	bnez	a1,777a <_realloc_r+0x8>
    7774:	85b2                	mv	a1,a2
    7776:	ab6ff06f          	j	6a2c <_malloc_r>
    777a:	1101                	addi	sp,sp,-32
    777c:	cc22                	sw	s0,24(sp)
    777e:	ce06                	sw	ra,28(sp)
    7780:	ca26                	sw	s1,20(sp)
    7782:	c84a                	sw	s2,16(sp)
    7784:	c64e                	sw	s3,12(sp)
    7786:	8432                	mv	s0,a2
    7788:	ee01                	bnez	a2,77a0 <_realloc_r+0x2e>
    778a:	9faff0ef          	jal	ra,6984 <_free_r>
    778e:	4901                	li	s2,0
    7790:	40f2                	lw	ra,28(sp)
    7792:	4462                	lw	s0,24(sp)
    7794:	854a                	mv	a0,s2
    7796:	44d2                	lw	s1,20(sp)
    7798:	4942                	lw	s2,16(sp)
    779a:	49b2                	lw	s3,12(sp)
    779c:	6105                	addi	sp,sp,32
    779e:	8082                	ret
    77a0:	84ae                	mv	s1,a1
    77a2:	89aa                	mv	s3,a0
    77a4:	2889                	jal	77f6 <_malloc_usable_size_r>
    77a6:	8926                	mv	s2,s1
    77a8:	fe8574e3          	bgeu	a0,s0,7790 <_realloc_r+0x1e>
    77ac:	85a2                	mv	a1,s0
    77ae:	854e                	mv	a0,s3
    77b0:	a7cff0ef          	jal	ra,6a2c <_malloc_r>
    77b4:	892a                	mv	s2,a0
    77b6:	dd69                	beqz	a0,7790 <_realloc_r+0x1e>
    77b8:	85a6                	mv	a1,s1
    77ba:	8622                	mv	a2,s0
    77bc:	8a9fe0ef          	jal	ra,6064 <memcpy>
    77c0:	85a6                	mv	a1,s1
    77c2:	854e                	mv	a0,s3
    77c4:	9c0ff0ef          	jal	ra,6984 <_free_r>
    77c8:	b7e1                	j	7790 <_realloc_r+0x1e>

000077ca <_read_r>:
    77ca:	1141                	addi	sp,sp,-16
    77cc:	c422                	sw	s0,8(sp)
    77ce:	842a                	mv	s0,a0
    77d0:	852e                	mv	a0,a1
    77d2:	85b2                	mv	a1,a2
    77d4:	8636                	mv	a2,a3
    77d6:	b401a423          	sw	zero,-1208(gp) # 200003d8 <errno>
    77da:	c606                	sw	ra,12(sp)
    77dc:	28b9                	jal	783a <_read>
    77de:	57fd                	li	a5,-1
    77e0:	00f51763          	bne	a0,a5,77ee <_read_r+0x24>
    77e4:	b4818793          	addi	a5,gp,-1208 # 200003d8 <errno>
    77e8:	439c                	lw	a5,0(a5)
    77ea:	c391                	beqz	a5,77ee <_read_r+0x24>
    77ec:	c01c                	sw	a5,0(s0)
    77ee:	40b2                	lw	ra,12(sp)
    77f0:	4422                	lw	s0,8(sp)
    77f2:	0141                	addi	sp,sp,16
    77f4:	8082                	ret

000077f6 <_malloc_usable_size_r>:
    77f6:	ffc5a783          	lw	a5,-4(a1)
    77fa:	ffc78513          	addi	a0,a5,-4 # ffc <SystemCoreClockUpdate+0x10e>
    77fe:	0007d563          	bgez	a5,7808 <_malloc_usable_size_r+0x12>
    7802:	95aa                	add	a1,a1,a0
    7804:	419c                	lw	a5,0(a1)
    7806:	953e                	add	a0,a0,a5
    7808:	8082                	ret

0000780a <_close>:
    780a:	05800793          	li	a5,88
    780e:	b4f1a423          	sw	a5,-1208(gp) # 200003d8 <errno>
    7812:	557d                	li	a0,-1
    7814:	8082                	ret

00007816 <_fstat>:
    7816:	05800793          	li	a5,88
    781a:	b4f1a423          	sw	a5,-1208(gp) # 200003d8 <errno>
    781e:	557d                	li	a0,-1
    7820:	8082                	ret

00007822 <_isatty>:
    7822:	05800793          	li	a5,88
    7826:	b4f1a423          	sw	a5,-1208(gp) # 200003d8 <errno>
    782a:	4501                	li	a0,0
    782c:	8082                	ret

0000782e <_lseek>:
    782e:	05800793          	li	a5,88
    7832:	b4f1a423          	sw	a5,-1208(gp) # 200003d8 <errno>
    7836:	557d                	li	a0,-1
    7838:	8082                	ret

0000783a <_read>:
    783a:	05800793          	li	a5,88
    783e:	b4f1a423          	sw	a5,-1208(gp) # 200003d8 <errno>
    7842:	557d                	li	a0,-1
    7844:	8082                	ret
    7846:	0000                	unimp
    7848:	0000                	unimp
    784a:	4120                	lw	s0,64(a0)
    784c:	74737953          	0x74737953
    7850:	6d65                	lui	s10,0x19
    7852:	3a6b6c43          	fmadd.d	fs8,fs6,ft6,ft7,unknown
    7856:	6c25                	lui	s8,0x9
    7858:	0d75                	addi	s10,s10,29
    785a:	000a                	c.slli	zero,0x2
    785c:	3d3d                	jal	769a <_close_r+0x18>
    785e:	203d                	jal	788c <_read+0x52>
    7860:	72616d53          	0x72616d53
    7864:	2074                	lbu	a3,6(s0)
    7866:	654d                	lui	a0,0x13
    7868:	6964                	flw	fs1,84(a0)
    786a:	656e6963          	bltu	t3,s6,7ebc <asc2_1206+0x170>
    786e:	4220                	lw	s0,64(a2)
    7870:	3d20786f          	jal	a6,ec42 <_data_lma+0x4d5e>
    7874:	3d3d                	jal	76b2 <_fstat_r+0x8>
    7876:	000d                	c.nop	3
    7878:	72616d53          	0x72616d53
    787c:	2074                	lbu	a3,6(s0)
    787e:	654d                	lui	a0,0x13
    7880:	6964                	flw	fs1,84(a0)
    7882:	656e6963          	bltu	t3,s6,7ed4 <asc2_1206+0x188>
    7886:	4220                	lw	s0,64(a2)
    7888:	0000786f          	jal	a6,e888 <_data_lma+0x49a4>
    788c:	72617453          	0x72617453
    7890:	6974                	flw	fa3,84(a0)
    7892:	676e                	flw	fa4,216(sp)
    7894:	2e2e                	lhu	a1,26(a2)
    7896:	002e                	c.slli	zero,0xb
    7898:	4844                	lw	s1,20(s0)
    789a:	3154                	lbu	a3,5(a0)
    789c:	2031                	jal	78a8 <_read+0x6e>
    789e:	6e69                	lui	t3,0x1a
    78a0:	7469                	lui	s0,0xffffa
    78a2:	000d                	c.nop	3
    78a4:	5345                	li	t1,-15
    78a6:	3850                	lbu	a2,21(s0)
    78a8:	3632                	lhu	a2,42(a2)
    78aa:	2036                	lhu	a3,2(s0)
    78ac:	5441                	li	s0,-16
    78ae:	4f20                	lw	s0,88(a4)
    78b0:	00000d4b          	fnmsub.s	fs10,ft0,ft0,ft0,rne
    78b4:	3838                	lbu	a4,19(s0)
    78b6:	3838                	lbu	a4,19(s0)
    78b8:	3838                	lbu	a4,19(s0)
    78ba:	3838                	lbu	a4,19(s0)
    78bc:	0000                	unimp
    78be:	0000                	unimp
    78c0:	3131                	jal	74cc <_printf_i+0x274>
    78c2:	3131                	jal	74ce <_printf_i+0x276>
    78c4:	0031                	c.nop	12
    78c6:	0000                	unimp
    78c8:	69466957          	0x69466957
    78cc:	203a                	lhu	a4,2(s0)
    78ce:	7325                	lui	t1,0xfffe9
    78d0:	0a0d                	addi	s4,s4,3
    78d2:	0000                	unimp
    78d4:	6576                	flw	fa0,92(sp)
    78d6:	7372                	flw	ft6,60(sp)
    78d8:	6f69                	lui	t5,0x1a
    78da:	3d6e                	lhu	a1,62(a0)
    78dc:	3032                	lhu	a2,34(s0)
    78de:	3831                	jal	70fa <_vfiprintf_r+0x23c>
    78e0:	312d                	jal	750a <_putc_r+0xe>
    78e2:	2d30                	lbu	a2,26(a0)
    78e4:	72263133          	0x72263133
    78e8:	7365                	lui	t1,0xffff9
    78ea:	703d                	c.lui	zero,0xfffef
    78ec:	6f72                	flw	ft10,28(sp)
    78ee:	7564                	flw	fs1,108(a0)
    78f0:	25737463          	bgeu	t1,s7,7b38 <_read+0x2fe>
    78f4:	4632                	lw	a2,12(sp)
    78f6:	6b78                	flw	fa4,84(a4)
    78f8:	5730                	lw	a2,104(a4)
    78fa:	3065                	jal	71a2 <_printf_common+0x56>
    78fc:	3748                	lbu	a0,13(a4)
    78fe:	6331                	lui	t1,0xc
    7900:	3225                	jal	7228 <_printf_common+0xdc>
    7902:	6446                	flw	fs0,80(sp)
    7904:	7665                	lui	a2,0xffff9
    7906:	6369                	lui	t1,0x1a
    7908:	7365                	lui	t1,0xffff9
    790a:	3225                	jal	7232 <_printf_common+0xe6>
    790c:	6446                	flw	fs0,80(sp)
    790e:	7665                	lui	a2,0xffff9
    7910:	2631                	jal	7c1c <_read+0x3e2>
    7912:	7465                	lui	s0,0xffff9
    7914:	343d                	jal	7342 <_printf_i+0xea>
    7916:	3031                	jal	7122 <_vfiprintf_r+0x264>
    7918:	3432                	lhu	a2,42(s0)
    791a:	3434                	lbu	a3,11(s0)
    791c:	3038                	lbu	a4,3(s0)
    791e:	2630                	lbu	a2,10(a2)
    7920:	656d                	lui	a0,0x1b
    7922:	6874                	flw	fa3,84(s0)
    7924:	733d646f          	jal	s0,de856 <_data_lma+0xd4972>
    7928:	6168                	flw	fa0,68(a0)
    792a:	2631                	jal	7c36 <_read+0x3fc>
    792c:	6e676973          	csrrsi	s2,0x6e6,14
    7930:	513d                	li	sp,-17
    7932:	2531                	jal	7f3e <asc2_1206+0x1f2>
    7934:	4632                	lw	a2,12(sp)
    7936:	3471                	jal	73c2 <_printf_i+0x16a>
    7938:	6c45704b          	0x6c45704b
    793c:	7244                	flw	fs1,36(a2)
    793e:	7955                	lui	s2,0xffff5
    7940:	3225394f          	fnmadd.d	fs2,fa0,ft2,ft6,rup
    7944:	5546                	lw	a0,112(sp)
    7946:	2572                	lhu	a2,14(a0)
    7948:	4632                	lw	a2,12(sp)
    794a:	256a                	lhu	a0,14(a0)
    794c:	4232                	lw	tp,12(sp)
    794e:	4178                	lw	a4,68(a0)
    7950:	344d                	jal	73f2 <_printf_i+0x19a>
    7952:	4d71                	li	s10,28
    7954:	3325                	jal	767c <_write_r+0x28>
    7956:	0044                	addi	s1,sp,4
    7958:	6b78                	flw	fa4,84(a4)
    795a:	5730                	lw	a2,104(a4)
    795c:	3065                	jal	7204 <_printf_common+0xb8>
    795e:	3748                	lbu	a0,13(a4)
    7960:	6331                	lui	t1,0xc
    7962:	0000                	unimp
    7964:	6564                	flw	fs1,76(a0)
    7966:	3176                	lhu	a3,38(a0)
    7968:	0000                	unimp
    796a:	0000                	unimp
    796c:	716d                	addi	sp,sp,-272
    796e:	7474                	flw	fa3,108(s0)
    7970:	65682e73          	csrrs	t3,0x656,a6
    7974:	756f6c63          	bltu	t5,s6,80cc <asc2_1206+0x380>
    7978:	7364                	flw	fs1,100(a4)
    797a:	632e                	flw	ft6,200(sp)
    797c:	00006d6f          	jal	s10,d97c <_data_lma+0x3a98>
    7980:	6552                	flw	fa0,20(sp)
    7982:	6461                	lui	s0,0x18
    7984:	2e79                	jal	7d22 <_read+0x4e8>
    7986:	000d                	c.nop	3
    7988:	4844                	lw	s1,20(s0)
    798a:	3154                	lbu	a3,5(a0)
    798c:	2031                	jal	7998 <_read+0x15e>
    798e:	203a4b4f          	fnmadd.s	fs6,fs4,ft3,ft4,rmm
    7992:	3d54                	lbu	a3,29(a0)
    7994:	6425                	lui	s0,0x9
    7996:	252e                	lhu	a1,10(a0)
    7998:	2064                	lbu	s1,6(s0)
    799a:	3d48                	lbu	a0,29(a0)
    799c:	6425                	lui	s0,0x9
    799e:	2525                	jal	7fc6 <asc2_1206+0x27a>
    79a0:	0a0d                	addi	s4,s4,3
    79a2:	0000                	unimp
    79a4:	4844                	lw	s1,20(s0)
    79a6:	3154                	lbu	a3,5(a0)
    79a8:	2031                	jal	79b4 <_read+0x17a>
    79aa:	4146                	lw	sp,80(sp)
    79ac:	4c49                	li	s8,18
    79ae:	203a                	lhu	a4,2(s0)
    79b0:	6572                	flw	fa0,28(sp)
    79b2:	3d74                	lbu	a3,31(a0)
    79b4:	6425                	lui	s0,0x9
    79b6:	7220                	flw	fs0,96(a2)
    79b8:	3d68                	lbu	a0,31(a0)
    79ba:	6425                	lui	s0,0x9
    79bc:	252e                	lhu	a1,10(a0)
    79be:	2064                	lbu	s1,6(s0)
    79c0:	6d74                	flw	fa3,92(a0)
    79c2:	3d70                	lbu	a2,31(a0)
    79c4:	6425                	lui	s0,0x9
    79c6:	252e                	lhu	a1,10(a0)
    79c8:	2064                	lbu	s1,6(s0)
    79ca:	3d6d7573          	csrrci	a0,0x3d6,26
    79ce:	6425                	lui	s0,0x9
    79d0:	6f20                	flw	fs0,88(a4)
    79d2:	64253d6b          	0x64253d6b
    79d6:	0a0d                	addi	s4,s4,3
    79d8:	0000                	unimp
    79da:	0000                	unimp
    79dc:	33504753          	0x33504753
    79e0:	3a30                	lbu	a2,19(a2)
    79e2:	5420                	lw	s0,104(s0)
    79e4:	4f56                	lw	t5,84(sp)
    79e6:	64253d43          	0x64253d43
    79ea:	4320                	lw	s0,64(a4)
    79ec:	253d324f          	0x253d324f
    79f0:	0d64                	addi	s1,sp,668
    79f2:	000a                	c.slli	zero,0x2
    79f4:	4842                	lw	a6,16(sp)
    79f6:	3731                	jal	7902 <_read+0xc8>
    79f8:	3035                	jal	7224 <_printf_common+0xd8>
    79fa:	203a                	lhu	a4,2(s0)
    79fc:	694c                	flw	fa1,20(a0)
    79fe:	3d746867          	0x3d746867
    7a02:	6425                	lui	s0,0x9
    7a04:	6c20                	flw	fs0,88(s0)
    7a06:	0d78                	addi	a4,sp,668
    7a08:	000a                	c.slli	zero,0x2
    7a0a:	0000                	unimp
    7a0c:	69466957          	0x69466957
    7a10:	4f20                	lw	s0,88(a4)
    7a12:	25203a4b          	0x25203a4b
    7a16:	000a0d73          	0xa0d73
    7a1a:	0000                	unimp
    7a1c:	69466957          	0x69466957
    7a20:	203a                	lhu	a4,2(s0)
    7a22:	7325                	lui	t1,0xfffe9
    7a24:	0000                	unimp
    7a26:	0000                	unimp
    7a28:	69466957          	0x69466957
    7a2c:	203a                	lhu	a4,2(s0)
    7a2e:	4f4e                	lw	t5,208(sp)
    7a30:	4920                	lw	s0,80(a0)
    7a32:	0050                	addi	a2,sp,4
    7a34:	69466957          	0x69466957
    7a38:	203a                	lhu	a4,2(s0)
    7a3a:	4f4e                	lw	t5,208(sp)
    7a3c:	4820                	lw	s0,80(s0)
    7a3e:	227b0057          	0x227b0057
    7a42:	6469                	lui	s0,0x1a
    7a44:	3a22                	lhu	s0,50(a2)
    7a46:	6c25                	lui	s8,0x9
    7a48:	2c75                	jal	7d04 <_read+0x4ca>
    7a4a:	6422                	flw	fs0,8(sp)
    7a4c:	2270                	lbu	a2,6(a2)
    7a4e:	7b3a                	flw	fs6,172(sp)
    7a50:	7422                	flw	fs0,40(sp)
    7a52:	6d65                	lui	s10,0x19
    7a54:	6570                	flw	fa2,76(a0)
    7a56:	6172                	flw	ft2,28(sp)
    7a58:	7574                	flw	fa3,108(a0)
    7a5a:	6572                	flw	fa0,28(sp)
    7a5c:	3a22                	lhu	s0,50(a2)
    7a5e:	76227b5b          	0x76227b5b
    7a62:	3a22                	lhu	s0,50(a2)
    7a64:	6425                	lui	s0,0x9
    7a66:	252e                	lhu	a1,10(a0)
    7a68:	7d64                	flw	fs1,124(a0)
    7a6a:	2c5d                	jal	7d20 <_read+0x4e6>
    7a6c:	6822                	flw	fa6,8(sp)
    7a6e:	6d75                	lui	s10,0x1d
    7a70:	6469                	lui	s0,0x1a
    7a72:	7469                	lui	s0,0xffffa
    7a74:	2279                	jal	7c02 <_read+0x3c8>
    7a76:	5b3a                	lw	s6,172(sp)
    7a78:	2276227b          	0x2276227b
    7a7c:	253a                	lhu	a4,10(a0)
    7a7e:	2e64                	lbu	s1,30(a2)
    7a80:	6425                	lui	s0,0x9
    7a82:	5d7d                	li	s10,-1
    7a84:	222c                	lbu	a1,2(a2)
    7a86:	7674                	flw	fa3,108(a2)
    7a88:	3a22636f          	jal	t1,2de2a <_data_lma+0x23f46>
    7a8c:	76227b5b          	0x76227b5b
    7a90:	3a22                	lhu	s0,50(a2)
    7a92:	6425                	lui	s0,0x9
    7a94:	5d7d                	li	s10,-1
    7a96:	222c                	lbu	a1,2(a2)
    7a98:	22326f63          	bltu	tp,gp,7cd6 <_read+0x49c>
    7a9c:	5b3a                	lw	s6,172(sp)
    7a9e:	2276227b          	0x2276227b
    7aa2:	253a                	lhu	a4,10(a0)
    7aa4:	7d64                	flw	fs1,124(a0)
    7aa6:	2c5d                	jal	7d5c <asc2_1206+0x10>
    7aa8:	6c22                	flw	fs8,8(sp)
    7aaa:	7875                	lui	a6,0xffffd
    7aac:	3a22                	lhu	s0,50(a2)
    7aae:	76227b5b          	0x76227b5b
    7ab2:	3a22                	lhu	s0,50(a2)
    7ab4:	6425                	lui	s0,0x9
    7ab6:	5d7d                	li	s10,-1
    7ab8:	222c                	lbu	a1,2(a2)
    7aba:	6970                	flw	fa2,84(a0)
    7abc:	6c6c                	flw	fa1,92(s0)
    7abe:	635f 756f 746e      	0x746e756f635f
    7ac4:	3a22                	lhu	s0,50(a2)
    7ac6:	76227b5b          	0x76227b5b
    7aca:	3a22                	lhu	s0,50(a2)
    7acc:	6c25                	lui	s8,0x9
    7ace:	7d75                	lui	s10,0xffffd
    7ad0:	7d5d                	lui	s10,0xffff7
    7ad2:	007d                	c.nop	31
    7ad4:	7324                	flw	fs1,96(a4)
    7ad6:	7379                	lui	t1,0xffffe
    7ad8:	306b782f          	0x306b782f
    7adc:	48306557          	0x48306557
    7ae0:	2f633137          	lui	sp,0x2f633
    7ae4:	6564                	flw	fs1,76(a0)
    7ae6:	3176                	lhu	a3,38(a0)
    7ae8:	2f70642f          	0x2f70642f
    7aec:	6f70                	flw	fa2,92(a4)
    7aee:	6a2f7473          	csrrci	s0,0x6a2,30
    7af2:	006e6f73          	csrrsi	t5,0x6,28
    7af6:	0000                	unimp
    7af8:	4e656e4f          	fnmadd.q	ft8,fa0,ft6,fs1,unknown
    7afc:	5445                	li	s0,-15
    7afe:	203a                	lhu	a4,2(s0)
    7b00:	6572                	flw	fa0,28(sp)
    7b02:	6e6e6f63          	bltu	t3,t1,8200 <asc2_1608+0x40>
    7b06:	6365                	lui	t1,0x19
    7b08:	2e74                	lbu	a3,30(a2)
    7b0a:	2e2e                	lhu	a1,26(a2)
    7b0c:	000d                	c.nop	3
    7b0e:	0000                	unimp
    7b10:	4e656e4f          	fnmadd.q	ft8,fa0,ft6,fs1,unknown
    7b14:	5445                	li	s0,-15
    7b16:	203a                	lhu	a4,2(s0)
    7b18:	7075                	c.lui	zero,0xffffd
    7b1a:	6f6c                	flw	fa1,92(a4)
    7b1c:	6461                	lui	s0,0x18
    7b1e:	6465                	lui	s0,0x19
    7b20:	000d                	c.nop	3
    7b22:	0000                	unimp
    7b24:	7542                	flw	fa0,48(sp)
    7b26:	7474                	flw	fa3,108(s0)
    7b28:	70206e6f          	jal	t3,e22a <_data_lma+0x4346>
    7b2c:	6572                	flw	fa0,28(sp)
    7b2e:	64657373          	csrrci	t1,0x646,10
    7b32:	2021                	jal	7b3a <_read+0x300>
    7b34:	6e756f43          	fmadd.q	ft10,fa0,ft7,fa3,unknown
    7b38:	3d74                	lbu	a3,31(a0)
    7b3a:	6c25                	lui	s8,0x9
    7b3c:	0d75                	addi	s10,s10,29
    7b3e:	000a                	c.slli	zero,0x2
    7b40:	6956                	flw	fs2,84(sp)
    7b42:	6174                	flw	fa3,68(a0)
    7b44:	696d                	lui	s2,0x1b
    7b46:	206e                	lhu	a1,6(s0)
    7b48:	00000043          	fmadd.s	ft0,ft0,ft0,ft0,rne
    7b4c:	7341                	lui	t1,0xffff0
    7b4e:	6970                	flw	fa2,84(a0)
    7b50:	6972                	flw	fs2,28(sp)
    7b52:	006e                	c.slli	zero,0x1b
    7b54:	6249                	lui	tp,0x12
    7b56:	7075                	c.lui	zero,0xffffd
    7b58:	6f72                	flw	ft10,28(sp)
    7b5a:	6566                	flw	fa0,88(sp)
    7b5c:	006e                	c.slli	zero,0x1b
    7b5e:	0000                	unimp
    7b60:	636c6143          	fmadd.d	ft2,fs8,fs6,fa2,unknown
    7b64:	7569                	lui	a0,0xffffa
    7b66:	006d                	c.nop	27
    7b68:	c7d6                	sw	s5,204(sp)
    7b6a:	dcc4                	sw	s1,60(s1)
    7b6c:	a9d2                	sh	a2,20(a1)
    7b6e:	0000e4cf          	fnmadd.s	fs1,ft1,ft0,ft0,unknown
    7b72:	0000                	unimp
    7b74:	c2ce                	sw	s3,68(sp)
    7b76:	aaca                	sh	a0,20(a3)
    7b78:	c8b6                	sw	a3,80(sp)
    7b7a:	e0bc                	fsw	fa5,64(s1)
    7b7c:	e2b2                	fsw	fa2,68(sp)
    7b7e:	0000                	unimp
    7b80:	69466957          	0x69466957
    7b84:	203a                	lhu	a4,2(s0)
    7b86:	0046464f          	fnmadd.s	fa2,fa2,ft4,ft0,rmm
    7b8a:	0000                	unimp
    7b8c:	4954                	lw	a3,20(a0)
    7b8e:	454d                	li	a0,19
    7b90:	5420                	lw	s0,104(s0)
    7b92:	4154204f          	fnmadd.s	ft0,fs0,fs5,fs0,rdn
    7b96:	4d20454b          	0x4d20454b
    7b9a:	4445                	li	s0,17
    7b9c:	0021                	c.nop	8
    7b9e:	0000                	unimp
    7ba0:	7325                	lui	t1,0xfffe9
    7ba2:	2020                	lbu	s0,2(s0)
    7ba4:	6f42                	flw	ft10,16(sp)
    7ba6:	2378                	lbu	a4,6(a4)
    7ba8:	6425                	lui	s0,0x9
    7baa:	0000                	unimp
    7bac:	3025                	jal	73d4 <_printf_i+0x17c>
    7bae:	6434                	flw	fa3,72(s0)
    7bb0:	252d                	jal	81da <asc2_1608+0x1a>
    7bb2:	3230                	lbu	a2,3(a2)
    7bb4:	2d64                	lbu	s1,30(a0)
    7bb6:	3025                	jal	73de <_printf_i+0x186>
    7bb8:	6432                	flw	fs0,12(sp)
    7bba:	2020                	lbu	s0,2(s0)
    7bbc:	3025                	jal	73e4 <_printf_i+0x18c>
    7bbe:	6432                	flw	fs0,12(sp)
    7bc0:	253a                	lhu	a4,10(a0)
    7bc2:	3230                	lbu	a2,3(a2)
    7bc4:	3a64                	lbu	s1,23(a2)
    7bc6:	3025                	jal	73ee <_printf_i+0x196>
    7bc8:	6432                	flw	fs0,12(sp)
    7bca:	0000                	unimp
    7bcc:	3025                	jal	73f4 <_printf_i+0x19c>
    7bce:	6432                	flw	fs0,12(sp)
    7bd0:	253a                	lhu	a4,10(a0)
    7bd2:	3230                	lbu	a2,3(a2)
    7bd4:	0064                	addi	s1,sp,12
    7bd6:	0000                	unimp
    7bd8:	6f50                	flw	fa2,28(a4)
    7bda:	0000726f          	jal	tp,ebda <_data_lma+0x4cf6>
    7bde:	0000                	unimp
    7be0:	646f6f47          	0x646f6f47
    7be4:	0000                	unimp
    7be6:	0000                	unimp
    7be8:	6f4d                	lui	t5,0x13
    7bea:	6564                	flw	fs1,76(a0)
    7bec:	6172                	flw	ft2,28(sp)
    7bee:	6574                	flw	fa3,76(a0)
    7bf0:	0000                	unimp
    7bf2:	0000                	unimp
    7bf4:	6142                	flw	ft2,16(sp)
    7bf6:	2164                	lbu	s1,6(a0)
    7bf8:	0000                	unimp
    7bfa:	0000                	unimp
    7bfc:	c2ce                	sw	s3,68(sp)
    7bfe:	c8b6                	sw	a3,80(sp)
    7c00:	203a                	lhu	a4,2(s0)
    7c02:	6425                	lui	s0,0x9
    7c04:	252e                	lhu	a1,10(a0)
    7c06:	2064                	lbu	s1,6(s0)
    7c08:	00000043          	fmadd.s	ft0,ft0,ft0,ft0,rne
    7c0c:	c2ce                	sw	s3,68(sp)
    7c0e:	c8b6                	sw	a3,80(sp)
    7c10:	203a                	lhu	a4,2(s0)
    7c12:	2d2d                	jal	824c <asc2_1608+0x8c>
    7c14:	2d2e                	lhu	a1,26(a0)
    7c16:	4320                	lw	s0,64(a4)
    7c18:	0000                	unimp
    7c1a:	0000                	unimp
    7c1c:	aaca                	sh	a0,20(a3)
    7c1e:	c8b6                	sw	a3,80(sp)
    7c20:	203a                	lhu	a4,2(s0)
    7c22:	6425                	lui	s0,0x9
    7c24:	2520                	lbu	s0,10(a0)
    7c26:	0025                	c.nop	9
    7c28:	aaca                	sh	a0,20(a3)
    7c2a:	c8b6                	sw	a3,80(sp)
    7c2c:	203a                	lhu	a4,2(s0)
    7c2e:	2d2d                	jal	8268 <asc2_1608+0xa8>
    7c30:	2520                	lbu	s0,10(a0)
    7c32:	0025                	c.nop	9
    7c34:	6941                	lui	s2,0x10
    7c36:	3a72                	lhu	a2,54(a2)
    7c38:	2520                	lbu	s0,10(a0)
    7c3a:	56202073          	csrr	zero,0x562
    7c3e:	203a434f          	fnmadd.s	ft6,fs4,ft3,ft4,rmm
    7c42:	6425                	lui	s0,0x9
    7c44:	7020                	flw	fs0,96(s0)
    7c46:	6270                	flw	fa2,68(a2)
    7c48:	0000                	unimp
    7c4a:	0000                	unimp
    7c4c:	3a324f43          	fmadd.d	ft10,ft4,ft3,ft7,rmm
    7c50:	2520                	lbu	s0,10(a0)
    7c52:	2064                	lbu	s1,6(s0)
    7c54:	7070                	flw	fa2,100(s0)
    7c56:	006d                	c.nop	27
    7c58:	6941                	lui	s2,0x10
    7c5a:	3a72                	lhu	a2,54(a2)
    7c5c:	7720                	flw	fs0,104(a4)
    7c5e:	6961                	lui	s2,0x18
    7c60:	6974                	flw	fa3,84(a0)
    7c62:	676e                	flw	fa4,216(sp)
    7c64:	2e2e                	lhu	a1,26(a2)
    7c66:	002e                	c.slli	zero,0xb
    7c68:	694c                	flw	fa1,20(a0)
    7c6a:	3a746867          	0x3a746867
    7c6e:	2520                	lbu	s0,10(a0)
    7c70:	2064                	lbu	s1,6(s0)
    7c72:	786c                	flw	fa1,116(s0)
    7c74:	0000                	unimp
    7c76:	0000                	unimp
    7c78:	694c                	flw	fa1,20(a0)
    7c7a:	3a746867          	0x3a746867
    7c7e:	2d20                	lbu	s0,26(a0)
    7c80:	2d2d                	jal	82ba <asc2_1608+0xfa>
    7c82:	6c20                	flw	fs0,88(s0)
    7c84:	0078                	addi	a4,sp,12
    7c86:	0000                	unimp
    7c88:	33504753          	0x33504753
    7c8c:	2030                	lbu	a2,2(s0)
    7c8e:	3249                	jal	7610 <__swrite+0x3a>
    7c90:	69203143          	fmadd.s	ft2,ft0,fs2,fa3,rup
    7c94:	696e                	flw	fs2,216(sp)
    7c96:	2074                	lbu	a3,6(s0)
    7c98:	6f64                	flw	fs1,92(a4)
    7c9a:	656e                	flw	fa0,216(sp)
    7c9c:	000d                	c.nop	3
    7c9e:	0000                	unimp
    7ca0:	33504753          	0x33504753
    7ca4:	3a30                	lbu	a2,19(a2)
    7ca6:	6e20                	flw	fs0,88(a2)
    7ca8:	6863206f          	j	3a32e <_data_lma+0x3044a>
    7cac:	7069                	c.lui	zero,0xffffa
    7cae:	6620                	flw	fs0,72(a2)
    7cb0:	646e756f          	jal	a0,ef2f6 <_data_lma+0xe5412>
    7cb4:	000d                	c.nop	3
    7cb6:	0000                	unimp
    7cb8:	33504753          	0x33504753
    7cbc:	3a30                	lbu	a2,19(a2)
    7cbe:	6320                	flw	fs0,64(a4)
    7cc0:	6968                	flw	fa0,84(a0)
    7cc2:	2070                	lbu	a2,6(s0)
    7cc4:	6564                	flw	fs1,76(a0)
    7cc6:	6574                	flw	fa3,76(a0)
    7cc8:	64657463          	bgeu	a0,t1,8310 <asc2_1608+0x150>
    7ccc:	202c                	lbu	a1,2(s0)
    7cce:	253d4e53          	0x253d4e53
    7cd2:	3230                	lbu	a2,3(a2)
    7cd4:	2558                	lbu	a4,12(a0)
    7cd6:	3230                	lbu	a2,3(a2)
    7cd8:	2558                	lbu	a4,12(a0)
    7cda:	3230                	lbu	a2,3(a2)
    7cdc:	2558                	lbu	a4,12(a0)
    7cde:	3230                	lbu	a2,3(a2)
    7ce0:	2558                	lbu	a4,12(a0)
    7ce2:	3230                	lbu	a2,3(a2)
    7ce4:	2558                	lbu	a4,12(a0)
    7ce6:	3230                	lbu	a2,3(a2)
    7ce8:	0d58                	addi	a4,sp,660
    7cea:	000a                	c.slli	zero,0x2
    7cec:	33504753          	0x33504753
    7cf0:	3a30                	lbu	a2,19(a2)
    7cf2:	7320                	flw	fs0,96(a4)
    7cf4:	6c65                	lui	s8,0x19
    7cf6:	2d66                	lhu	s1,30(a0)
    7cf8:	6574                	flw	fa3,76(a0)
    7cfa:	66207473          	csrrci	s0,0x662,0
    7cfe:	6961                	lui	s2,0x18
    7d00:	656c                	flw	fa1,76(a0)
    7d02:	0d64                	addi	s1,sp,668
    7d04:	0000                	unimp
    7d06:	0000                	unimp
    7d08:	33504753          	0x33504753
    7d0c:	3a30                	lbu	a2,19(a2)
    7d0e:	7320                	flw	fs0,96(a4)
    7d10:	6c65                	lui	s8,0x19
    7d12:	2d66                	lhu	s1,30(a0)
    7d14:	6574                	flw	fa3,76(a0)
    7d16:	303d7473          	csrrci	s0,mideleg,26
    7d1a:	2578                	lbu	a4,14(a0)
    7d1c:	3430                	lbu	a2,11(s0)
    7d1e:	0d58                	addi	a4,sp,660
    7d20:	000a                	c.slli	zero,0x2
    7d22:	0000                	unimp
    7d24:	33504753          	0x33504753
    7d28:	3a30                	lbu	a2,19(a2)
    7d2a:	4920                	lw	s0,80(a0)
    7d2c:	5141                	li	sp,-16
    7d2e:	6920                	flw	fs0,80(a0)
    7d30:	696e                	flw	fs2,216(sp)
    7d32:	2074                	lbu	a3,6(s0)
    7d34:	6f64                	flw	fs1,92(a4)
    7d36:	656e                	flw	fa0,216(sp)
    7d38:	202c                	lbu	a1,2(s0)
    7d3a:	6572                	flw	fa0,28(sp)
    7d3c:	6461                	lui	s0,0x18
    7d3e:	0d79                	addi	s10,s10,30
    7d40:	0000                	unimp
    7d42:	0000                	unimp
    7d44:	418cf5c3          	fmadd.s	fa1,fs9,fs8,fs0
    7d48:	1eb8                	addi	a4,sp,888
    7d4a:	          	0x4373

00007d4c <asc2_1206>:
	...
    7d58:	04040000 04040404 00000400 0a0a1400     ................
	...
    7d70:	14140000 3f0a143f 00000a0a 151e0400     ....?..?........
    7d80:	140c0605 00040f15 15120000 2c140a0d     ...............,
    7d90:	0000122a 0a040000 15151e0a 00003609     *............6..
    7da0:	01020200 00000000 00000000 08102000     ............. ..
    7db0:	08080808 00201008 08040200 08080808     ...... .........
    7dc0:	00020408 04000000 150e0e15 00000004     ................
    7dd0:	04040000 04041f04 00000004 00000000     ................
    7de0:	00000000 01020200 00000000 00001f00     ................
	...
    7dfc:	00000200 08081000 02040408 00010202     ................
    7e0c:	110e0000 11111111 00000e11 06040000     ................
    7e1c:	04040404 00000e04 110e0000 02040811     ................
    7e2c:	00001f01 110e0000 10100c10 00000e11     ................
    7e3c:	0c080000 1e090a0a 00001808 011f0000     ................
    7e4c:	10100f01 00000e11 090e0000 11110f01     ................
    7e5c:	00000e11 091f0000 04040408 00000404     ................
    7e6c:	110e0000 11110e11 00000e11 110e0000     ................
    7e7c:	101e1111 00000e12 00000000 00000004     ................
    7e8c:	00000400 00000000 00000400 00040400     ................
    7e9c:	08102000 08040204 00002010 00000000     . ....... ......
    7eac:	1f00001f 00000000 08040200 08102010     ............. ..
    7ebc:	00000204 110e0000 04040811 00000400     ................
    7ecc:	110e0000 1d151519 00001e01 04040000     ................
    7edc:	1e0a0a0c 00003312 120f0000 12120e12     .....3..........
    7eec:	00000f12 111e0000 01010101 00000e11     ................
    7efc:	120f0000 12121212 00000f12 121f0000     ................
    7f0c:	020a0e0a 00001f12 121f0000 020a0e0a     ................
    7f1c:	00000702 121c0000 11390101 00000c12     ..........9.....
    7f2c:	12330000 12121e12 00003312 041f0000     ..3......3......
    7f3c:	04040404 00001f04 083e0000 08080808     ..........>.....
    7f4c:	00070908 12370000 0a0a060a 00003712     ......7......7..
    7f5c:	02070000 02020202 00003f22 1b1b0000     ........"?......
    7f6c:	15151b1b 00001515 123b0000 1a1a1616     ..........;.....
    7f7c:	00001712 110e0000 11111111 00000e11     ................
    7f8c:	120f0000 02020e12 00000702 110e0000     ................
    7f9c:	17111111 00180e19 120f0000 120a0e12     ................
    7fac:	00003712 111e0000 10080601 00000f11     .7..............
    7fbc:	151f0000 04040404 00000e04 12330000     ..............3.
    7fcc:	12121212 00000c12 12330000 0c0a0a12     ..........3.....
    7fdc:	00000404 15150000 0a0a0e15 00000a0a     ................
    7fec:	0a1b0000 0a04040a 00001b0a 0a1b0000     ................
    7ffc:	0404040a 00000e04 091f0000 02040408     ................
    800c:	00001f12 04041c00 04040404 001c0404     ................
    801c:	02020200 08080404 00001008 08080e00     ................
    802c:	08080808 000e0808 000a0400 00000000     ................
	...
    8048:	3f000000 00000400 00000000 00000000     ...?............
    8058:	00000000 1c120c00 00003c12 02030000     .........<......
    8068:	12120e02 00000e12 00000000 02121c00     ................
    8078:	00001c02 10180000 12121c10 00003c12     .............<..
    8088:	00000000 1e120c00 00001c02 04380000     ..............8.
    8098:	04041e04 00001e04 00000000 0c123c00     .............<..
    80a8:	1c221e02 02030000 12120e02 00003712     .."..........7..
    80b8:	00040000 04040600 00000e04 00080000     ................
    80c8:	08080c00 07080808 02030000 0e0a3a02     .............:..
    80d8:	00003712 04070000 04040404 00001f04     .7..............
    80e8:	00000000 15150f00 00001515 00000000     ................
    80f8:	12120f00 00003712 00000000 12120c00     .....7..........
    8108:	00000c12 00000000 12120f00 07020e12     ................
    8118:	00000000 12121c00 38101c12 00000000     ...........8....
    8128:	02061b00 00000702 00000000 0c021e00     ................
    8138:	00001e10 04000000 04040e04 00001804     ................
    8148:	00000000 12121b00 00003c12 00000000     .........<......
    8158:	0a123700 0000040c 00000000 0e151500     .7..............
    8168:	00000a0a 00000000 040a1b00 00001b0a     ................
    8178:	00000000 0a123700 0304040c 00000000     .....7..........
    8188:	04081e00 00001e04 08081800 08080408     ................
    8198:	00180808 08080808 08080808 08080808     ................
    81a8:	04040600 04040804 00060404 00182502     .............%..
	...

000081c0 <asc2_1608>:
	...
    81d0:	08000000 08080808 00000808 00001818     ................
    81e0:	246c4800 00000012 00000000 00000000     .Hl$............
    81f0:	24000000 127f2424 127f1212 00001212     ...$$$..........
    8200:	1c080000 0c0a2a2a 2a282818 08081c2a     ....**...((**...
    8210:	22000000 15151525 5454582a 00002254     ..."%...*XTTT"..
    8220:	0c000000 0a121212 11292576 00006e91     ........v%)..n..
    8230:	04060600 00000003 00000000 00000000     ................
    8240:	10204000 08080810 10080808 00402010     .@ .......... @.
    8250:	08040200 10101008 08101010 00020408     ................
    8260:	00000000 1c6b0808 08086b1c 00000000     ......k..k......
    8270:	00000000 08080808 0808087f 00000008     ................
	...
    828c:	03040606 00000000 00000000 000000fe     ................
	...
    82ac:	00000606 40800000 10202040 04080810     .......@@  .....
    82bc:	00020204 18000000 42424224 42424242     ........$BBBBBBB
    82cc:	00001824 08000000 0808080e 08080808     $...............
    82dc:	00003e08 3c000000 20424242 04081020     .>.....<BBB  ...
    82ec:	00007e42 3c000000 18204242 42404020     B~.....<BB . @@B
    82fc:	00001c22 20000000 24242830 207e2222     "...... 0($$""~ 
    830c:	00007820 7e000000 1a020202 42404026      x.....~....&@@B
    831c:	00001c22 38000000 1a020224 42424226     "......8$...&BBB
    832c:	00001824 7e000000 10102222 08080808     $......~""......
    833c:	00000808 3c000000 24424242 42422418     .......<BBB$.$BB
    834c:	00003c42 18000000 42424224 40405864     B<......$BBBdX@@
    835c:	00001c24 00000000 18180000 00000000     $...............
    836c:	00001818 00000000 08000000 00000000     ................
    837c:	04080800 40000000 04081020 10080402     .......@ .......
    838c:	00004020 00000000 007f0000 007f0000      @..............
    839c:	00000000 02000000 20100804 08102040     ........... @ ..
    83ac:	00000204 3c000000 40464242 00101020     .......<BBF@ ...
    83bc:	00001818 1c000000 55555a22 422d5555     ........"ZUUUU-B
    83cc:	00001c22 08000000 14141808 42223c24     "...........$<"B
    83dc:	0000e742 1f000000 1e222222 42424222     B......."""."BBB
    83ec:	00001f22 7c000000 01014242 42010101     "......|BB.....B
    83fc:	00001c22 1f000000 42424222 42424242     "......."BBBBBBB
    840c:	00001f22 3f000000 1e121242 42021212     "......?B......B
    841c:	00003f42 3f000000 1e121242 02021212     B?.....?B.......
    842c:	00000702 3c000000 01012222 22217101     .......<""...q!"
    843c:	00001c22 e7000000 42424242 4242427e     ".......BBBB~BBB
    844c:	0000e742 3e000000 08080808 08080808     B......>........
    845c:	00003e08 7c000000 10101010 10101010     .>.....|........
    846c:	0f111010 77000000 0e0a1222 2212120a     .......w"......"
    847c:	00007722 07000000 02020202 02020202     "w..............
    848c:	00007f42 77000000 36363636 2a2a2a2a     B......w6666****
    849c:	00006b2a e3000000 4a4a4646 62525252     *k......FFJJRRRb
    84ac:	00004762 1c000000 41414122 41414141     bG......"AAAAAAA
    84bc:	00001c22 3f000000 42424242 0202023e     "......?BBBB>...
    84cc:	00000702 1c000000 41414122 534d4141     ........"AAAAAMS
    84dc:	00601c32 3f000000 3e424242 22221212     2.`....?BBB>..""
    84ec:	0000c742 7c000000 04024242 42402018     B......|BB... @B
    84fc:	00003e42 7f000000 08080849 08080808     B>......I.......
    850c:	00001c08 e7000000 42424242 42424242     ........BBBBBBBB
    851c:	00003c42 e7000000 24224242 18141424     B<......BB"$$...
    852c:	00000808 6b000000 49494949 22365555     .......kIIIIUU6"
    853c:	00002222 e7000000 18242442 24241818     ""......B$$...$$
    854c:	0000e742 77000000 14142222 08080808     B......w""......
    855c:	00001c08 7e000000 10102021 42040408     .......~! .....B
    856c:	00003f42 08087800 08080808 08080808     B?...x..........
    857c:	00780808 02020000 08080404 20101008     ..x............ 
    858c:	40402020 10101e00 10101010 10101010       @@............
    859c:	001e1010 00443800 00000000 00000000     .....8D.........
	...
    85bc:	ff000000 00080600 00000000 00000000     ................
	...
    85d4:	3c000000 42447842 0000fc42 03000000     ...<BxDBB.......
    85e4:	1a020202 42424226 00001a26 00000000     ....&BBB&.......
    85f4:	38000000 02020244 00003844 60000000     ...8D...D8.....`
    8604:	78404040 42424244 0000d864 00000000     @@@xDBBBd.......
    8614:	3c000000 02027e42 00003c42 f0000000     ...<B~..B<......
    8624:	7e080888 08080808 00003e08 00000000     ...~.....>......
    8634:	7c000000 021c2222 3c42423c 03000000     ...|""..<BB<....
    8644:	3a020202 42424246 0000e742 0c000000     ...:FBBBB.......
    8654:	0e00000c 08080808 00003e08 30000000     .........>.....0
    8664:	38000030 20202020 1e222020 03000000     0..8      ".....
    8674:	72020202 12160a12 00007722 0e000000     ...r...."w......
    8684:	08080808 08080808 00003e08 00000000     .........>......
    8694:	7f000000 92929292 0000b792 00000000     ................
    86a4:	3b000000 42424246 0000e742 00000000     ...;FBBBB.......
    86b4:	3c000000 42424242 00003c42 00000000     ...<BBBBB<......
    86c4:	1b000000 42424226 07021e22 00000000     ....&BBB".......
    86d4:	78000000 42424244 e0407844 00000000     ...xDBBBDx@.....
    86e4:	77000000 0404044c 00001f04 00000000     ...wL...........
    86f4:	7c000000 403c0242 00003e42 00000000     ...|B.<@B>......
    8704:	3e080800 08080808 00003008 00000000     ...>.....0......
    8714:	63000000 42424242 0000dc62 00000000     ...cBBBBb.......
    8724:	e7000000 14242442 00000808 00000000     ....B$$.........
    8734:	eb000000 55554949 00002222 00000000     ....IIUU""......
    8744:	76000000 18181824 00006e24 00000000     ...v$...$n......
    8754:	e7000000 14242442 07080818 00000000     ....B$$.........
    8764:	7e000000 08081022 00007e44 2020c000     ...~"...D~....  
    8774:	10202020 20202020 00c02020 10101010        .      ......
    8784:	10101010 10101010 10101010 08080600     ................
    8794:	10080808 08080808 00060808 00c2320c     .............2..
	...

000087b0 <tfont16>:
    87b0:	0001e3b9 80008000 0020fc3f 00200020     ........?. . . .
    87c0:	00200020 00200020 00200020 00400040      . . . . . .@.@.
    87d0:	ddd60080 84100410 84108410 a4548410     ..............T.
    87e0:	94529452 84108490 84108410 84208420     R.R......... . .
    87f0:	04800440 0002d0ca 00000001 0001fc7f     @...............
    8800:	00010001 0821f83f 08210821 28210821     ....?.!.!.!.!.!(
    8810:	00011021 b6d10001 f0270000 10111011     !.........'.....
    8820:	10011001 d01710f1 10111011 12111011     ................
    8830:	0a190a15 02010611 4010fac3 fc3c4010     ...........@.@<.
    8840:	88420421 201050bc 80fc4010 8412fc11     !.B..P. .@......
    8850:	84148410 fc108418 c5d08400 20084008     .............@. 
    8860:	0010fe0b fc310010 00500030 0010fc91     ......1.0.P.....
    8870:	fc110010 04110411 0411fc11 0001a2cf     ................
    8880:	f01f0002 f01f1010 f01f1010 f01f1010     ................
    8890:	00011010 92488408 f0871248 c6bf0000     ......H.H.......
    88a0:	101d1008 901090f0 10fd1010 90389010     ..............8.
    88b0:	1e501034 1090f053 10101010 10101010     4.P.S...........
    88c0:	2010bcbc 20102010 20fcfe13 20102010     ... . . ... . . 
    88d0:	8418fc15 48d08830 20105010 88515010     ....0..H.P. .PQ.
    88e0:	d0d30626 00020002 0004feff f00f0004     &...............
    88f0:	10181008 1048f02f f00f1088 10081008     ..../.H.........
    8900:	20085008 0000decf 084af87b f8530852     .P. ....{.J.R.S.
    8910:	08520862 444af84b 306a484a 10422052     b.R.K.JDJHj0R B.
    8920:	06438842 abb90042 80048000 40088004     B.C.B..........@
    8930:	20104008 08421020 00040682 20084004     .@.  .B......@. 
    8940:	f03f2010 00001010 0000becb 0800f83f     . ?.........?...
    8950:	e87f0800 08000800 8810881f 88108810     ................
    8960:	881f8810 28008810 b6bb1000 80008000     .......(........
    8970:	fc0480fc 08490405 4014402a a0284010     ......I.*@.@.@(.
    8980:	1045a024 08021081 02080404 0000add3     $.E.............
    8990:	3c138020 24022412 24f22402 24122412      ..<.$.$.$.$.$.$
    89a0:	2813b412 20102012 fe472028 fac40000     ...(. . ( G.....
    89b0:	00090009 0432fc11 50994854 44124811     ......2.TH.P.H.D
    89c0:	40114414 00028010 12510451 f00f1290     .D.@....Q.Q.....
    89d0:	0000bfb4 20102000 2020fe13 244a2426     ..... . ..  &$J$
    89e0:	2412247a fc232422 2200207c 22782204     z$.$"$#.| ."."x"
    89f0:	abc93c00 00000000 f00f0004 20202010     .<...........   
    8a00:	8420fc7f 84208420 f83f8420 02200020     .. . . . .?. . .
    8a10:	fe1f0220 0000eecc 40200000 4020fe23      ......... @#. @
    8a20:	0422fc79 0422fc23 0422fc23 043afc23     y.".#.".#.".#.:.
    8a30:	9801fa65 e4b30402 00010000 fe7f0001     e...............
    8a40:	10042002 04080804 4204fc3f 40044004     . ......?..B.@.@
    8a50:	42084204 7e604210 0000d8be 7e200000     .B.B.B`~...... ~
    8a60:	8048803e fe488048 827f8248 820c8208     >.H.H.H.H.......
    8a70:	8412fa14 80218022 ced0fe40 00000000     ....".!.@.......
    8a80:	0822847f c0223022 04220222 3022c87f     .."."0"."."..."0
    8a90:	0222c222 08220422 40403022 0000adbb     "."."."."0@@....
    8aa0:	fe7f0000 f00f0000 10111011 12511011     ..............Q.
    8ab0:	1251f25f 12511251 0240f24f b2d4fc7f     _.Q.Q.Q.O.@.....
    8ac0:	00000000 e247fe7f 12481248 f24fe247     ......G.H.H.G.O.
    8ad0:	12501250 12511251 72449242 fc3f0a58     P.P.Q.Q.B.DrX.?.
    8ae0:	0000bccd fe3f0000 f2470244 6253224c     ......?.D.G.L"Sb
    8af0:	62438240 82411a5e 02436240 2240c240     @.Cb^.A.@bC.@.@"
    8b00:	acc6fc3f 40000000 40204020 fe3f4020     ?......@ @ @ @?.
    8b10:	00200020 e03f0020 10201020 10201020      . . .?. . . . .
    8b20:	10401040 0000d4cf fc3f0000 04200420     @.@.......?. . .
    8b30:	0420fc3f f81f0420 48144424 48144814     ?. . ...$D.H.H.H
    8b40:	4004500c becafe7f 00000000 0000fc3f     .P.@........?...
    8b50:	00000000 8000fe7f 88089008 84108810     ................
    8b60:	82208420 80078240 0000cbb2 20082000      . .@........ . 
    8b70:	2000fe7f 883f7800 90080811 fe7f2009     ... .x?...... ..
    8b80:	40038001 0c31300d a5b50240 10000000     ...@.01.@.......
    8b90:	20041008 0421f83f fc3f0421 04210421     ... ?.!.!.?.!.!.
    8ba0:	0001f83f 0001fe7f 00010001 0000d0d6     ?...............
    8bb0:	00010001 fc3f0001 04210421 04210421     ......?.!.!.!.!.
    8bc0:	04210421 0001fc3f 00010001 a2d30001     !.!.?...........
    8bd0:	00000000 fe7f2008 20092008 f83f0001     ..... ... . ..?.
    8be0:	08210821 f41f0821 20024001 0e70100c     !.!.!....@. ..p.
    8bf0:	0000c4ce 00010001 7c3f8000 10081008     ..........?|....
    8c00:	20041004 40022002 80018001 181c6002     ... . .@.....`..
    8c10:	dbd706e0 00000000 fe112010 02220222     ......... ..".".
    8c20:	0058fc49 fe130030 24792825 240d2401     I.X.0...%(y$.$.$
    8c30:	a2022272 0000cfba 80010000 30044002     r"...........@.0
    8c40:	06600818 0000f81f 0420f81f 04200420     ..`....... . . .
    8c50:	04200420 c1c1f81f 00010000 fe7f0001      . .............
    8c60:	f83f0000 f83f0820 0640f83f 2448c247     ..?. .?.?.@.G.H$
    8c70:	22082008 3e602210 0000c8b6 80000000     . ."."`>........
    8c80:	1044fe3f 1044fc5f f0431044 f85f0040     ?.D._.D.D.C.@._.
    8c90:	30420844 6043c041 e2b21ebc 00000000     D.B0A.C`........
    8ca0:	5214c267 52055205 522552c5 52055205     g..R.R.R.R%R.R.R
    8cb0:	52175215 42228222 3e484244 0000d4ca     .R.R"."BDBH>....
    8cc0:	14200000 fe171410 10001200 f0131060     .. .........`...
    8cd0:	90109010 92149010 0a1fea14 ccb30600     ................
    8ce0:	00000000 0272fe19 02120212 0018fc7d     ......r.....}...
    8cf0:	2034fe1b fe532050 20102010 fe132010     ..4 P S.. . . ..
    8d00:	0000f2d0 80000000 0040fe3f 0842fc47     ........?.@.G.B.
    8d10:	c0403041 4240fe5f 44404240 40404840     A0@._.@B@B@D@H@@
    8d20:	f7b54044 00000000 2212fe23 2202fa02     D@......#.."..."
    8d30:	fe1222e2 8a127212 8a128a12 421aba16     ."...r.........B
    8d40:	0e040212 0000e2b9 04010001 08090811     ................
    8d50:	20091009 4004fe7f 40044004 42084004     ... ...@.@.@.@.B
    8d60:	42104208 e6b07c60 00000000 0049fe48     .B.B`|......H.I.
    8d70:	00490049 8241fe7e 44794441 28452845     I.I.~.A.ADyDE(E(
    8d80:	28451045 82034446 0000a8c8 00100010     E.E(FD..........
    8d90:	047dfc13 04190411 88348418 50504850     ..}.......4.PHPP
    8da0:	50102010 04138810 f9cb0214 00000000     . .P............
    8db0:	40207c3f 403e4020 44227e22 44224422     ?| @ @>@"~"D"D"D
    8dc0:	8420843e 84408420 04420441 0000c1c6     >. . .@.A.B.....
    8dd0:	0820f83f f83f0820 20221024 2022f82f     ?. . .?.$." /." 
    8de0:	fc3f2022 20422022 20842044 bbc42008     " ?." B D . . ..
    8df0:	fc7f4004 f01f4004 f01f1010 f01f1010     .@...@..........
    8e00:	feff0004 f83f1011 501116d1 00012011     ......?....P. ..
    8e10:	8020fdd0 fe108010 00fe0001 2420fc21     .. .........!. $
    8e20:	a024243c bc24a024 a024a024 3e556045     <$$.$.$.$.$.E`U>
    8e30:	aad7008a 20202020 fcfd2020 40502040     ....      ..@ P@
    8e40:	40fcfe93 fc118010 88f0041c 20105050     ...@........PP. 
    8e50:	10101010 0000aabf 2008fc7f 20082008     ........... . . 
    8e60:	20082008 2008feff 20082008 20102008     . . ... . . . . 
    8e70:	20202010 b4d42040 fe270000 40142014     .   @ ....'.. .@
    8e80:	0445fc85 0415fc45 2425fc15 a82420e4     ..E.E.....%$. $.
    8e90:	222a2429 4000a030 8000bad2 fe174020     )$*"0..@.... @..
    8ea0:	20812011 44423c42 94126416 48e24823     . . B<BD.d..#H.H
    8eb0:	20223022 88225022 a7be0603 2008e00f     "0" "P"........ 
    8ec0:	e00f2008 20082008 0000e00f 8442fc7e     . ... . ....~.B.
    8ed0:	fc7e8442 84428442 8442fc7e 0000f8cd     B.~.B.B.~.B.....
    8ee0:	0440fc7f 14420440 544a9452 24442444     ..@.@.B.R.JTD$D$
    8ef0:	544a544a 04619452 14400440 bed50840     JTJTR.a.@.@.@...
    8f00:	20082010 207e2008 20043e00 20442044     . . . ~ .>. D D 
    8f10:	0429fc25 040f0429 044104f1 0401fc01     %.).).....A.....
    8f20:	4010b4b0 20102010 02fafe13 40104414     ...@. . .....D.@
    8f30:	8830fe1b 081188d0 2010d010 88505010     ..0........ .PP.
    8f40:	fcbc0423 10201020 14217c3b 147afe41     #... . .;|!.A.z.
    8f50:	10277ca2 10257cf9 1022fe25 0035102a     .|'..|%.%.".*.5.
    8f60:	0000fe28 4010a3d0 20102010 00fcfe11     (......@. . ....
    8f70:	04318810 8854023a 50908850 20105010     ..1.:.T.P..P.P. 
    8f80:	88105010 bcd70613 20414001 fe232021     .P.......@A ! #.
    8f90:	20162002 2012fc1b fc232022 202220e2     . . ... " #.. " 
    8fa0:	fe232022 00020022 2020a5b4 20782020     " #.".....    x 
    8fb0:	2491fc49 2455247d fc7d2455 20542455     I..$}$U$U$}.U$T 
    8fc0:	2454287c 0245fe57 fec3008c 10111011     |(T$W.E.........
    8fd0:	1011fc17 f81300fc f8170812 f833081a     ..............3.
    8fe0:	fc1740d0 1011a010 06240852 7c3ec7d6     .@......R.$...>|
    8ff0:	44084448 441444ff 00407c22 1010f01f     HD.D.D.D"|@.....
    9000:	f01f1010 10101010 1010f01f dcc40000     ................
    9010:	48424424 400170ff 427e4200 00423e42     $DBH.p.@.B~BB>B.
    9020:	4842447e 407e7042 424a4242 00003e44     ~DBHBp~@BBJBD>..
    9030:	4004a9d2 4004feff 80108010 0445fc20     ...@...@.... .E.
    9040:	841004fa 44fc4420 041c0400 104028e0     .... D.D.....(@.
    9050:	e4cf0000 7e3f4010 08459028 fc080088     .....@?~(.E.....
    9060:	8408847e 841cfc18 fc2a842a 84888448     ~.......*.*.H...
    9070:	0000fc08 f823c2ce 08120812 0842f883     ......#.......B.
    9080:	f8130842 fc270010 a424a4e4 a424a424     B.....'...$.$.$.
    9090:	0000fe2f aaca0000 0814f827 f8870814     /.......'.......
    90a0:	08440844 2011f817 24e92021 30232825     D.D.... ! .$%(#0
    90b0:	fe2f2021 00000000 0001d5bf 0240fe7f     ! /...........@.
    90c0:	10102488 00000820 0001f01f 00010001     .$.. ...........
    90d0:	00010001 0000fc7f f8c60000 fc3f0010     ..............?.
    90e0:	f04f0020 f03f0080 10001000 10001000      .O...?.........
    90f0:	0a001000 06000a00 00000200 c03fcad6     ..............?.
    9100:	40204020 4020fe3f fc274020 44240424      @ @?. @ @'.$.$D
    9110:	44244424 0841b424 02980446 bfc10000     $D$D$.A.F.......
    9120:	1010f01f 1010f01f 0000feff 1011f01f     ................
    9130:	1011f01f 0001f01f 0001f01f 0000fc7f     ................
    9140:	0000b7bb 1010fefd 20101010 687c2010     ........... . |h
    9150:	2211a410 20102212 20e0201c 20002040     ...".". . . @ . 
    9160:	b3be0000 f8234020 a0f81021 0020fe27     .... @#.!...'. .
    9170:	0822f823 0822f823 20e1f83b 22022241     #.".#.".;.. A"."
    9180:	00001e0c 4024e0bc 40247c24 88249024     ......$@$|$@$.$.
    9190:	00040825 f83f0000 48244824 48244824     %.....?.$H$H$H$H
    91a0:	0000feff feb70000 8422fc3e 94228422     ........>.".".".
    91b0:	8022883e a422fc22 a822a43e 9022a822     >.".".".>.".".".
    91c0:	c44aa842 00008284 fc11e1cc 04110411     B.J.............
    91d0:	0411fcfd fc150411 fe330018 201120d0     ..........3.. . 
    91e0:	20113c11 7e24a052 d1d00000 44287cfe     .<. R.$~.....|(D
    91f0:	44fe7c28 10aa7caa 7cae50aa 108290c2     (|.D.|...P.|....
    9200:	10827cfe fefe1082 00000082 0800b1ca     .|..............
    9210:	0844087c 0844fe45 087c0844 48448844     |.D.E.D.D.|.D.DH
    9220:	08444844 0844087c 10002800 e4bc0000     DHD.|.D..(......
    9230:	0410fc13 c4470440 44444444 c4474444     ....@.G.DDDDDDG.
    9240:	44444444 c4474444 14400440 00000840     DDDDDDG.@.@.@...
    9250:	fc7faabf 20082008 20082008 feff2008     ..... . . . . ..
    9260:	20082008 20082008 20102010 20402020     . . . . . .   @ 
    9270:	d8b90000 20081008 f83f0000 00010001     ....... ..?.....
    9280:	feff0001 80020001 40048002 18302008     ...........@. 0.
    9290:	000006c0 f03fd1d2 10001000 10201000     ......?....... .
    92a0:	f03f1020 00200020 04200020 04200420      .?. . . . . . .
    92b0:	0000fc1f a1c80000 fc2280ff 443e4422     .........."."D>D
    92c0:	44224422 2822443e a8272822 104210fa     "D"D>D"("('...B.
    92d0:	44022802 00008202 4000b7c8 84107cfc     .(.D.......@.|..
    92e0:	fe220811 9264923c 92a4fe64 fe249224     ..".<.d.d...$.$.
    92f0:	1225923c 04020a21 cfc80000 40104020     <.%.!....... @.@
    9300:	40004010 40f04000 a0104010 a010a010     .@.@.@.@.@......
    9310:	10191015 04040812 00000208 fc17d5b1     ................
    9320:	84400400 f45f8440 84418440 84448442     ..@.@._.@.A.B.D.
    9330:	84508448 04418442 08401440 f1bd0000     H.P.B.A.@.@.....
    9340:	80020001 20084004 08211012 000006c1     .....@. ..!.....
    9350:	1000f01f 20002000 80004000 00000001     ..... . .@......
    9360:	f01fd5c8 10101010 10101010 f01f1010     ................
    9370:	10101010 10101010 10101010 1010f01f     ................
    9380:	ceb40000 80208040 0401fc20 400a0809     ....@. . ......@
    9390:	40104014 a020a0e0 10211021 04240822     .@.@.. .!.!.".$.
    93a0:	00000208 4020c6bc 40104010 40004000     ...... @.@.@.@.@
    93b0:	4010fef7 40104010 40104010 40184014     ...@.@.@.@.@.@.@
    93c0:	40004010 fdca0000 202a2049 44ff3e08     .@.@....I * .>.D
    93d0:	4449442a 2810a488 102228fe 28641042     *DID...(.(".B.d(
    93e0:	44342818 000082c2 fc7ff8cd 04400440     .(4D........@.@.
    93f0:	94521442 2444544a 544a2444 9452544a     B.R.JTD$D$JTJTR.
    9400:	04400461 08401440 e7c20000 f8208010     a.@.@.@....... .
    9410:	104b0821 4010a0fc 1841a020 f84506fa     !.K....@ .A...E.
    9420:	08190801 f84108e1 00000801 4020acc1     ......A....... @
    9430:	8010fe17 2001a000 2010fcf3 20102010     ....... ... . . 
    9440:	2010fe17 20282010 0000fe47 d3bd0000     ... . ( G.......
    9450:	fc134010 08fd0010 fe179010 40184010     .@...........@.@
    9460:	88d0fe37 90100811 98516010 00000426     7........`Q.&...
    9470:	4808b4d7 44484408 fe2f4028 40084008     ...H.DHD(@/..@.@
    9480:	a0284018 9008a0c8 08091009 020c040a     .@(.............
    9490:	accc0000 fc7f0001 80020001 200a4004     .............@. 
    94a0:	06c01831 88080001 12488448 f0871248     1.......H.H.H...
    94b0:	00000000                                ....

000094b4 <tfont24>:
    94b4:	0000e3b9 00100000 00000c00 0800000c     ................
    94c4:	fcff0f08 08000008 00080000 00000800     ................
    94d4:	08000008 00080000 00000800 08000008     ................
    94e4:	00180000 00001000 10000010 00200000     .............. .
    94f4:	00002000 00000040 ddd60000 00000000     . ..@...........
    9504:	00000000 18000310 02100403 04021004     ................
    9514:	10040210 02100402 44121045 d0241290     ........E..D..$.
    9524:	32d02432 04021024 10040210 04100406     2$.2$...........
    9534:	04041004 10040810 10100408 00201000     .............. .
    9544:	00004018 0000d0ca 00200000 00001000     .@........ .....
    9554:	08000018 fcff3f08 00001800 18000018     .....?..........
    9564:	f0ff0700 04201804 18042018 20180420     ...... .. .. .. 
    9574:	04201804 18042018 20180420 04201804     .. .. .. .. .. .
    9584:	1804e018 00180040 00001000 d0d60000     ....@...........
	...
    95a0:	00001800 18000018 00180000 30feff3f     ............?..0
    95b0:	18300618 06183006 30061830 ff3f0618     ..0..0..0..0..?.
    95c0:	061830fe 00001800 18000018 00180000     .0..............
    95d0:	00001800 00000000 00000000 0000c4ce     ................
	...
    95e8:	1c000038 00060000 06ffffff 00063000     8............0..
    95f8:	60000330 01600003 c100c080 00e30080     0..`..`.........
    9608:	00003600 7700001c e0c10300 603c001e     .6.....w......<`
    9618:	00000700 00000000 00000000 e2b20000     ................
	...
    9634:	21030040 833933ff 33831133 c1339b01     @..!.39.3..3..3.
    9644:	9b71339b 339b1933 01339b01 9b11339b     .3q.3..3..3..3..
    9654:	33b31933 30333030 c630036c 03836303     3..30030l.0..c..
    9664:	00be012e 00000000 00000000 0000d4ca     ................
	...
    967c:	00400000 ce0030d8 1cc20018 ff01c000     ..@..0..........
    968c:	c00000ff 18c000f8 ff19c000 401818c0     ...............@
    969c:	19601818 181b6018 31181e61 39b11f1c     ..`..`..a..1...9
    96ac:	001019f0 0000000f 00000000 00000000     ................

000096bc <tfont32>:
    96bc:	0000d6d7 06000000 03000000 00000000     ................
    96cc:	010000c0 0100c0c0 0100c007 1f0200ff     ................
    96dc:	f00700fe c007001c 000f0070 030e00e0     ........p.......
    96ec:	0f1c00f0 0f3c00f0 003c0070 001800e0     ......<.p.<.....
    96fc:	000000c0 000000c0 000000c0 00000060     ............`...
    970c:	00000020 01000037 7f0000ff f80700f8      ...7...........
    971c:	801f0030 80000030 c0000030 60000030     0...0...0...0..`
    972c:	18000060 0f0000e0 060000c0 00000000     `...............
    973c:	e5cc0000 00000000 00000000 c0000000     ................
    974c:	e0000000 b8012000 f83f7000 c0ff6100     ..... ...p?..a..
    975c:	0003c300 0006c601 00068c03 000c0803     ................
    976c:	000c0806 3f18180e f31b101e 073f901f     .......?......?.
    977c:	1c3c8000 7c709001 fe609001 f8c3a001     ..<...p|..`.....
    978c:	d80fa001 1808a003 18006003 18004003     .........`...@..
    979c:	1800c003 18008003 18000003 18000000     ................
    97ac:	10000000 30000000 30000000 00000000     .......0...0....
    97bc:	00000000 0000e2b2 00000000 00000000     ................
    97cc:	00000000 0c020000 1f070810 bf0304f8     ................
    97dc:	bc0102f0 ec030330 5c010330 d8000360     ....0...0..\`...
    97ec:	d8000360 98800360 b8610362 b1710743     `...`...b.a.C.q.
    97fc:	32310643 76330643 643a06c3 ec3e06c7     C.12C.3v..:d..>.
    980c:	783e06c0 303c06c0 707c0640 e0780600     ..>x..<0@.|p..x.
    981c:	ff7b0660 c0f706f0 00e40600 00400600     `.{...........@.
    982c:	00000600 00000600 00007c00 0000f08f     .........|......
    983c:	0000007c d4ca0000 00000000 00000000     |...............
    984c:	00000000 003f0000 807f0000 80010000     ......?.........
    985c:	c0000000 c0000000 ce000000 cf008003     ................
    986c:	dd00c0ff fe0f8041 fcff0700 f0000c00     ....A...........
    987c:	c00f1800 40ff193e 60bc11f3 e07f3083     ....>..@...`.0..
    988c:	20feb103 20803303 30007003 10006003     ... .3. .p.0.`..
    989c:	18006003 0c00c007 0400c007 02008007     .`..............
    98ac:	03000001 01000000 00000000 00000000     ................
	...
    98c4:	00005441 432b5441 444f4d57 00313d45     AT..AT+CWMODE=1.
    98d4:	432b5441 50414a57 7325223d 25222c22     AT+CWJAP="%s","%
    98e4:	00002273 38505345 3a363632 46695720     s"..ESP8266: WiF
    98f4:	6f632069 63656e6e 41462074 000d4c49     i connect FAIL..
    9904:	38505345 3a363632 46695720 6f632069     ESP8266: WiFi co
    9914:	63656e6e 0d646574 00000000 432b5441     nnected.....AT+C
    9924:	52534649 00000a0d 4649432b 533a5253     IFSR....+CIFSR:S
    9934:	50494154 0000222c 38505345 3a363632     TAIP,"..ESP8266:
    9944:	41535520 20325452 74696e69 35313120      USART2 init 115
    9954:	0d303032 00000000 4e656e4f 203a5445     200.....OneNET: 
    9964:	73726570 65747369 4d20746e 20545451     persistent MQTT 
    9974:	696c6e6f 000d656e 4e656e4f 203a5445     online..OneNET: 
    9984:	4e4e4f43 20544345 646e6573 49414620     CONNECT send FAI
    9994:	00000d4c 4e656e4f 203a5445 43206f6e     L...OneNET: no C
    99a4:	414e4e4f 000d4b43 4e656e4f 203a5445     ONNACK..OneNET: 
    99b4:	4c425550 20485349 646e6573 49414620     PUBLISH send FAI
    99c4:	00000d4c 00004b4f 432b5441 4c435049     L...OK..AT+CIPCL
    99d4:	0045534f 432b5441 554d5049 00303d58     OSE.AT+CIPMUX=0.
    99e4:	432b5441 54535049 3d545241 50435422     AT+CIPSTART="TCP
    99f4:	25222c22 252c2273 00000064 4e4e4f43     ","%s",%d...CONN
    9a04:	00544345 38505345 3a363632 50435420     ECT.ESP8266: TCP
    9a14:	3a732520 46206425 0d4c4941 0000000a      %s:%d FAIL.....
    9a24:	38505345 3a363632 50435420 3a732520     ESP8266: TCP %s:
    9a34:	4f206425 000a0d4b 432b5441 45535049     %d OK...AT+CIPSE
    9a44:	253d444e 00000064 3230255b 00005d58     ND=%d...[%02X]..
    9a54:	444e4553 004b4f20 4f525245 00000052     SEND OK.ERROR...
    9a64:	53504943 20444e45 656d6974 0d74756f     CIPSEND timeout.
    9a74:	00000000 53504943 20444e45 27206f6e     ....CIPSEND no '
    9a84:	7220273e 64255b78 00203a5d 4450492b     >' rx[%d]: .+IPD
    9a94:	0000342c 4f432020 43414e4e 6e203a4b     ,4..  CONNACK: n
    9aa4:	6620746f 646e756f 0000000d 4f432020     ot found....  CO
    9ab4:	43414e4e 25203a4b 20583230 58323025     NNACK: %02X %02X
    9ac4:	32302520 30252058 00005832 63412820      %02X %02X.. (Ac
    9ad4:	74706563 0d296465 00000000 61422820     cepted)..... (Ba
    9ae4:	73752064 616e7265 702f656d 77737361     d username/passw
    9af4:	2164726f 00000d29 6f4e2820 75612074     ord!)... (Not au
    9b04:	726f6874 64657a69 000d2921 65522820     thorized!).. (Re
    9b14:	7463656a 63206465 3d65646f 0d296425     jected code=%d).
    9b24:	0000000a 6e752820 776f6e6b 000d296e     .... (unknown)..
    9b34:	3dcccccd 37314842 203a3035 74696e69     ...=BH1750: init
    9b44:	6e6f6420 00000d65 3f99999a fefa39ef      done......?.9..
    9b54:	40862e42 e0000000 47efffff 00000000     B..@.......G....
    9b64:	7ff00000 d52d3051 c0874910 00707865     ....Q0-..I..exp.
    9b74:	00000000 8800759c 7e37e43c 652b82fe     .....u..<.7~..+e
    9b84:	3ff71547 fee00000 3fe62e42 35793c76     G..?....B..?v<y5
    9b94:	3dea39ef 72bea4d0 3e663769 c5d26bf1     .9.=...ri7f>.k..
    9ba4:	3ebbbd41 af25de2c 3f11566a 16bebd93     A..>,.%.jV.?....
    9bb4:	3f66c16c 5555553e 3fc55555 00000000     l.f?>UUUUU.?....
    9bc4:	3ff00000 00000000 40000000 00000000     ...?.......@....
    9bd4:	01700000                                ..p.

00009bd8 <halF>:
    9bd8:	00000000 3fe00000 00000000 bfe00000     .......?........

00009be8 <ln2HI>:
    9be8:	fee00000 3fe62e42 fee00000 bfe62e42     ....B..?....B...

00009bf8 <ln2LO>:
    9bf8:	35793c76 3dea39ef 35793c76 bdea39ef     v<y5.9.=v<y5.9..
    9c08:	ffffa71e ffffa5a2 ffffa6b2 ffffa6ba     ................
    9c18:	ffffa6b2 ffffa5d2 ffffa6b2 ffffa6ba     ................
    9c28:	ffffa5a2 ffffa5a2 ffffa5d2 ffffa6ba     ................
    9c38:	ffffa714 ffffa714 ffffa714 ffffa5d2     ................
    9c48:	ffffadc4 ffffacb6 ffffacb6 ffffacb4     ................
    9c58:	ffffacbc ffffacbc ffffac82 ffffacb4     ................
    9c68:	ffffacbc ffffac82 ffffacbc ffffacb4     ................
    9c78:	ffffadb0 ffffadb0 ffffadb0 ffffac82     ................
    9c88:	ffffbd64 ffffbc8e ffffbd5e ffffbc96     d.......^.......
    9c98:	ffffbd5e ffffbc5c ffffbd5e ffffbc96     ^...\...^.......
    9ca8:	ffffbc8e ffffbc8e ffffbc5c ffffbc96     ........\.......
    9cb8:	ffffbc9c ffffbc9c ffffbc9c ffffbc5c     ............\...
    9cc8:	ffffbc4e ffffbc4e ffffbd1e ffffbdfa     N...N...........
    9cd8:	ffffbd1e ffffbc1c ffffbd1e ffffbdfa     ................
    9ce8:	ffffbc4e ffffbc4e ffffbc1c ffffbdfa     N...N...........
    9cf8:	ffffbc5c ffffbc5c ffffbc5c ffffbc1c     \...\...\.......
    9d08:	ffffbfe2 ffffbf34 ffffbf34 ffffbf32     ....4...4...2...
    9d18:	ffffbf38 ffffbf38 ffffbf08 ffffbf32     8...8.......2...
    9d28:	ffffbf38 ffffbf08 ffffbf38 ffffbf32     8.......8...2...
    9d38:	ffffbfd0 ffffbfd0 ffffbfd0 ffffbf08     ................

00009d48 <__clz_tab>:
    9d48:	02020100 03030303 04040404 04040404     ................
    9d58:	05050505 05050505 05050505 05050505     ................
    9d68:	06060606 06060606 06060606 06060606     ................
    9d78:	06060606 06060606 06060606 06060606     ................
    9d88:	07070707 07070707 07070707 07070707     ................
    9d98:	07070707 07070707 07070707 07070707     ................
    9da8:	07070707 07070707 07070707 07070707     ................
    9db8:	07070707 07070707 07070707 07070707     ................
    9dc8:	08080808 08080808 08080808 08080808     ................
    9dd8:	08080808 08080808 08080808 08080808     ................
    9de8:	08080808 08080808 08080808 08080808     ................
    9df8:	08080808 08080808 08080808 08080808     ................
    9e08:	08080808 08080808 08080808 08080808     ................
    9e18:	08080808 08080808 08080808 08080808     ................
    9e28:	08080808 08080808 08080808 08080808     ................
    9e38:	08080808 08080808 08080808 08080808     ................

00009e48 <__sf_fake_stderr>:
	...

00009e68 <__sf_fake_stdin>:
	...

00009e88 <__sf_fake_stdout>:
	...
    9ea8:	2b302d23 00000020 004c6c68 45676665     #-0+ ...hlL.efgE
    9eb8:	00004746 33323130 37363534 42413938     FG..0123456789AB
    9ec8:	46454443 00000000 33323130 37363534     CDEF....01234567
    9ed8:	62613938 66656463 00000000              89abcdef....
